ISO-10303-21;
HEADER;
/* Generated by software containing ST-Developer
 * from STEP Tools, Inc. (www.steptools.com) 
 */

FILE_DESCRIPTION(
/* description */ (''),
/* implementation_level */ '2;1');

FILE_NAME(
/* name */ 'ADOKOUM_PorteCle.step',
/* time_stamp */ '2026-09-01T12:04:13Z',
/* author */ (''),
/* organization */ (''),
/* preprocessor_version */ 'ST-DEVELOPER v20.1',
/* originating_system */ 'Autodesk Translation Framework v15.8.0.0',
/* authorisation */ '');

FILE_SCHEMA (('AUTOMOTIVE_DESIGN { 1 0 10303 214 3 1 1 }'));
ENDSEC;

DATA;
#10=MECHANICAL_DESIGN_GEOMETRIC_PRESENTATION_REPRESENTATION('',(#13),#9580);
#11=SHAPE_REPRESENTATION_RELATIONSHIP('SRR','None',#9587,#12);
#12=ADVANCED_BREP_SHAPE_REPRESENTATION('',(#14),#9579);
#13=STYLED_ITEM('',(#9596),#14);
#14=MANIFOLD_SOLID_BREP('Corps1',#4915);
#15=B_SPLINE_SURFACE_WITH_KNOTS('',3,1,((#6700,#6701),(#6702,#6703),(#6704,
#6705),(#6706,#6707),(#6708,#6709)),.UNSPECIFIED.,.F.,.F.,.F.,(4,1,4),(2,
2),(0.,0.0250682889070284,0.0635539139160548),(0.,0.2),.UNSPECIFIED.);
#16=B_SPLINE_SURFACE_WITH_KNOTS('',3,1,((#6723,#6724),(#6725,#6726),(#6727,
#6728),(#6729,#6730),(#6731,#6732)),.UNSPECIFIED.,.F.,.F.,.F.,(4,1,4),(2,
2),(0.,0.0294424337960942,0.0562367448823432),(0.,0.2),.UNSPECIFIED.);
#17=B_SPLINE_SURFACE_WITH_KNOTS('',3,1,((#6746,#6747),(#6748,#6749),(#6750,
#6751),(#6752,#6753),(#6754,#6755)),.UNSPECIFIED.,.F.,.F.,.F.,(4,1,4),(2,
2),(0.,0.0467963842118191,0.0825902719123055),(0.,0.2),.UNSPECIFIED.);
#18=B_SPLINE_SURFACE_WITH_KNOTS('',3,1,((#6769,#6770),(#6771,#6772),(#6773,
#6774),(#6775,#6776),(#6777,#6778)),.UNSPECIFIED.,.F.,.F.,.F.,(4,1,4),(2,
2),(0.,0.0525084523331195,0.111061901008637),(0.,0.2),.UNSPECIFIED.);
#19=B_SPLINE_SURFACE_WITH_KNOTS('',3,1,((#6792,#6793),(#6794,#6795),(#6796,
#6797),(#6798,#6799),(#6800,#6801)),.UNSPECIFIED.,.F.,.F.,.F.,(4,1,4),(2,
2),(0.,0.042672824961796,0.0901607480260325),(0.,0.2),.UNSPECIFIED.);
#20=B_SPLINE_SURFACE_WITH_KNOTS('',3,1,((#6815,#6816),(#6817,#6818),(#6819,
#6820),(#6821,#6822),(#6823,#6824)),.UNSPECIFIED.,.F.,.F.,.F.,(4,1,4),(2,
2),(0.,0.0263245037498313,0.0537415255109641),(0.,0.2),.UNSPECIFIED.);
#21=B_SPLINE_SURFACE_WITH_KNOTS('',3,1,((#6838,#6839),(#6840,#6841),(#6842,
#6843),(#6844,#6845),(#6846,#6847)),.UNSPECIFIED.,.F.,.F.,.F.,(4,1,4),(2,
2),(0.,0.0488460592285031,0.0824686081650046),(0.,0.2),.UNSPECIFIED.);
#22=B_SPLINE_SURFACE_WITH_KNOTS('',3,1,((#6870,#6871),(#6872,#6873),(#6874,
#6875),(#6876,#6877),(#6878,#6879)),.UNSPECIFIED.,.F.,.F.,.F.,(4,1,4),(2,
2),(0.,0.0410593610807054,0.0989854036621173),(0.,0.2),.UNSPECIFIED.);
#23=B_SPLINE_SURFACE_WITH_KNOTS('',3,1,((#6889,#6890),(#6891,#6892),(#6893,
#6894),(#6895,#6896),(#6897,#6898)),.UNSPECIFIED.,.F.,.F.,.F.,(4,1,4),(2,
2),(0.,0.0479787615647455,0.102256782108531),(0.,0.2),.UNSPECIFIED.);
#24=B_SPLINE_SURFACE_WITH_KNOTS('',3,1,((#6906,#6907),(#6908,#6909),(#6910,
#6911),(#6912,#6913),(#6914,#6915)),.UNSPECIFIED.,.F.,.F.,.F.,(4,1,4),(2,
2),(0.,0.0660740020814647,0.126909839003381),(0.,0.2),.UNSPECIFIED.);
#25=B_SPLINE_SURFACE_WITH_KNOTS('',3,1,((#6923,#6924),(#6925,#6926),(#6927,
#6928),(#6929,#6930),(#6931,#6932)),.UNSPECIFIED.,.F.,.F.,.F.,(4,1,4),(2,
2),(0.,0.0766598034391678,0.147685374683628),(0.,0.2),.UNSPECIFIED.);
#26=B_SPLINE_SURFACE_WITH_KNOTS('',3,1,((#6940,#6941),(#6942,#6943),(#6944,
#6945),(#6946,#6947),(#6948,#6949)),.UNSPECIFIED.,.F.,.F.,.F.,(4,1,4),(2,
2),(0.,0.0335603006109062,0.069638538611326),(0.,0.2),.UNSPECIFIED.);
#27=B_SPLINE_SURFACE_WITH_KNOTS('',3,1,((#6957,#6958),(#6959,#6960),(#6961,
#6962),(#6963,#6964),(#6965,#6966)),.UNSPECIFIED.,.F.,.F.,.F.,(4,1,4),(2,
2),(0.,0.0290381749300516,0.0602372161761944),(0.,0.2),.UNSPECIFIED.);
#28=B_SPLINE_SURFACE_WITH_KNOTS('',3,1,((#6974,#6975),(#6976,#6977),(#6978,
#6979),(#6980,#6981),(#6982,#6983)),.UNSPECIFIED.,.F.,.F.,.F.,(4,1,4),(2,
2),(0.,0.0265601374980293,0.0540612607030386),(0.,0.2),.UNSPECIFIED.);
#29=B_SPLINE_SURFACE_WITH_KNOTS('',3,1,((#6991,#6992),(#6993,#6994),(#6995,
#6996),(#6997,#6998),(#6999,#7000)),.UNSPECIFIED.,.F.,.F.,.F.,(4,1,4),(2,
2),(0.,0.025949378506401,0.0519840478432971),(0.,0.2),.UNSPECIFIED.);
#30=B_SPLINE_SURFACE_WITH_KNOTS('',3,1,((#7008,#7009),(#7010,#7011),(#7012,
#7013),(#7014,#7015),(#7016,#7017)),.UNSPECIFIED.,.F.,.F.,.F.,(4,1,4),(2,
2),(0.,0.0297461215166818,0.0569751451185998),(0.,0.2),.UNSPECIFIED.);
#31=B_SPLINE_SURFACE_WITH_KNOTS('',3,1,((#7025,#7026),(#7027,#7028),(#7029,
#7030),(#7031,#7032),(#7033,#7034)),.UNSPECIFIED.,.F.,.F.,.F.,(4,1,4),(2,
2),(0.,0.04613089864809,0.0719981114664427),(0.,0.2),.UNSPECIFIED.);
#32=B_SPLINE_SURFACE_WITH_KNOTS('',3,1,((#7102,#7103),(#7104,#7105),(#7106,
#7107),(#7108,#7109),(#7110,#7111)),.UNSPECIFIED.,.F.,.F.,.F.,(4,1,4),(2,
2),(0.,0.0212934933753251,0.0632156860204068),(0.,0.2),.UNSPECIFIED.);
#33=B_SPLINE_SURFACE_WITH_KNOTS('',3,1,((#7121,#7122),(#7123,#7124),(#7125,
#7126),(#7127,#7128),(#7129,#7130)),.UNSPECIFIED.,.F.,.F.,.F.,(4,1,4),(2,
2),(0.,0.0145926359064951,0.0304682080970767),(0.,0.2),.UNSPECIFIED.);
#34=B_SPLINE_SURFACE_WITH_KNOTS('',3,1,((#7138,#7139),(#7140,#7141),(#7142,
#7143),(#7144,#7145),(#7146,#7147)),.UNSPECIFIED.,.F.,.F.,.F.,(4,1,4),(2,
2),(0.,0.0600121980631582,0.122196101176072),(0.,0.2),.UNSPECIFIED.);
#35=B_SPLINE_SURFACE_WITH_KNOTS('',3,1,((#7155,#7156),(#7157,#7158),(#7159,
#7160),(#7161,#7162),(#7163,#7164)),.UNSPECIFIED.,.F.,.F.,.F.,(4,1,4),(2,
2),(0.,0.0778194948043504,0.142904391213287),(0.,0.2),.UNSPECIFIED.);
#36=B_SPLINE_SURFACE_WITH_KNOTS('',3,1,((#7172,#7173),(#7174,#7175),(#7176,
#7177),(#7178,#7179),(#7180,#7181)),.UNSPECIFIED.,.F.,.F.,.F.,(4,1,4),(2,
2),(0.,0.0581723357701497,0.125233956561036),(0.,0.2),.UNSPECIFIED.);
#37=B_SPLINE_SURFACE_WITH_KNOTS('',3,1,((#7189,#7190),(#7191,#7192),(#7193,
#7194),(#7195,#7196),(#7197,#7198)),.UNSPECIFIED.,.F.,.F.,.F.,(4,1,4),(2,
2),(0.,0.0509178413869065,0.10403776994967),(0.,0.2),.UNSPECIFIED.);
#38=B_SPLINE_SURFACE_WITH_KNOTS('',3,1,((#7206,#7207),(#7208,#7209),(#7210,
#7211),(#7212,#7213),(#7214,#7215)),.UNSPECIFIED.,.F.,.F.,.F.,(4,1,4),(2,
2),(0.,0.0785852150576654,0.138673501000456),(0.,0.2),.UNSPECIFIED.);
#39=B_SPLINE_SURFACE_WITH_KNOTS('',3,1,((#7235,#7236),(#7237,#7238),(#7239,
#7240),(#7241,#7242),(#7243,#7244)),.UNSPECIFIED.,.F.,.F.,.F.,(4,1,4),(2,
2),(0.,0.0395929920372937,0.0977273173320638),(0.,0.2),.UNSPECIFIED.);
#40=B_SPLINE_SURFACE_WITH_KNOTS('',3,1,((#7252,#7253),(#7254,#7255),(#7256,
#7257),(#7258,#7259),(#7260,#7261)),.UNSPECIFIED.,.F.,.F.,.F.,(4,1,4),(2,
2),(0.,0.0276450866108288,0.0566857049513949),(0.,0.2),.UNSPECIFIED.);
#41=B_SPLINE_SURFACE_WITH_KNOTS('',3,1,((#7269,#7270),(#7271,#7272),(#7273,
#7274),(#7275,#7276),(#7277,#7278)),.UNSPECIFIED.,.F.,.F.,.F.,(4,1,4),(2,
2),(0.,0.0341153786644841,0.0635060900277497),(0.,0.2),.UNSPECIFIED.);
#42=B_SPLINE_SURFACE_WITH_KNOTS('',3,1,((#7286,#7287),(#7288,#7289),(#7290,
#7291),(#7292,#7293),(#7294,#7295)),.UNSPECIFIED.,.F.,.F.,.F.,(4,1,4),(2,
2),(0.,0.0302380760518867,0.0669215295050427),(0.,0.2),.UNSPECIFIED.);
#43=B_SPLINE_SURFACE_WITH_KNOTS('',3,1,((#7303,#7304),(#7305,#7306),(#7307,
#7308),(#7309,#7310),(#7311,#7312)),.UNSPECIFIED.,.F.,.F.,.F.,(4,1,4),(2,
2),(0.,0.0276081018431199,0.0548507772263109),(0.,0.2),.UNSPECIFIED.);
#44=B_SPLINE_SURFACE_WITH_KNOTS('',3,1,((#7320,#7321),(#7322,#7323),(#7324,
#7325),(#7326,#7327),(#7328,#7329)),.UNSPECIFIED.,.F.,.F.,.F.,(4,1,4),(2,
2),(0.,0.00833386237862812,0.0161005626066653),(0.,0.2),.UNSPECIFIED.);
#45=B_SPLINE_SURFACE_WITH_KNOTS('',3,1,((#7362,#7363),(#7364,#7365),(#7366,
#7367),(#7368,#7369),(#7370,#7371)),.UNSPECIFIED.,.F.,.F.,.F.,(4,1,4),(2,
2),(0.,0.034173051348951,0.0898465222875018),(0.,0.2),.UNSPECIFIED.);
#46=B_SPLINE_SURFACE_WITH_KNOTS('',3,1,((#7379,#7380),(#7381,#7382),(#7383,
#7384),(#7385,#7386),(#7387,#7388)),.UNSPECIFIED.,.F.,.F.,.F.,(4,1,4),(2,
2),(0.,0.0314609249712179,0.0636228813667956),(0.,0.2),.UNSPECIFIED.);
#47=B_SPLINE_SURFACE_WITH_KNOTS('',3,1,((#7396,#7397),(#7398,#7399),(#7400,
#7401),(#7402,#7403),(#7404,#7405)),.UNSPECIFIED.,.F.,.F.,.F.,(4,1,4),(2,
2),(0.,0.0231265898466692,0.0516258468502918),(0.,0.2),.UNSPECIFIED.);
#48=B_SPLINE_SURFACE_WITH_KNOTS('',3,1,((#7413,#7414),(#7415,#7416),(#7417,
#7418),(#7419,#7420),(#7421,#7422)),.UNSPECIFIED.,.F.,.F.,.F.,(4,1,4),(2,
2),(0.,0.0155152878563533,0.0333264190834354),(0.,0.2),.UNSPECIFIED.);
#49=B_SPLINE_SURFACE_WITH_KNOTS('',3,1,((#7430,#7431),(#7432,#7433),(#7434,
#7435),(#7436,#7437),(#7438,#7439)),.UNSPECIFIED.,.F.,.F.,.F.,(4,1,4),(2,
2),(0.,0.0169823655693483,0.0322009809607356),(0.,0.2),.UNSPECIFIED.);
#50=B_SPLINE_SURFACE_WITH_KNOTS('',3,1,((#7447,#7448),(#7449,#7450),(#7451,
#7452),(#7453,#7454),(#7455,#7456)),.UNSPECIFIED.,.F.,.F.,.F.,(4,1,4),(2,
2),(0.,0.0374411211685,0.0557590348695125),(0.,0.2),.UNSPECIFIED.);
#51=B_SPLINE_SURFACE_WITH_KNOTS('',3,1,((#7476,#7477),(#7478,#7479),(#7480,
#7481),(#7482,#7483),(#7484,#7485)),.UNSPECIFIED.,.F.,.F.,.F.,(4,1,4),(2,
2),(0.,0.0277690853432532,0.0732389338981577),(0.,0.2),.UNSPECIFIED.);
#52=B_SPLINE_SURFACE_WITH_KNOTS('',3,1,((#7493,#7494),(#7495,#7496),(#7497,
#7498),(#7499,#7500),(#7501,#7502)),.UNSPECIFIED.,.F.,.F.,.F.,(4,1,4),(2,
2),(0.,0.0354755772191014,0.0741293640303368),(0.,0.2),.UNSPECIFIED.);
#53=B_SPLINE_SURFACE_WITH_KNOTS('',3,1,((#7510,#7511),(#7512,#7513),(#7514,
#7515),(#7516,#7517),(#7518,#7519)),.UNSPECIFIED.,.F.,.F.,.F.,(4,1,4),(2,
2),(0.,0.0404559054672767,0.0764731553525355),(0.,0.2),.UNSPECIFIED.);
#54=B_SPLINE_SURFACE_WITH_KNOTS('',3,1,((#7527,#7528),(#7529,#7530),(#7531,
#7532),(#7533,#7534),(#7535,#7536)),.UNSPECIFIED.,.F.,.F.,.F.,(4,1,4),(2,
2),(0.,0.0324446558158999,0.0652152468920497),(0.,0.2),.UNSPECIFIED.);
#55=B_SPLINE_SURFACE_WITH_KNOTS('',3,1,((#7544,#7545),(#7546,#7547),(#7548,
#7549),(#7550,#7551),(#7552,#7553)),.UNSPECIFIED.,.F.,.F.,.F.,(4,1,4),(2,
2),(0.,0.0423363904095426,0.078031921260436),(0.,0.2),.UNSPECIFIED.);
#56=B_SPLINE_SURFACE_WITH_KNOTS('',3,1,((#7606,#7607),(#7608,#7609),(#7610,
#7611),(#7612,#7613),(#7614,#7615)),.UNSPECIFIED.,.F.,.F.,.F.,(4,1,4),(2,
2),(0.,0.023478165749107,0.0555850909443393),(0.,0.2),.UNSPECIFIED.);
#57=B_SPLINE_SURFACE_WITH_KNOTS('',3,1,((#7632,#7633),(#7634,#7635),(#7636,
#7637),(#7638,#7639),(#7640,#7641)),.UNSPECIFIED.,.F.,.F.,.F.,(4,1,4),(2,
2),(0.,0.0210828043355029,0.0406845437338997),(0.,0.2),.UNSPECIFIED.);
#58=B_SPLINE_SURFACE_WITH_KNOTS('',3,1,((#7655,#7656),(#7657,#7658),(#7659,
#7660),(#7661,#7662),(#7663,#7664)),.UNSPECIFIED.,.F.,.F.,.F.,(4,1,4),(2,
2),(0.,0.0216965658196758,0.0434915105553943),(0.,0.2),.UNSPECIFIED.);
#59=B_SPLINE_SURFACE_WITH_KNOTS('',3,1,((#7678,#7679),(#7680,#7681),(#7682,
#7683),(#7684,#7685),(#7686,#7687)),.UNSPECIFIED.,.F.,.F.,.F.,(4,1,4),(2,
2),(0.,0.0167525079694118,0.0351507259065036),(0.,0.2),.UNSPECIFIED.);
#60=B_SPLINE_SURFACE_WITH_KNOTS('',3,1,((#7701,#7702),(#7703,#7704),(#7705,
#7706),(#7707,#7708),(#7709,#7710)),.UNSPECIFIED.,.F.,.F.,.F.,(4,1,4),(2,
2),(0.,0.0160282587079228,0.0320315259132547),(0.,0.2),.UNSPECIFIED.);
#61=B_SPLINE_SURFACE_WITH_KNOTS('',3,1,((#7724,#7725),(#7726,#7727),(#7728,
#7729),(#7730,#7731),(#7732,#7733)),.UNSPECIFIED.,.F.,.F.,.F.,(4,1,4),(2,
2),(0.,0.0187666087029702,0.037865228896897),(0.,0.2),.UNSPECIFIED.);
#62=B_SPLINE_SURFACE_WITH_KNOTS('',3,1,((#7747,#7748),(#7749,#7750),(#7751,
#7752),(#7753,#7754),(#7755,#7756)),.UNSPECIFIED.,.F.,.F.,.F.,(4,1,4),(2,
2),(0.,0.0618502713564246,0.100207949273511),(0.,0.2),.UNSPECIFIED.);
#63=B_SPLINE_SURFACE_WITH_KNOTS('',3,1,((#7770,#7771),(#7772,#7773),(#7774,
#7775),(#7776,#7777),(#7778,#7779)),.UNSPECIFIED.,.F.,.F.,.F.,(4,1,4),(2,
2),(0.,0.0105710285352692,0.0239580968737397),(0.,0.2),.UNSPECIFIED.);
#64=B_SPLINE_SURFACE_WITH_KNOTS('',3,1,((#7796,#7797),(#7798,#7799),(#7800,
#7801),(#7802,#7803),(#7804,#7805)),.UNSPECIFIED.,.F.,.F.,.F.,(4,1,4),(2,
2),(0.,0.0236439577166024,0.0433180395376837),(0.,0.2),.UNSPECIFIED.);
#65=B_SPLINE_SURFACE_WITH_KNOTS('',3,1,((#7815,#7816),(#7817,#7818),(#7819,
#7820),(#7821,#7822),(#7823,#7824)),.UNSPECIFIED.,.F.,.F.,.F.,(4,1,4),(2,
2),(0.,0.0175790563496417,0.0395666860082227),(0.,0.2),.UNSPECIFIED.);
#66=B_SPLINE_SURFACE_WITH_KNOTS('',3,1,((#7832,#7833),(#7834,#7835),(#7836,
#7837),(#7838,#7839),(#7840,#7841)),.UNSPECIFIED.,.F.,.F.,.F.,(4,1,4),(2,
2),(0.,0.0147512437065465,0.0299184059802919),(0.,0.2),.UNSPECIFIED.);
#67=B_SPLINE_SURFACE_WITH_KNOTS('',3,1,((#7849,#7850),(#7851,#7852),(#7853,
#7854),(#7855,#7856),(#7857,#7858)),.UNSPECIFIED.,.F.,.F.,.F.,(4,1,4),(2,
2),(0.,0.0189842941554238,0.0333909361879725),(0.,0.2),.UNSPECIFIED.);
#68=B_SPLINE_SURFACE_WITH_KNOTS('',3,1,((#7866,#7867),(#7868,#7869),(#7870,
#7871),(#7872,#7873),(#7874,#7875)),.UNSPECIFIED.,.F.,.F.,.F.,(4,1,4),(2,
2),(0.,0.0586715090978621,0.0946113520231141),(0.,0.2),.UNSPECIFIED.);
#69=B_SPLINE_SURFACE_WITH_KNOTS('',3,1,((#7883,#7884),(#7885,#7886),(#7887,
#7888),(#7889,#7890),(#7891,#7892)),.UNSPECIFIED.,.F.,.F.,.F.,(4,1,4),(2,
2),(0.,0.0513345516949246,0.122676176272102),(0.,0.2),.UNSPECIFIED.);
#70=B_SPLINE_SURFACE_WITH_KNOTS('',3,1,((#7900,#7901),(#7902,#7903),(#7904,
#7905),(#7906,#7907),(#7908,#7909)),.UNSPECIFIED.,.F.,.F.,.F.,(4,1,4),(2,
2),(0.,0.0473314113026731,0.0908920929862213),(0.,0.2),.UNSPECIFIED.);
#71=B_SPLINE_SURFACE_WITH_KNOTS('',3,1,((#7917,#7918),(#7919,#7920),(#7921,
#7922),(#7923,#7924),(#7925,#7926)),.UNSPECIFIED.,.F.,.F.,.F.,(4,1,4),(2,
2),(0.,0.0402635904897326,0.0830605558024712),(0.,0.2),.UNSPECIFIED.);
#72=B_SPLINE_SURFACE_WITH_KNOTS('',3,1,((#7934,#7935),(#7936,#7937),(#7938,
#7939),(#7940,#7941),(#7942,#7943)),.UNSPECIFIED.,.F.,.F.,.F.,(4,1,4),(2,
2),(0.,0.0417546760943632,0.0816972206239888),(0.,0.2),.UNSPECIFIED.);
#73=B_SPLINE_SURFACE_WITH_KNOTS('',3,1,((#7951,#7952),(#7953,#7954),(#7955,
#7956),(#7957,#7958),(#7959,#7960)),.UNSPECIFIED.,.F.,.F.,.F.,(4,1,4),(2,
2),(0.,0.0296472764400138,0.0580508576708672),(0.,0.2),.UNSPECIFIED.);
#74=B_SPLINE_SURFACE_WITH_KNOTS('',3,1,((#7968,#7969),(#7970,#7971),(#7972,
#7973),(#7974,#7975),(#7976,#7977)),.UNSPECIFIED.,.F.,.F.,.F.,(4,1,4),(2,
2),(0.,0.0312935065189393,0.0618928661538965),(0.,0.2),.UNSPECIFIED.);
#75=B_SPLINE_SURFACE_WITH_KNOTS('',3,1,((#7985,#7986),(#7987,#7988),(#7989,
#7990),(#7991,#7992),(#7993,#7994)),.UNSPECIFIED.,.F.,.F.,.F.,(4,1,4),(2,
2),(0.,0.0206620172312857,0.0416133193658827),(0.,0.2),.UNSPECIFIED.);
#76=B_SPLINE_SURFACE_WITH_KNOTS('',3,1,((#8006,#8007),(#8008,#8009),(#8010,
#8011),(#8012,#8013),(#8014,#8015)),.UNSPECIFIED.,.F.,.F.,.F.,(4,1,4),(2,
2),(0.,0.0245568128785561,0.0522744889608336),(0.,0.2),.UNSPECIFIED.);
#77=B_SPLINE_SURFACE_WITH_KNOTS('',3,1,((#8023,#8024),(#8025,#8026),(#8027,
#8028),(#8029,#8030),(#8031,#8032)),.UNSPECIFIED.,.F.,.F.,.F.,(4,1,4),(2,
2),(0.,0.0561197806468727,0.0919404488695795),(0.,0.2),.UNSPECIFIED.);
#78=B_SPLINE_SURFACE_WITH_KNOTS('',3,1,((#8040,#8041),(#8042,#8043),(#8044,
#8045),(#8046,#8047),(#8048,#8049)),.UNSPECIFIED.,.F.,.F.,.F.,(4,1,4),(2,
2),(0.,0.0340547967733101,0.0989700829589512),(0.,0.2),.UNSPECIFIED.);
#79=B_SPLINE_SURFACE_WITH_KNOTS('',3,1,((#8057,#8058),(#8059,#8060),(#8061,
#8062),(#8063,#8064),(#8065,#8066)),.UNSPECIFIED.,.F.,.F.,.F.,(4,1,4),(2,
2),(0.,0.0168982089419399,0.034935697187895),(0.,0.2),.UNSPECIFIED.);
#80=B_SPLINE_SURFACE_WITH_KNOTS('',3,1,((#8074,#8075),(#8076,#8077),(#8078,
#8079),(#8080,#8081),(#8082,#8083)),.UNSPECIFIED.,.F.,.F.,.F.,(4,1,4),(2,
2),(0.,0.0400622180692968,0.0784569378492305),(0.,0.2),.UNSPECIFIED.);
#81=B_SPLINE_SURFACE_WITH_KNOTS('',3,1,((#8091,#8092),(#8093,#8094),(#8095,
#8096),(#8097,#8098),(#8099,#8100)),.UNSPECIFIED.,.F.,.F.,.F.,(4,1,4),(2,
2),(0.,0.0612002081947291,0.108694208210894),(0.,0.2),.UNSPECIFIED.);
#82=B_SPLINE_SURFACE_WITH_KNOTS('',3,1,((#8108,#8109),(#8110,#8111),(#8112,
#8113),(#8114,#8115),(#8116,#8117)),.UNSPECIFIED.,.F.,.F.,.F.,(4,1,4),(2,
2),(0.,0.0515967944239342,0.112561057330059),(0.,0.2),.UNSPECIFIED.);
#83=B_SPLINE_SURFACE_WITH_KNOTS('',3,1,((#8125,#8126),(#8127,#8128),(#8129,
#8130),(#8131,#8132),(#8133,#8134)),.UNSPECIFIED.,.F.,.F.,.F.,(4,1,4),(2,
2),(0.,0.0486439927771519,0.0962074880942077),(0.,0.2),.UNSPECIFIED.);
#84=B_SPLINE_SURFACE_WITH_KNOTS('',3,1,((#8146,#8147),(#8148,#8149),(#8150,
#8151),(#8152,#8153),(#8154,#8155)),.UNSPECIFIED.,.F.,.F.,.F.,(4,1,4),(2,
2),(0.,0.0182091800389599,0.0374245543900997),(0.,0.2),.UNSPECIFIED.);
#85=B_SPLINE_SURFACE_WITH_KNOTS('',3,1,((#8162,#8163),(#8164,#8165),(#8166,
#8167),(#8168,#8169),(#8170,#8171)),.UNSPECIFIED.,.F.,.F.,.F.,(4,1,4),(2,
2),(0.,0.0379942694641621,0.0779851214303333),(0.,0.2),.UNSPECIFIED.);
#86=B_SPLINE_SURFACE_WITH_KNOTS('',3,1,((#8188,#8189),(#8190,#8191),(#8192,
#8193),(#8194,#8195),(#8196,#8197)),.UNSPECIFIED.,.F.,.F.,.F.,(4,1,4),(2,
2),(0.,0.0293891187511606,0.0592717088554479),(0.,0.2),.UNSPECIFIED.);
#87=B_SPLINE_SURFACE_WITH_KNOTS('',3,1,((#8211,#8212),(#8213,#8214),(#8215,
#8216),(#8217,#8218),(#8219,#8220)),.UNSPECIFIED.,.F.,.F.,.F.,(4,1,4),(2,
2),(0.,0.0352722489664809,0.0664639550404984),(0.,0.2),.UNSPECIFIED.);
#88=B_SPLINE_SURFACE_WITH_KNOTS('',3,1,((#8234,#8235),(#8236,#8237),(#8238,
#8239),(#8240,#8241),(#8242,#8243)),.UNSPECIFIED.,.F.,.F.,.F.,(4,1,4),(2,
2),(0.,0.0372857140785732,0.0703322467254496),(0.,0.2),.UNSPECIFIED.);
#89=B_SPLINE_SURFACE_WITH_KNOTS('',3,1,((#8257,#8258),(#8259,#8260),(#8261,
#8262),(#8263,#8264),(#8265,#8266)),.UNSPECIFIED.,.F.,.F.,.F.,(4,1,4),(2,
2),(0.,0.0324750073192274,0.069234466750481),(0.,0.2),.UNSPECIFIED.);
#90=B_SPLINE_SURFACE_WITH_KNOTS('',3,1,((#8280,#8281),(#8282,#8283),(#8284,
#8285),(#8286,#8287),(#8288,#8289)),.UNSPECIFIED.,.F.,.F.,.F.,(4,1,4),(2,
2),(0.,0.0303272578750259,0.0605020182466736),(0.,0.2),.UNSPECIFIED.);
#91=B_SPLINE_SURFACE_WITH_KNOTS('',3,1,((#8303,#8304),(#8305,#8306),(#8307,
#8308),(#8309,#8310),(#8311,#8312)),.UNSPECIFIED.,.F.,.F.,.F.,(4,1,4),(2,
2),(0.,0.0280597836236575,0.0576465006634953),(0.,0.2),.UNSPECIFIED.);
#92=B_SPLINE_SURFACE_WITH_KNOTS('',3,1,((#8326,#8327),(#8328,#8329),(#8330,
#8331),(#8332,#8333),(#8334,#8335)),.UNSPECIFIED.,.F.,.F.,.F.,(4,1,4),(2,
2),(0.,0.0317433908811854,0.0605254823586079),(0.,0.2),.UNSPECIFIED.);
#93=B_SPLINE_SURFACE_WITH_KNOTS('',3,1,((#8349,#8350),(#8351,#8352),(#8353,
#8354),(#8355,#8356),(#8357,#8358)),.UNSPECIFIED.,.F.,.F.,.F.,(4,1,4),(2,
2),(0.,0.0614222237193592,0.126780784281839),(0.,0.2),.UNSPECIFIED.);
#94=B_SPLINE_SURFACE_WITH_KNOTS('',3,1,((#8369,#8370),(#8371,#8372),(#8373,
#8374),(#8375,#8376),(#8377,#8378)),.UNSPECIFIED.,.F.,.F.,.F.,(4,1,4),(2,
2),(0.,0.042472920075982,0.0837603302727216),(0.,0.2),.UNSPECIFIED.);
#95=B_SPLINE_SURFACE_WITH_KNOTS('',3,1,((#8388,#8389),(#8390,#8391),(#8392,
#8393),(#8394,#8395),(#8396,#8397)),.UNSPECIFIED.,.F.,.F.,.F.,(4,1,4),(2,
2),(0.,0.0485309786310033,0.0936820289484232),(0.,0.2),.UNSPECIFIED.);
#96=B_SPLINE_SURFACE_WITH_KNOTS('',3,1,((#8405,#8406),(#8407,#8408),(#8409,
#8410),(#8411,#8412),(#8413,#8414)),.UNSPECIFIED.,.F.,.F.,.F.,(4,1,4),(2,
2),(0.,0.0815207552970135,0.167945430455107),(0.,0.2),.UNSPECIFIED.);
#97=B_SPLINE_SURFACE_WITH_KNOTS('',3,1,((#8422,#8423),(#8424,#8425),(#8426,
#8427),(#8428,#8429),(#8430,#8431)),.UNSPECIFIED.,.F.,.F.,.F.,(4,1,4),(2,
2),(0.,0.0832236638155044,0.165039409434147),(0.,0.2),.UNSPECIFIED.);
#98=B_SPLINE_SURFACE_WITH_KNOTS('',3,1,((#8439,#8440),(#8441,#8442),(#8443,
#8444),(#8445,#8446),(#8447,#8448)),.UNSPECIFIED.,.F.,.F.,.F.,(4,1,4),(2,
2),(0.,0.0618323464670233,0.129832039087995),(0.,0.2),.UNSPECIFIED.);
#99=B_SPLINE_SURFACE_WITH_KNOTS('',3,1,((#8456,#8457),(#8458,#8459),(#8460,
#8461),(#8462,#8463),(#8464,#8465)),.UNSPECIFIED.,.F.,.F.,.F.,(4,1,4),(2,
2),(0.,0.0722168965110231,0.135399727963144),(0.,0.2),.UNSPECIFIED.);
#100=B_SPLINE_SURFACE_WITH_KNOTS('',3,1,((#8473,#8474),(#8475,#8476),(#8477,
#8478),(#8479,#8480),(#8481,#8482)),.UNSPECIFIED.,.F.,.F.,.F.,(4,1,4),(2,
2),(0.,0.0795706825161509,0.164418834669408),(0.,0.2),.UNSPECIFIED.);
#101=B_SPLINE_SURFACE_WITH_KNOTS('',3,1,((#8490,#8491),(#8492,#8493),(#8494,
#8495),(#8496,#8497),(#8498,#8499)),.UNSPECIFIED.,.F.,.F.,.F.,(4,1,4),(2,
2),(0.,0.0915323242340408,0.173510321158551),(0.,0.2),.UNSPECIFIED.);
#102=B_SPLINE_SURFACE_WITH_KNOTS('',3,1,((#8507,#8508),(#8509,#8510),(#8511,
#8512),(#8513,#8514),(#8515,#8516)),.UNSPECIFIED.,.F.,.F.,.F.,(4,1,4),(2,
2),(0.,0.0415252486105675,0.0834178929553096),(0.,0.2),.UNSPECIFIED.);
#103=B_SPLINE_SURFACE_WITH_KNOTS('',3,1,((#8541,#8542),(#8543,#8544),(#8545,
#8546),(#8547,#8548),(#8549,#8550)),.UNSPECIFIED.,.F.,.F.,.F.,(4,1,4),(2,
2),(0.,0.0266138650143494,0.0554676251117572),(0.,0.2),.UNSPECIFIED.);
#104=B_SPLINE_SURFACE_WITH_KNOTS('',3,1,((#8558,#8559),(#8560,#8561),(#8562,
#8563),(#8564,#8565),(#8566,#8567)),.UNSPECIFIED.,.F.,.F.,.F.,(4,1,4),(2,
2),(0.,0.0474938531522873,0.0791193288438009),(0.,0.2),.UNSPECIFIED.);
#105=B_SPLINE_SURFACE_WITH_KNOTS('',3,1,((#8694,#8695),(#8696,#8697),(#8698,
#8699),(#8700,#8701),(#8702,#8703)),.UNSPECIFIED.,.F.,.F.,.F.,(4,1,4),(2,
2),(0.,0.0705619182189603,0.146206601164088),(0.,0.2),.UNSPECIFIED.);
#106=B_SPLINE_SURFACE_WITH_KNOTS('',3,1,((#8720,#8721),(#8722,#8723),(#8724,
#8725),(#8726,#8727),(#8728,#8729)),.UNSPECIFIED.,.F.,.F.,.F.,(4,1,4),(2,
2),(0.,0.043996673191965,0.0895424945280182),(0.,0.2),.UNSPECIFIED.);
#107=B_SPLINE_SURFACE_WITH_KNOTS('',3,1,((#8743,#8744),(#8745,#8746),(#8747,
#8748),(#8749,#8750),(#8751,#8752)),.UNSPECIFIED.,.F.,.F.,.F.,(4,1,4),(2,
2),(0.,0.0532455267670194,0.0997397028784617),(0.,0.2),.UNSPECIFIED.);
#108=B_SPLINE_SURFACE_WITH_KNOTS('',3,1,((#8766,#8767),(#8768,#8769),(#8770,
#8771),(#8772,#8773),(#8774,#8775)),.UNSPECIFIED.,.F.,.F.,.F.,(4,1,4),(2,
2),(0.,0.0581618893664767,0.112116769637422),(0.,0.2),.UNSPECIFIED.);
#109=B_SPLINE_SURFACE_WITH_KNOTS('',3,1,((#8789,#8790),(#8791,#8792),(#8793,
#8794),(#8795,#8796),(#8797,#8798)),.UNSPECIFIED.,.F.,.F.,.F.,(4,1,4),(2,
2),(0.,0.0491996405853793,0.105561110666691),(0.,0.2),.UNSPECIFIED.);
#110=B_SPLINE_SURFACE_WITH_KNOTS('',3,1,((#8812,#8813),(#8814,#8815),(#8816,
#8817),(#8818,#8819),(#8820,#8821)),.UNSPECIFIED.,.F.,.F.,.F.,(4,1,4),(2,
2),(0.,0.0413729699522251,0.0856344257013017),(0.,0.2),.UNSPECIFIED.);
#111=B_SPLINE_SURFACE_WITH_KNOTS('',3,1,((#8835,#8836),(#8837,#8838),(#8839,
#8840),(#8841,#8842),(#8843,#8844)),.UNSPECIFIED.,.F.,.F.,.F.,(4,1,4),(2,
2),(0.,0.0447231604482244,0.0917485135674121),(0.,0.2),.UNSPECIFIED.);
#112=B_SPLINE_SURFACE_WITH_KNOTS('',3,1,((#8858,#8859),(#8860,#8861),(#8862,
#8863),(#8864,#8865),(#8866,#8867)),.UNSPECIFIED.,.F.,.F.,.F.,(4,1,4),(2,
2),(0.,0.0479683933382113,0.0934899696088543),(0.,0.2),.UNSPECIFIED.);
#113=B_SPLINE_SURFACE_WITH_KNOTS('',3,1,((#8881,#8882),(#8883,#8884),(#8885,
#8886),(#8887,#8888),(#8889,#8890)),.UNSPECIFIED.,.F.,.F.,.F.,(4,1,4),(2,
2),(0.,0.0817458809769658,0.163098675798662),(0.,0.2),.UNSPECIFIED.);
#114=B_SPLINE_SURFACE_WITH_KNOTS('',3,1,((#8901,#8902),(#8903,#8904),(#8905,
#8906),(#8907,#8908),(#8909,#8910)),.UNSPECIFIED.,.F.,.F.,.F.,(4,1,4),(2,
2),(0.,0.0538661049942741,0.104561558351147),(0.,0.2),.UNSPECIFIED.);
#115=B_SPLINE_SURFACE_WITH_KNOTS('',3,1,((#8920,#8921),(#8922,#8923),(#8924,
#8925),(#8926,#8927),(#8928,#8929)),.UNSPECIFIED.,.F.,.F.,.F.,(4,1,4),(2,
2),(0.,0.0647777139852848,0.122904225443434),(0.,0.2),.UNSPECIFIED.);
#116=B_SPLINE_SURFACE_WITH_KNOTS('',3,1,((#8937,#8938),(#8939,#8940),(#8941,
#8942),(#8943,#8944),(#8945,#8946)),.UNSPECIFIED.,.F.,.F.,.F.,(4,1,4),(2,
2),(0.,0.0742555577215876,0.151217880905989),(0.,0.2),.UNSPECIFIED.);
#117=B_SPLINE_SURFACE_WITH_KNOTS('',3,1,((#8954,#8955),(#8956,#8957),(#8958,
#8959),(#8960,#8961),(#8962,#8963)),.UNSPECIFIED.,.F.,.F.,.F.,(4,1,4),(2,
2),(0.,0.078796958996359,0.153691743496561),(0.,0.2),.UNSPECIFIED.);
#118=B_SPLINE_SURFACE_WITH_KNOTS('',3,1,((#8971,#8972),(#8973,#8974),(#8975,
#8976),(#8977,#8978),(#8979,#8980)),.UNSPECIFIED.,.F.,.F.,.F.,(4,1,4),(2,
2),(0.,0.0784006991950328,0.158687484929519),(0.,0.2),.UNSPECIFIED.);
#119=B_SPLINE_SURFACE_WITH_KNOTS('',3,1,((#8988,#8989),(#8990,#8991),(#8992,
#8993),(#8994,#8995),(#8996,#8997)),.UNSPECIFIED.,.F.,.F.,.F.,(4,1,4),(2,
2),(0.,0.0795445604513789,0.166503058975683),(0.,0.2),.UNSPECIFIED.);
#120=B_SPLINE_SURFACE_WITH_KNOTS('',3,1,((#9005,#9006),(#9007,#9008),(#9009,
#9010),(#9011,#9012),(#9013,#9014)),.UNSPECIFIED.,.F.,.F.,.F.,(4,1,4),(2,
2),(0.,0.0850880323244921,0.164017875646396),(0.,0.2),.UNSPECIFIED.);
#121=B_SPLINE_SURFACE_WITH_KNOTS('',3,1,((#9022,#9023),(#9024,#9025),(#9026,
#9027),(#9028,#9029),(#9030,#9031)),.UNSPECIFIED.,.F.,.F.,.F.,(4,1,4),(2,
2),(0.,0.0617021028191421,0.127563131705973),(0.,0.2),.UNSPECIFIED.);
#122=B_SPLINE_SURFACE_WITH_KNOTS('',3,1,((#9039,#9040),(#9041,#9042),(#9043,
#9044),(#9045,#9046),(#9047,#9048)),.UNSPECIFIED.,.F.,.F.,.F.,(4,1,4),(2,
2),(0.,0.059186466104345,0.11886373798631),(0.,0.2),.UNSPECIFIED.);
#123=B_SPLINE_SURFACE_WITH_KNOTS('',3,1,((#9056,#9057),(#9058,#9059),(#9060,
#9061),(#9062,#9063),(#9064,#9065)),.UNSPECIFIED.,.F.,.F.,.F.,(4,1,4),(2,
2),(0.,0.0652798670152088,0.126530307447917),(0.,0.2),.UNSPECIFIED.);
#124=B_SPLINE_SURFACE_WITH_KNOTS('',3,1,((#9073,#9074),(#9075,#9076),(#9077,
#9078),(#9079,#9080),(#9081,#9082)),.UNSPECIFIED.,.F.,.F.,.F.,(4,1,4),(2,
2),(0.,0.0456533248730158,0.0946002379058796),(0.,0.2),.UNSPECIFIED.);
#125=B_SPLINE_SURFACE_WITH_KNOTS('',3,1,((#9090,#9091),(#9092,#9093),(#9094,
#9095),(#9096,#9097),(#9098,#9099)),.UNSPECIFIED.,.F.,.F.,.F.,(4,1,4),(2,
2),(0.,0.0493904816771425,0.0971828859350743),(0.,0.2),.UNSPECIFIED.);
#126=B_SPLINE_SURFACE_WITH_KNOTS('',3,1,((#9106,#9107),(#9108,#9109),(#9110,
#9111),(#9112,#9113),(#9114,#9115)),.UNSPECIFIED.,.F.,.F.,.F.,(4,1,4),(2,
2),(0.,0.0705619182189603,0.146206601164088),(0.,0.2),.UNSPECIFIED.);
#127=B_SPLINE_SURFACE_WITH_KNOTS('',3,1,((#9132,#9133),(#9134,#9135),(#9136,
#9137),(#9138,#9139),(#9140,#9141)),.UNSPECIFIED.,.F.,.F.,.F.,(4,1,4),(2,
2),(0.,0.043996673191965,0.0895424945280182),(0.,0.2),.UNSPECIFIED.);
#128=B_SPLINE_SURFACE_WITH_KNOTS('',3,1,((#9155,#9156),(#9157,#9158),(#9159,
#9160),(#9161,#9162),(#9163,#9164)),.UNSPECIFIED.,.F.,.F.,.F.,(4,1,4),(2,
2),(0.,0.0532455445203339,0.0997396596367622),(0.,0.2),.UNSPECIFIED.);
#129=B_SPLINE_SURFACE_WITH_KNOTS('',3,1,((#9178,#9179),(#9180,#9181),(#9182,
#9183),(#9184,#9185),(#9186,#9187)),.UNSPECIFIED.,.F.,.F.,.F.,(4,1,4),(2,
2),(0.,0.0581618893664767,0.112116769637422),(0.,0.2),.UNSPECIFIED.);
#130=B_SPLINE_SURFACE_WITH_KNOTS('',3,1,((#9201,#9202),(#9203,#9204),(#9205,
#9206),(#9207,#9208),(#9209,#9210)),.UNSPECIFIED.,.F.,.F.,.F.,(4,1,4),(2,
2),(0.,0.0491998104077737,0.105561160379102),(0.,0.2),.UNSPECIFIED.);
#131=B_SPLINE_SURFACE_WITH_KNOTS('',3,1,((#9224,#9225),(#9226,#9227),(#9228,
#9229),(#9230,#9231),(#9232,#9233)),.UNSPECIFIED.,.F.,.F.,.F.,(4,1,4),(2,
2),(0.,0.0413732050667864,0.0856344497702388),(0.,0.2),.UNSPECIFIED.);
#132=B_SPLINE_SURFACE_WITH_KNOTS('',3,1,((#9247,#9248),(#9249,#9250),(#9251,
#9252),(#9253,#9254),(#9255,#9256)),.UNSPECIFIED.,.F.,.F.,.F.,(4,1,4),(2,
2),(0.,0.0447230636281023,0.09174841674729),(0.,0.2),.UNSPECIFIED.);
#133=B_SPLINE_SURFACE_WITH_KNOTS('',3,1,((#9270,#9271),(#9272,#9273),(#9274,
#9275),(#9276,#9277),(#9278,#9279)),.UNSPECIFIED.,.F.,.F.,.F.,(4,1,4),(2,
2),(0.,0.0479684128330898,0.0934899891037327),(0.,0.2),.UNSPECIFIED.);
#134=B_SPLINE_SURFACE_WITH_KNOTS('',3,1,((#9293,#9294),(#9295,#9296),(#9297,
#9298),(#9299,#9300),(#9301,#9302)),.UNSPECIFIED.,.F.,.F.,.F.,(4,1,4),(2,
2),(0.,0.0817458809769658,0.163098675798662),(0.,0.2),.UNSPECIFIED.);
#135=B_SPLINE_SURFACE_WITH_KNOTS('',3,1,((#9313,#9314),(#9315,#9316),(#9317,
#9318),(#9319,#9320),(#9321,#9322)),.UNSPECIFIED.,.F.,.F.,.F.,(4,1,4),(2,
2),(0.,0.0538661946265388,0.104561710740014),(0.,0.2),.UNSPECIFIED.);
#136=B_SPLINE_SURFACE_WITH_KNOTS('',3,1,((#9332,#9333),(#9334,#9335),(#9336,
#9337),(#9338,#9339),(#9340,#9341)),.UNSPECIFIED.,.F.,.F.,.F.,(4,1,4),(2,
2),(0.,0.064777832298008,0.122904234987841),(0.,0.2),.UNSPECIFIED.);
#137=B_SPLINE_SURFACE_WITH_KNOTS('',3,1,((#9349,#9350),(#9351,#9352),(#9353,
#9354),(#9355,#9356),(#9357,#9358)),.UNSPECIFIED.,.F.,.F.,.F.,(4,1,4),(2,
2),(0.,0.0742553395258581,0.151217780913823),(0.,0.2),.UNSPECIFIED.);
#138=B_SPLINE_SURFACE_WITH_KNOTS('',3,1,((#9366,#9367),(#9368,#9369),(#9370,
#9371),(#9372,#9373),(#9374,#9375)),.UNSPECIFIED.,.F.,.F.,.F.,(4,1,4),(2,
2),(0.,0.0787970253001916,0.153691718869676),(0.,0.2),.UNSPECIFIED.);
#139=B_SPLINE_SURFACE_WITH_KNOTS('',3,1,((#9383,#9384),(#9385,#9386),(#9387,
#9388),(#9389,#9390),(#9391,#9392)),.UNSPECIFIED.,.F.,.F.,.F.,(4,1,4),(2,
2),(0.,0.0784006991950328,0.1586875263284),(0.,0.2),.UNSPECIFIED.);
#140=B_SPLINE_SURFACE_WITH_KNOTS('',3,1,((#9400,#9401),(#9402,#9403),(#9404,
#9405),(#9406,#9407),(#9408,#9409)),.UNSPECIFIED.,.F.,.F.,.F.,(4,1,4),(2,
2),(0.,0.0795447530849952,0.166503212451304),(0.,0.2),.UNSPECIFIED.);
#141=B_SPLINE_SURFACE_WITH_KNOTS('',3,1,((#9417,#9418),(#9419,#9420),(#9421,
#9422),(#9423,#9424),(#9425,#9426)),.UNSPECIFIED.,.F.,.F.,.F.,(4,1,4),(2,
2),(0.,0.0850881498118495,0.164017893394376),(0.,0.2),.UNSPECIFIED.);
#142=B_SPLINE_SURFACE_WITH_KNOTS('',3,1,((#9434,#9435),(#9436,#9437),(#9438,
#9439),(#9440,#9441),(#9442,#9443)),.UNSPECIFIED.,.F.,.F.,.F.,(4,1,4),(2,
2),(0.,0.0617021028191421,0.127563131705973),(0.,0.2),.UNSPECIFIED.);
#143=B_SPLINE_SURFACE_WITH_KNOTS('',3,1,((#9451,#9452),(#9453,#9454),(#9455,
#9456),(#9457,#9458),(#9459,#9460)),.UNSPECIFIED.,.F.,.F.,.F.,(4,1,4),(2,
2),(0.,0.0591863849586814,0.118863656840646),(0.,0.2),.UNSPECIFIED.);
#144=B_SPLINE_SURFACE_WITH_KNOTS('',3,1,((#9468,#9469),(#9470,#9471),(#9472,
#9473),(#9474,#9475),(#9476,#9477)),.UNSPECIFIED.,.F.,.F.,.F.,(4,1,4),(2,
2),(0.,0.0652799071096765,0.126530408030858),(0.,0.2),.UNSPECIFIED.);
#145=B_SPLINE_SURFACE_WITH_KNOTS('',3,1,((#9485,#9486),(#9487,#9488),(#9489,
#9490),(#9491,#9492),(#9493,#9494)),.UNSPECIFIED.,.F.,.F.,.F.,(4,1,4),(2,
2),(0.,0.0456533161897724,0.0946002292226361),(0.,0.2),.UNSPECIFIED.);
#146=B_SPLINE_SURFACE_WITH_KNOTS('',3,1,((#9502,#9503),(#9504,#9505),(#9506,
#9507),(#9508,#9509),(#9510,#9511)),.UNSPECIFIED.,.F.,.F.,.F.,(4,1,4),(2,
2),(0.,0.0493904816771425,0.0971828735995474),(0.,0.2),.UNSPECIFIED.);
#147=FACE_BOUND('',#848,.T.);
#148=FACE_BOUND('',#849,.T.);
#149=FACE_BOUND('',#850,.T.);
#150=FACE_BOUND('',#851,.T.);
#151=FACE_BOUND('',#852,.T.);
#152=FACE_BOUND('',#853,.T.);
#153=FACE_BOUND('',#854,.T.);
#154=FACE_BOUND('',#855,.T.);
#155=FACE_BOUND('',#856,.T.);
#156=FACE_BOUND('',#857,.T.);
#157=FACE_BOUND('',#858,.T.);
#158=FACE_BOUND('',#859,.T.);
#159=FACE_BOUND('',#860,.T.);
#160=FACE_BOUND('',#861,.T.);
#161=FACE_BOUND('',#863,.T.);
#162=FACE_BOUND('',#888,.T.);
#163=FACE_BOUND('',#986,.T.);
#164=FACE_BOUND('',#1006,.T.);
#165=FACE_BOUND('',#1068,.T.);
#166=FACE_BOUND('',#1091,.T.);
#167=FACE_BOUND('',#1104,.T.);
#168=PLANE('',#4959);
#169=PLANE('',#4962);
#170=PLANE('',#4965);
#171=PLANE('',#4968);
#172=PLANE('',#4972);
#173=PLANE('',#4973);
#174=PLANE('',#4974);
#175=PLANE('',#4975);
#176=PLANE('',#4977);
#177=PLANE('',#4979);
#178=PLANE('',#4980);
#179=PLANE('',#4981);
#180=PLANE('',#4982);
#181=PLANE('',#4983);
#182=PLANE('',#4984);
#183=PLANE('',#4985);
#184=PLANE('',#4986);
#185=PLANE('',#4987);
#186=PLANE('',#4988);
#187=PLANE('',#4989);
#188=PLANE('',#4990);
#189=PLANE('',#4991);
#190=PLANE('',#4992);
#191=PLANE('',#4993);
#192=PLANE('',#4994);
#193=PLANE('',#4995);
#194=PLANE('',#4996);
#195=PLANE('',#4997);
#196=PLANE('',#4998);
#197=PLANE('',#4999);
#198=PLANE('',#5000);
#199=PLANE('',#5001);
#200=PLANE('',#5002);
#201=PLANE('',#5003);
#202=PLANE('',#5004);
#203=PLANE('',#5005);
#204=PLANE('',#5006);
#205=PLANE('',#5007);
#206=PLANE('',#5008);
#207=PLANE('',#5009);
#208=PLANE('',#5010);
#209=PLANE('',#5011);
#210=PLANE('',#5012);
#211=PLANE('',#5013);
#212=PLANE('',#5014);
#213=PLANE('',#5015);
#214=PLANE('',#5016);
#215=PLANE('',#5017);
#216=PLANE('',#5018);
#217=PLANE('',#5019);
#218=PLANE('',#5020);
#219=PLANE('',#5021);
#220=PLANE('',#5022);
#221=PLANE('',#5023);
#222=PLANE('',#5024);
#223=PLANE('',#5025);
#224=PLANE('',#5026);
#225=PLANE('',#5027);
#226=PLANE('',#5028);
#227=PLANE('',#5029);
#228=PLANE('',#5030);
#229=PLANE('',#5031);
#230=PLANE('',#5032);
#231=PLANE('',#5033);
#232=PLANE('',#5034);
#233=PLANE('',#5035);
#234=PLANE('',#5036);
#235=PLANE('',#5037);
#236=PLANE('',#5038);
#237=PLANE('',#5039);
#238=PLANE('',#5040);
#239=PLANE('',#5041);
#240=PLANE('',#5042);
#241=PLANE('',#5043);
#242=PLANE('',#5044);
#243=PLANE('',#5045);
#244=PLANE('',#5046);
#245=PLANE('',#5047);
#246=PLANE('',#5048);
#247=PLANE('',#5049);
#248=PLANE('',#5050);
#249=PLANE('',#5051);
#250=PLANE('',#5052);
#251=PLANE('',#5053);
#252=PLANE('',#5054);
#253=PLANE('',#5055);
#254=PLANE('',#5056);
#255=PLANE('',#5057);
#256=PLANE('',#5058);
#257=PLANE('',#5059);
#258=PLANE('',#5060);
#259=PLANE('',#5061);
#260=PLANE('',#5062);
#261=PLANE('',#5063);
#262=PLANE('',#5064);
#263=PLANE('',#5065);
#264=PLANE('',#5066);
#265=PLANE('',#5067);
#266=PLANE('',#5068);
#267=PLANE('',#5069);
#268=PLANE('',#5070);
#269=PLANE('',#5071);
#270=PLANE('',#5072);
#271=PLANE('',#5073);
#272=PLANE('',#5074);
#273=PLANE('',#5075);
#274=PLANE('',#5076);
#275=PLANE('',#5077);
#276=PLANE('',#5078);
#277=PLANE('',#5079);
#278=PLANE('',#5080);
#279=PLANE('',#5081);
#280=PLANE('',#5082);
#281=PLANE('',#5083);
#282=PLANE('',#5084);
#283=PLANE('',#5085);
#284=PLANE('',#5086);
#285=PLANE('',#5087);
#286=ELLIPSE('',#4955,4.89410238166664,1.);
#287=B_SPLINE_CURVE_WITH_KNOTS('',3,(#5887,#5888,#5889,#5890),
 .UNSPECIFIED.,.F.,.F.,(4,4),(0.146596021006952,0.154024699554459),
 .UNSPECIFIED.);
#288=B_SPLINE_CURVE_WITH_KNOTS('',3,(#5894,#5895,#5896,#5897,#5898,#5899),
 .UNSPECIFIED.,.F.,.F.,(4,2,4),(0.135687116405178,0.188121232894261,0.212423840994429),
 .UNSPECIFIED.);
#289=B_SPLINE_CURVE_WITH_KNOTS('',3,(#5901,#5902,#5903,#5904,#5905,#5906,
#5907,#5908),.UNSPECIFIED.,.F.,.F.,(4,2,2,4),(0.171333168976876,0.197903496036015,
0.233966818285124,0.265840417178823),.UNSPECIFIED.);
#290=B_SPLINE_CURVE_WITH_KNOTS('',3,(#5912,#5913,#5914,#5915),
 .UNSPECIFIED.,.F.,.F.,(4,4),(0.0580409639131823,0.0768742119809049),
 .UNSPECIFIED.);
#291=B_SPLINE_CURVE_WITH_KNOTS('',3,(#5924,#5925,#5926,#5927,#5928,#5929,
#5930,#5931,#5932,#5933),.UNSPECIFIED.,.F.,.F.,(4,2,2,2,4),(0.684053348667825,
0.709038686448073,0.738089942805022,0.778644766859428,0.866860182204599),
 .UNSPECIFIED.);
#292=B_SPLINE_CURVE_WITH_KNOTS('',3,(#6006,#6007,#6008,#6009,#6010),
 .UNSPECIFIED.,.F.,.F.,(4,1,4),(0.,0.0410593610807054,0.0989854036621173),
 .UNSPECIFIED.);
#293=B_SPLINE_CURVE_WITH_KNOTS('',3,(#6018,#6019,#6020,#6021,#6022),
 .UNSPECIFIED.,.F.,.F.,(4,1,4),(0.,0.04613089864809,0.0719981114664427),
 .UNSPECIFIED.);
#294=B_SPLINE_CURVE_WITH_KNOTS('',3,(#6024,#6025,#6026,#6027,#6028),
 .UNSPECIFIED.,.F.,.F.,(4,1,4),(0.,0.0297461215166818,0.0569751451185998),
 .UNSPECIFIED.);
#295=B_SPLINE_CURVE_WITH_KNOTS('',3,(#6030,#6031,#6032,#6033,#6034),
 .UNSPECIFIED.,.F.,.F.,(4,1,4),(0.,0.025949378506401,0.0519840478432971),
 .UNSPECIFIED.);
#296=B_SPLINE_CURVE_WITH_KNOTS('',3,(#6036,#6037,#6038,#6039,#6040),
 .UNSPECIFIED.,.F.,.F.,(4,1,4),(0.,0.0265601374980293,0.0540612607030386),
 .UNSPECIFIED.);
#297=B_SPLINE_CURVE_WITH_KNOTS('',3,(#6042,#6043,#6044,#6045,#6046),
 .UNSPECIFIED.,.F.,.F.,(4,1,4),(0.,0.0290381749300516,0.0602372161761944),
 .UNSPECIFIED.);
#298=B_SPLINE_CURVE_WITH_KNOTS('',3,(#6048,#6049,#6050,#6051,#6052),
 .UNSPECIFIED.,.F.,.F.,(4,1,4),(0.,0.0335603006109062,0.069638538611326),
 .UNSPECIFIED.);
#299=B_SPLINE_CURVE_WITH_KNOTS('',3,(#6054,#6055,#6056,#6057,#6058),
 .UNSPECIFIED.,.F.,.F.,(4,1,4),(0.,0.0766598034391678,0.147685374683628),
 .UNSPECIFIED.);
#300=B_SPLINE_CURVE_WITH_KNOTS('',3,(#6060,#6061,#6062,#6063,#6064),
 .UNSPECIFIED.,.F.,.F.,(4,1,4),(0.,0.0660740020814647,0.126909839003381),
 .UNSPECIFIED.);
#301=B_SPLINE_CURVE_WITH_KNOTS('',3,(#6065,#6066,#6067,#6068,#6069),
 .UNSPECIFIED.,.F.,.F.,(4,1,4),(0.,0.0479787615647455,0.102256782108531),
 .UNSPECIFIED.);
#302=B_SPLINE_CURVE_WITH_KNOTS('',3,(#6096,#6097,#6098,#6099,#6100),
 .UNSPECIFIED.,.F.,.F.,(4,1,4),(0.,0.0212934933753251,0.0632156860204068),
 .UNSPECIFIED.);
#303=B_SPLINE_CURVE_WITH_KNOTS('',3,(#6110,#6111,#6112,#6113,#6114),
 .UNSPECIFIED.,.F.,.F.,(4,1,4),(0.,0.00833386237862812,0.0161005626066653),
 .UNSPECIFIED.);
#304=B_SPLINE_CURVE_WITH_KNOTS('',3,(#6116,#6117,#6118,#6119,#6120),
 .UNSPECIFIED.,.F.,.F.,(4,1,4),(0.,0.0276081018431199,0.0548507772263109),
 .UNSPECIFIED.);
#305=B_SPLINE_CURVE_WITH_KNOTS('',3,(#6122,#6123,#6124,#6125,#6126),
 .UNSPECIFIED.,.F.,.F.,(4,1,4),(0.,0.0302380760518867,0.0669215295050427),
 .UNSPECIFIED.);
#306=B_SPLINE_CURVE_WITH_KNOTS('',3,(#6128,#6129,#6130,#6131,#6132),
 .UNSPECIFIED.,.F.,.F.,(4,1,4),(0.,0.0341153786644841,0.0635060900277497),
 .UNSPECIFIED.);
#307=B_SPLINE_CURVE_WITH_KNOTS('',3,(#6134,#6135,#6136,#6137,#6138),
 .UNSPECIFIED.,.F.,.F.,(4,1,4),(0.,0.0276450866108288,0.0566857049513949),
 .UNSPECIFIED.);
#308=B_SPLINE_CURVE_WITH_KNOTS('',3,(#6140,#6141,#6142,#6143,#6144),
 .UNSPECIFIED.,.F.,.F.,(4,1,4),(0.,0.0395929920372937,0.0977273173320638),
 .UNSPECIFIED.);
#309=B_SPLINE_CURVE_WITH_KNOTS('',3,(#6152,#6153,#6154,#6155,#6156),
 .UNSPECIFIED.,.F.,.F.,(4,1,4),(0.,0.0785852150576654,0.138673501000456),
 .UNSPECIFIED.);
#310=B_SPLINE_CURVE_WITH_KNOTS('',3,(#6158,#6159,#6160,#6161,#6162),
 .UNSPECIFIED.,.F.,.F.,(4,1,4),(0.,0.0509178413869065,0.10403776994967),
 .UNSPECIFIED.);
#311=B_SPLINE_CURVE_WITH_KNOTS('',3,(#6164,#6165,#6166,#6167,#6168),
 .UNSPECIFIED.,.F.,.F.,(4,1,4),(0.,0.0581723357701497,0.125233956561036),
 .UNSPECIFIED.);
#312=B_SPLINE_CURVE_WITH_KNOTS('',3,(#6170,#6171,#6172,#6173,#6174),
 .UNSPECIFIED.,.F.,.F.,(4,1,4),(0.,0.0778194948043504,0.142904391213287),
 .UNSPECIFIED.);
#313=B_SPLINE_CURVE_WITH_KNOTS('',3,(#6176,#6177,#6178,#6179,#6180),
 .UNSPECIFIED.,.F.,.F.,(4,1,4),(0.,0.0600121980631582,0.122196101176072),
 .UNSPECIFIED.);
#314=B_SPLINE_CURVE_WITH_KNOTS('',3,(#6181,#6182,#6183,#6184,#6185),
 .UNSPECIFIED.,.F.,.F.,(4,1,4),(0.,0.0145926359064951,0.0304682080970767),
 .UNSPECIFIED.);
#315=B_SPLINE_CURVE_WITH_KNOTS('',3,(#6196,#6197,#6198,#6199,#6200),
 .UNSPECIFIED.,.F.,.F.,(4,1,4),(0.,0.0423363904095426,0.078031921260436),
 .UNSPECIFIED.);
#316=B_SPLINE_CURVE_WITH_KNOTS('',3,(#6202,#6203,#6204,#6205,#6206),
 .UNSPECIFIED.,.F.,.F.,(4,1,4),(0.,0.0324446558158999,0.0652152468920497),
 .UNSPECIFIED.);
#317=B_SPLINE_CURVE_WITH_KNOTS('',3,(#6208,#6209,#6210,#6211,#6212),
 .UNSPECIFIED.,.F.,.F.,(4,1,4),(0.,0.0404559054672767,0.0764731553525355),
 .UNSPECIFIED.);
#318=B_SPLINE_CURVE_WITH_KNOTS('',3,(#6214,#6215,#6216,#6217,#6218),
 .UNSPECIFIED.,.F.,.F.,(4,1,4),(0.,0.0354755772191014,0.0741293640303368),
 .UNSPECIFIED.);
#319=B_SPLINE_CURVE_WITH_KNOTS('',3,(#6220,#6221,#6222,#6223,#6224),
 .UNSPECIFIED.,.F.,.F.,(4,1,4),(0.,0.0277690853432532,0.0732389338981577),
 .UNSPECIFIED.);
#320=B_SPLINE_CURVE_WITH_KNOTS('',3,(#6232,#6233,#6234,#6235,#6236),
 .UNSPECIFIED.,.F.,.F.,(4,1,4),(0.,0.0374411211685,0.0557590348695125),
 .UNSPECIFIED.);
#321=B_SPLINE_CURVE_WITH_KNOTS('',3,(#6238,#6239,#6240,#6241,#6242),
 .UNSPECIFIED.,.F.,.F.,(4,1,4),(0.,0.0169823655693483,0.0322009809607356),
 .UNSPECIFIED.);
#322=B_SPLINE_CURVE_WITH_KNOTS('',3,(#6244,#6245,#6246,#6247,#6248),
 .UNSPECIFIED.,.F.,.F.,(4,1,4),(0.,0.0155152878563533,0.0333264190834354),
 .UNSPECIFIED.);
#323=B_SPLINE_CURVE_WITH_KNOTS('',3,(#6250,#6251,#6252,#6253,#6254),
 .UNSPECIFIED.,.F.,.F.,(4,1,4),(0.,0.0231265898466692,0.0516258468502918),
 .UNSPECIFIED.);
#324=B_SPLINE_CURVE_WITH_KNOTS('',3,(#6256,#6257,#6258,#6259,#6260),
 .UNSPECIFIED.,.F.,.F.,(4,1,4),(0.,0.0314609249712179,0.0636228813667956),
 .UNSPECIFIED.);
#325=B_SPLINE_CURVE_WITH_KNOTS('',3,(#6262,#6263,#6264,#6265,#6266),
 .UNSPECIFIED.,.F.,.F.,(4,1,4),(0.,0.034173051348951,0.0898465222875018),
 .UNSPECIFIED.);
#326=B_SPLINE_CURVE_WITH_KNOTS('',3,(#6286,#6287,#6288,#6289,#6290),
 .UNSPECIFIED.,.F.,.F.,(4,1,4),(0.,0.0236439577166024,0.0433180395376837),
 .UNSPECIFIED.);
#327=B_SPLINE_CURVE_WITH_KNOTS('',3,(#6292,#6293,#6294,#6295,#6296),
 .UNSPECIFIED.,.F.,.F.,(4,1,4),(0.,0.0182091800389599,0.0374245543900997),
 .UNSPECIFIED.);
#328=B_SPLINE_CURVE_WITH_KNOTS('',3,(#6300,#6301,#6302,#6303,#6304),
 .UNSPECIFIED.,.F.,.F.,(4,1,4),(0.,0.0486439927771519,0.0962074880942077),
 .UNSPECIFIED.);
#329=B_SPLINE_CURVE_WITH_KNOTS('',3,(#6306,#6307,#6308,#6309,#6310),
 .UNSPECIFIED.,.F.,.F.,(4,1,4),(0.,0.0515967944239342,0.112561057330059),
 .UNSPECIFIED.);
#330=B_SPLINE_CURVE_WITH_KNOTS('',3,(#6312,#6313,#6314,#6315,#6316),
 .UNSPECIFIED.,.F.,.F.,(4,1,4),(0.,0.0612002081947291,0.108694208210894),
 .UNSPECIFIED.);
#331=B_SPLINE_CURVE_WITH_KNOTS('',3,(#6318,#6319,#6320,#6321,#6322),
 .UNSPECIFIED.,.F.,.F.,(4,1,4),(0.,0.0400622180692968,0.0784569378492305),
 .UNSPECIFIED.);
#332=B_SPLINE_CURVE_WITH_KNOTS('',3,(#6324,#6325,#6326,#6327,#6328),
 .UNSPECIFIED.,.F.,.F.,(4,1,4),(0.,0.0168982089419399,0.034935697187895),
 .UNSPECIFIED.);
#333=B_SPLINE_CURVE_WITH_KNOTS('',3,(#6330,#6331,#6332,#6333,#6334),
 .UNSPECIFIED.,.F.,.F.,(4,1,4),(0.,0.0340547967733101,0.0989700829589512),
 .UNSPECIFIED.);
#334=B_SPLINE_CURVE_WITH_KNOTS('',3,(#6336,#6337,#6338,#6339,#6340),
 .UNSPECIFIED.,.F.,.F.,(4,1,4),(0.,0.0561197806468727,0.0919404488695795),
 .UNSPECIFIED.);
#335=B_SPLINE_CURVE_WITH_KNOTS('',3,(#6342,#6343,#6344,#6345,#6346),
 .UNSPECIFIED.,.F.,.F.,(4,1,4),(0.,0.0245568128785561,0.0522744889608336),
 .UNSPECIFIED.);
#336=B_SPLINE_CURVE_WITH_KNOTS('',3,(#6350,#6351,#6352,#6353,#6354),
 .UNSPECIFIED.,.F.,.F.,(4,1,4),(0.,0.0206620172312857,0.0416133193658827),
 .UNSPECIFIED.);
#337=B_SPLINE_CURVE_WITH_KNOTS('',3,(#6356,#6357,#6358,#6359,#6360),
 .UNSPECIFIED.,.F.,.F.,(4,1,4),(0.,0.0312935065189393,0.0618928661538965),
 .UNSPECIFIED.);
#338=B_SPLINE_CURVE_WITH_KNOTS('',3,(#6362,#6363,#6364,#6365,#6366),
 .UNSPECIFIED.,.F.,.F.,(4,1,4),(0.,0.0296472764400138,0.0580508576708672),
 .UNSPECIFIED.);
#339=B_SPLINE_CURVE_WITH_KNOTS('',3,(#6368,#6369,#6370,#6371,#6372),
 .UNSPECIFIED.,.F.,.F.,(4,1,4),(0.,0.0417546760943632,0.0816972206239888),
 .UNSPECIFIED.);
#340=B_SPLINE_CURVE_WITH_KNOTS('',3,(#6374,#6375,#6376,#6377,#6378),
 .UNSPECIFIED.,.F.,.F.,(4,1,4),(0.,0.0402635904897326,0.0830605558024712),
 .UNSPECIFIED.);
#341=B_SPLINE_CURVE_WITH_KNOTS('',3,(#6380,#6381,#6382,#6383,#6384),
 .UNSPECIFIED.,.F.,.F.,(4,1,4),(0.,0.0473314113026731,0.0908920929862213),
 .UNSPECIFIED.);
#342=B_SPLINE_CURVE_WITH_KNOTS('',3,(#6386,#6387,#6388,#6389,#6390),
 .UNSPECIFIED.,.F.,.F.,(4,1,4),(0.,0.0513345516949246,0.122676176272102),
 .UNSPECIFIED.);
#343=B_SPLINE_CURVE_WITH_KNOTS('',3,(#6392,#6393,#6394,#6395,#6396),
 .UNSPECIFIED.,.F.,.F.,(4,1,4),(0.,0.0586715090978621,0.0946113520231141),
 .UNSPECIFIED.);
#344=B_SPLINE_CURVE_WITH_KNOTS('',3,(#6398,#6399,#6400,#6401,#6402),
 .UNSPECIFIED.,.F.,.F.,(4,1,4),(0.,0.0189842941554238,0.0333909361879725),
 .UNSPECIFIED.);
#345=B_SPLINE_CURVE_WITH_KNOTS('',3,(#6404,#6405,#6406,#6407,#6408),
 .UNSPECIFIED.,.F.,.F.,(4,1,4),(0.,0.0147512437065465,0.0299184059802919),
 .UNSPECIFIED.);
#346=B_SPLINE_CURVE_WITH_KNOTS('',3,(#6409,#6410,#6411,#6412,#6413),
 .UNSPECIFIED.,.F.,.F.,(4,1,4),(0.,0.0175790563496417,0.0395666860082227),
 .UNSPECIFIED.);
#347=B_SPLINE_CURVE_WITH_KNOTS('',3,(#6416,#6417,#6418,#6419,#6420),
 .UNSPECIFIED.,.F.,.F.,(4,1,4),(0.,0.042472920075982,0.0837603302727216),
 .UNSPECIFIED.);
#348=B_SPLINE_CURVE_WITH_KNOTS('',3,(#6422,#6423,#6424,#6425,#6426),
 .UNSPECIFIED.,.F.,.F.,(4,1,4),(0.,0.0415252486105675,0.0834178929553096),
 .UNSPECIFIED.);
#349=B_SPLINE_CURVE_WITH_KNOTS('',3,(#6428,#6429,#6430,#6431,#6432),
 .UNSPECIFIED.,.F.,.F.,(4,1,4),(0.,0.0915323242340408,0.173510321158551),
 .UNSPECIFIED.);
#350=B_SPLINE_CURVE_WITH_KNOTS('',3,(#6434,#6435,#6436,#6437,#6438),
 .UNSPECIFIED.,.F.,.F.,(4,1,4),(0.,0.0795706825161509,0.164418834669408),
 .UNSPECIFIED.);
#351=B_SPLINE_CURVE_WITH_KNOTS('',3,(#6440,#6441,#6442,#6443,#6444),
 .UNSPECIFIED.,.F.,.F.,(4,1,4),(0.,0.0722168965110231,0.135399727963144),
 .UNSPECIFIED.);
#352=B_SPLINE_CURVE_WITH_KNOTS('',3,(#6446,#6447,#6448,#6449,#6450),
 .UNSPECIFIED.,.F.,.F.,(4,1,4),(0.,0.0618323464670233,0.129832039087995),
 .UNSPECIFIED.);
#353=B_SPLINE_CURVE_WITH_KNOTS('',3,(#6452,#6453,#6454,#6455,#6456),
 .UNSPECIFIED.,.F.,.F.,(4,1,4),(0.,0.0832236638155044,0.165039409434147),
 .UNSPECIFIED.);
#354=B_SPLINE_CURVE_WITH_KNOTS('',3,(#6458,#6459,#6460,#6461,#6462),
 .UNSPECIFIED.,.F.,.F.,(4,1,4),(0.,0.0815207552970135,0.167945430455107),
 .UNSPECIFIED.);
#355=B_SPLINE_CURVE_WITH_KNOTS('',3,(#6463,#6464,#6465,#6466,#6467),
 .UNSPECIFIED.,.F.,.F.,(4,1,4),(0.,0.0485309786310033,0.0936820289484232),
 .UNSPECIFIED.);
#356=B_SPLINE_CURVE_WITH_KNOTS('',3,(#6484,#6485,#6486,#6487,#6488),
 .UNSPECIFIED.,.F.,.F.,(4,1,4),(0.,0.0474938531522873,0.0791193288438009),
 .UNSPECIFIED.);
#357=B_SPLINE_CURVE_WITH_KNOTS('',3,(#6490,#6491,#6492,#6493,#6494),
 .UNSPECIFIED.,.F.,.F.,(4,1,4),(0.,0.0266138650143494,0.0554676251117572),
 .UNSPECIFIED.);
#358=B_SPLINE_CURVE_WITH_KNOTS('',3,(#6528,#6529,#6530,#6531,#6532),
 .UNSPECIFIED.,.F.,.F.,(4,1,4),(0.,0.0538661049942741,0.104561558351147),
 .UNSPECIFIED.);
#359=B_SPLINE_CURVE_WITH_KNOTS('',3,(#6534,#6535,#6536,#6537,#6538),
 .UNSPECIFIED.,.F.,.F.,(4,1,4),(0.,0.0493904816771425,0.0971828859350743),
 .UNSPECIFIED.);
#360=B_SPLINE_CURVE_WITH_KNOTS('',3,(#6540,#6541,#6542,#6543,#6544),
 .UNSPECIFIED.,.F.,.F.,(4,1,4),(0.,0.0456533248730158,0.0946002379058796),
 .UNSPECIFIED.);
#361=B_SPLINE_CURVE_WITH_KNOTS('',3,(#6546,#6547,#6548,#6549,#6550),
 .UNSPECIFIED.,.F.,.F.,(4,1,4),(0.,0.0652798670152088,0.126530307447917),
 .UNSPECIFIED.);
#362=B_SPLINE_CURVE_WITH_KNOTS('',3,(#6552,#6553,#6554,#6555,#6556),
 .UNSPECIFIED.,.F.,.F.,(4,1,4),(0.,0.059186466104345,0.11886373798631),
 .UNSPECIFIED.);
#363=B_SPLINE_CURVE_WITH_KNOTS('',3,(#6558,#6559,#6560,#6561,#6562),
 .UNSPECIFIED.,.F.,.F.,(4,1,4),(0.,0.0617021028191421,0.127563131705973),
 .UNSPECIFIED.);
#364=B_SPLINE_CURVE_WITH_KNOTS('',3,(#6564,#6565,#6566,#6567,#6568),
 .UNSPECIFIED.,.F.,.F.,(4,1,4),(0.,0.0850880323244921,0.164017875646396),
 .UNSPECIFIED.);
#365=B_SPLINE_CURVE_WITH_KNOTS('',3,(#6570,#6571,#6572,#6573,#6574),
 .UNSPECIFIED.,.F.,.F.,(4,1,4),(0.,0.0795445604513789,0.166503058975683),
 .UNSPECIFIED.);
#366=B_SPLINE_CURVE_WITH_KNOTS('',3,(#6576,#6577,#6578,#6579,#6580),
 .UNSPECIFIED.,.F.,.F.,(4,1,4),(0.,0.0784006991950328,0.158687484929519),
 .UNSPECIFIED.);
#367=B_SPLINE_CURVE_WITH_KNOTS('',3,(#6582,#6583,#6584,#6585,#6586),
 .UNSPECIFIED.,.F.,.F.,(4,1,4),(0.,0.078796958996359,0.153691743496561),
 .UNSPECIFIED.);
#368=B_SPLINE_CURVE_WITH_KNOTS('',3,(#6588,#6589,#6590,#6591,#6592),
 .UNSPECIFIED.,.F.,.F.,(4,1,4),(0.,0.0742555577215876,0.151217880905989),
 .UNSPECIFIED.);
#369=B_SPLINE_CURVE_WITH_KNOTS('',3,(#6593,#6594,#6595,#6596,#6597),
 .UNSPECIFIED.,.F.,.F.,(4,1,4),(0.,0.0647777139852848,0.122904225443434),
 .UNSPECIFIED.);
#370=B_SPLINE_CURVE_WITH_KNOTS('',3,(#6600,#6601,#6602,#6603,#6604),
 .UNSPECIFIED.,.F.,.F.,(4,1,4),(0.,0.0538661946265388,0.104561710740014),
 .UNSPECIFIED.);
#371=B_SPLINE_CURVE_WITH_KNOTS('',3,(#6606,#6607,#6608,#6609,#6610),
 .UNSPECIFIED.,.F.,.F.,(4,1,4),(0.,0.0493904816771425,0.0971828735995474),
 .UNSPECIFIED.);
#372=B_SPLINE_CURVE_WITH_KNOTS('',3,(#6612,#6613,#6614,#6615,#6616),
 .UNSPECIFIED.,.F.,.F.,(4,1,4),(0.,0.0456533161897724,0.0946002292226361),
 .UNSPECIFIED.);
#373=B_SPLINE_CURVE_WITH_KNOTS('',3,(#6618,#6619,#6620,#6621,#6622),
 .UNSPECIFIED.,.F.,.F.,(4,1,4),(0.,0.0652799071096765,0.126530408030858),
 .UNSPECIFIED.);
#374=B_SPLINE_CURVE_WITH_KNOTS('',3,(#6624,#6625,#6626,#6627,#6628),
 .UNSPECIFIED.,.F.,.F.,(4,1,4),(0.,0.0591863849586814,0.118863656840646),
 .UNSPECIFIED.);
#375=B_SPLINE_CURVE_WITH_KNOTS('',3,(#6630,#6631,#6632,#6633,#6634),
 .UNSPECIFIED.,.F.,.F.,(4,1,4),(0.,0.0617021028191421,0.127563131705973),
 .UNSPECIFIED.);
#376=B_SPLINE_CURVE_WITH_KNOTS('',3,(#6636,#6637,#6638,#6639,#6640),
 .UNSPECIFIED.,.F.,.F.,(4,1,4),(0.,0.0850881498118495,0.164017893394376),
 .UNSPECIFIED.);
#377=B_SPLINE_CURVE_WITH_KNOTS('',3,(#6642,#6643,#6644,#6645,#6646),
 .UNSPECIFIED.,.F.,.F.,(4,1,4),(0.,0.0795447530849952,0.166503212451304),
 .UNSPECIFIED.);
#378=B_SPLINE_CURVE_WITH_KNOTS('',3,(#6648,#6649,#6650,#6651,#6652),
 .UNSPECIFIED.,.F.,.F.,(4,1,4),(0.,0.0784006991950328,0.1586875263284),
 .UNSPECIFIED.);
#379=B_SPLINE_CURVE_WITH_KNOTS('',3,(#6654,#6655,#6656,#6657,#6658),
 .UNSPECIFIED.,.F.,.F.,(4,1,4),(0.,0.0787970253001916,0.153691718869676),
 .UNSPECIFIED.);
#380=B_SPLINE_CURVE_WITH_KNOTS('',3,(#6660,#6661,#6662,#6663,#6664),
 .UNSPECIFIED.,.F.,.F.,(4,1,4),(0.,0.0742553395258581,0.151217780913823),
 .UNSPECIFIED.);
#381=B_SPLINE_CURVE_WITH_KNOTS('',3,(#6665,#6666,#6667,#6668,#6669),
 .UNSPECIFIED.,.F.,.F.,(4,1,4),(0.,0.064777832298008,0.122904234987841),
 .UNSPECIFIED.);
#382=B_SPLINE_CURVE_WITH_KNOTS('',3,(#6711,#6712,#6713,#6714,#6715),
 .UNSPECIFIED.,.F.,.F.,(4,1,4),(0.,0.0250682889070284,0.0635539139160548),
 .UNSPECIFIED.);
#383=B_SPLINE_CURVE_WITH_KNOTS('',3,(#6718,#6719,#6720,#6721,#6722),
 .UNSPECIFIED.,.F.,.F.,(4,1,4),(0.,0.0250682889070284,0.0635539139160548),
 .UNSPECIFIED.);
#384=B_SPLINE_CURVE_WITH_KNOTS('',3,(#6734,#6735,#6736,#6737,#6738),
 .UNSPECIFIED.,.F.,.F.,(4,1,4),(0.,0.0294424337960942,0.0562367448823432),
 .UNSPECIFIED.);
#385=B_SPLINE_CURVE_WITH_KNOTS('',3,(#6741,#6742,#6743,#6744,#6745),
 .UNSPECIFIED.,.F.,.F.,(4,1,4),(0.,0.0294424337960942,0.0562367448823432),
 .UNSPECIFIED.);
#386=B_SPLINE_CURVE_WITH_KNOTS('',3,(#6757,#6758,#6759,#6760,#6761),
 .UNSPECIFIED.,.F.,.F.,(4,1,4),(0.,0.0467963842118191,0.0825902719123055),
 .UNSPECIFIED.);
#387=B_SPLINE_CURVE_WITH_KNOTS('',3,(#6764,#6765,#6766,#6767,#6768),
 .UNSPECIFIED.,.F.,.F.,(4,1,4),(0.,0.0467963842118191,0.0825902719123055),
 .UNSPECIFIED.);
#388=B_SPLINE_CURVE_WITH_KNOTS('',3,(#6780,#6781,#6782,#6783,#6784),
 .UNSPECIFIED.,.F.,.F.,(4,1,4),(0.,0.0525084523331195,0.111061901008637),
 .UNSPECIFIED.);
#389=B_SPLINE_CURVE_WITH_KNOTS('',3,(#6787,#6788,#6789,#6790,#6791),
 .UNSPECIFIED.,.F.,.F.,(4,1,4),(0.,0.0525084523331195,0.111061901008637),
 .UNSPECIFIED.);
#390=B_SPLINE_CURVE_WITH_KNOTS('',3,(#6803,#6804,#6805,#6806,#6807),
 .UNSPECIFIED.,.F.,.F.,(4,1,4),(0.,0.042672824961796,0.0901607480260325),
 .UNSPECIFIED.);
#391=B_SPLINE_CURVE_WITH_KNOTS('',3,(#6810,#6811,#6812,#6813,#6814),
 .UNSPECIFIED.,.F.,.F.,(4,1,4),(0.,0.042672824961796,0.0901607480260325),
 .UNSPECIFIED.);
#392=B_SPLINE_CURVE_WITH_KNOTS('',3,(#6826,#6827,#6828,#6829,#6830),
 .UNSPECIFIED.,.F.,.F.,(4,1,4),(0.,0.0263245037498313,0.0537415255109641),
 .UNSPECIFIED.);
#393=B_SPLINE_CURVE_WITH_KNOTS('',3,(#6833,#6834,#6835,#6836,#6837),
 .UNSPECIFIED.,.F.,.F.,(4,1,4),(0.,0.0263245037498313,0.0537415255109641),
 .UNSPECIFIED.);
#394=B_SPLINE_CURVE_WITH_KNOTS('',3,(#6849,#6850,#6851,#6852,#6853),
 .UNSPECIFIED.,.F.,.F.,(4,1,4),(0.,0.0488460592285031,0.0824686081650046),
 .UNSPECIFIED.);
#395=B_SPLINE_CURVE_WITH_KNOTS('',3,(#6856,#6857,#6858,#6859,#6860),
 .UNSPECIFIED.,.F.,.F.,(4,1,4),(0.,0.0488460592285031,0.0824686081650046),
 .UNSPECIFIED.);
#396=B_SPLINE_CURVE_WITH_KNOTS('',3,(#6883,#6884,#6885,#6886,#6887),
 .UNSPECIFIED.,.F.,.F.,(4,1,4),(0.,0.0410593610807054,0.0989854036621173),
 .UNSPECIFIED.);
#397=B_SPLINE_CURVE_WITH_KNOTS('',3,(#6901,#6902,#6903,#6904,#6905),
 .UNSPECIFIED.,.F.,.F.,(4,1,4),(0.,0.0479787615647455,0.102256782108531),
 .UNSPECIFIED.);
#398=B_SPLINE_CURVE_WITH_KNOTS('',3,(#6918,#6919,#6920,#6921,#6922),
 .UNSPECIFIED.,.F.,.F.,(4,1,4),(0.,0.0660740020814647,0.126909839003381),
 .UNSPECIFIED.);
#399=B_SPLINE_CURVE_WITH_KNOTS('',3,(#6935,#6936,#6937,#6938,#6939),
 .UNSPECIFIED.,.F.,.F.,(4,1,4),(0.,0.0766598034391678,0.147685374683628),
 .UNSPECIFIED.);
#400=B_SPLINE_CURVE_WITH_KNOTS('',3,(#6952,#6953,#6954,#6955,#6956),
 .UNSPECIFIED.,.F.,.F.,(4,1,4),(0.,0.0335603006109062,0.069638538611326),
 .UNSPECIFIED.);
#401=B_SPLINE_CURVE_WITH_KNOTS('',3,(#6969,#6970,#6971,#6972,#6973),
 .UNSPECIFIED.,.F.,.F.,(4,1,4),(0.,0.0290381749300516,0.0602372161761944),
 .UNSPECIFIED.);
#402=B_SPLINE_CURVE_WITH_KNOTS('',3,(#6986,#6987,#6988,#6989,#6990),
 .UNSPECIFIED.,.F.,.F.,(4,1,4),(0.,0.0265601374980293,0.0540612607030386),
 .UNSPECIFIED.);
#403=B_SPLINE_CURVE_WITH_KNOTS('',3,(#7003,#7004,#7005,#7006,#7007),
 .UNSPECIFIED.,.F.,.F.,(4,1,4),(0.,0.025949378506401,0.0519840478432971),
 .UNSPECIFIED.);
#404=B_SPLINE_CURVE_WITH_KNOTS('',3,(#7020,#7021,#7022,#7023,#7024),
 .UNSPECIFIED.,.F.,.F.,(4,1,4),(0.,0.0297461215166818,0.0569751451185998),
 .UNSPECIFIED.);
#405=B_SPLINE_CURVE_WITH_KNOTS('',3,(#7037,#7038,#7039,#7040,#7041),
 .UNSPECIFIED.,.F.,.F.,(4,1,4),(0.,0.04613089864809,0.0719981114664427),
 .UNSPECIFIED.);
#406=B_SPLINE_CURVE_WITH_KNOTS('',3,(#7115,#7116,#7117,#7118,#7119),
 .UNSPECIFIED.,.F.,.F.,(4,1,4),(0.,0.0212934933753251,0.0632156860204068),
 .UNSPECIFIED.);
#407=B_SPLINE_CURVE_WITH_KNOTS('',3,(#7133,#7134,#7135,#7136,#7137),
 .UNSPECIFIED.,.F.,.F.,(4,1,4),(0.,0.0145926359064951,0.0304682080970767),
 .UNSPECIFIED.);
#408=B_SPLINE_CURVE_WITH_KNOTS('',3,(#7150,#7151,#7152,#7153,#7154),
 .UNSPECIFIED.,.F.,.F.,(4,1,4),(0.,0.0600121980631582,0.122196101176072),
 .UNSPECIFIED.);
#409=B_SPLINE_CURVE_WITH_KNOTS('',3,(#7167,#7168,#7169,#7170,#7171),
 .UNSPECIFIED.,.F.,.F.,(4,1,4),(0.,0.0778194948043504,0.142904391213287),
 .UNSPECIFIED.);
#410=B_SPLINE_CURVE_WITH_KNOTS('',3,(#7184,#7185,#7186,#7187,#7188),
 .UNSPECIFIED.,.F.,.F.,(4,1,4),(0.,0.0581723357701497,0.125233956561036),
 .UNSPECIFIED.);
#411=B_SPLINE_CURVE_WITH_KNOTS('',3,(#7201,#7202,#7203,#7204,#7205),
 .UNSPECIFIED.,.F.,.F.,(4,1,4),(0.,0.0509178413869065,0.10403776994967),
 .UNSPECIFIED.);
#412=B_SPLINE_CURVE_WITH_KNOTS('',3,(#7218,#7219,#7220,#7221,#7222),
 .UNSPECIFIED.,.F.,.F.,(4,1,4),(0.,0.0785852150576654,0.138673501000456),
 .UNSPECIFIED.);
#413=B_SPLINE_CURVE_WITH_KNOTS('',3,(#7247,#7248,#7249,#7250,#7251),
 .UNSPECIFIED.,.F.,.F.,(4,1,4),(0.,0.0395929920372937,0.0977273173320638),
 .UNSPECIFIED.);
#414=B_SPLINE_CURVE_WITH_KNOTS('',3,(#7264,#7265,#7266,#7267,#7268),
 .UNSPECIFIED.,.F.,.F.,(4,1,4),(0.,0.0276450866108288,0.0566857049513949),
 .UNSPECIFIED.);
#415=B_SPLINE_CURVE_WITH_KNOTS('',3,(#7281,#7282,#7283,#7284,#7285),
 .UNSPECIFIED.,.F.,.F.,(4,1,4),(0.,0.0341153786644841,0.0635060900277497),
 .UNSPECIFIED.);
#416=B_SPLINE_CURVE_WITH_KNOTS('',3,(#7298,#7299,#7300,#7301,#7302),
 .UNSPECIFIED.,.F.,.F.,(4,1,4),(0.,0.0302380760518867,0.0669215295050427),
 .UNSPECIFIED.);
#417=B_SPLINE_CURVE_WITH_KNOTS('',3,(#7315,#7316,#7317,#7318,#7319),
 .UNSPECIFIED.,.F.,.F.,(4,1,4),(0.,0.0276081018431199,0.0548507772263109),
 .UNSPECIFIED.);
#418=B_SPLINE_CURVE_WITH_KNOTS('',3,(#7332,#7333,#7334,#7335,#7336),
 .UNSPECIFIED.,.F.,.F.,(4,1,4),(0.,0.00833386237862812,0.0161005626066653),
 .UNSPECIFIED.);
#419=B_SPLINE_CURVE_WITH_KNOTS('',3,(#7374,#7375,#7376,#7377,#7378),
 .UNSPECIFIED.,.F.,.F.,(4,1,4),(0.,0.034173051348951,0.0898465222875018),
 .UNSPECIFIED.);
#420=B_SPLINE_CURVE_WITH_KNOTS('',3,(#7391,#7392,#7393,#7394,#7395),
 .UNSPECIFIED.,.F.,.F.,(4,1,4),(0.,0.0314609249712179,0.0636228813667956),
 .UNSPECIFIED.);
#421=B_SPLINE_CURVE_WITH_KNOTS('',3,(#7408,#7409,#7410,#7411,#7412),
 .UNSPECIFIED.,.F.,.F.,(4,1,4),(0.,0.0231265898466692,0.0516258468502918),
 .UNSPECIFIED.);
#422=B_SPLINE_CURVE_WITH_KNOTS('',3,(#7425,#7426,#7427,#7428,#7429),
 .UNSPECIFIED.,.F.,.F.,(4,1,4),(0.,0.0155152878563533,0.0333264190834354),
 .UNSPECIFIED.);
#423=B_SPLINE_CURVE_WITH_KNOTS('',3,(#7442,#7443,#7444,#7445,#7446),
 .UNSPECIFIED.,.F.,.F.,(4,1,4),(0.,0.0169823655693483,0.0322009809607356),
 .UNSPECIFIED.);
#424=B_SPLINE_CURVE_WITH_KNOTS('',3,(#7459,#7460,#7461,#7462,#7463),
 .UNSPECIFIED.,.F.,.F.,(4,1,4),(0.,0.0374411211685,0.0557590348695125),
 .UNSPECIFIED.);
#425=B_SPLINE_CURVE_WITH_KNOTS('',3,(#7488,#7489,#7490,#7491,#7492),
 .UNSPECIFIED.,.F.,.F.,(4,1,4),(0.,0.0277690853432532,0.0732389338981577),
 .UNSPECIFIED.);
#426=B_SPLINE_CURVE_WITH_KNOTS('',3,(#7505,#7506,#7507,#7508,#7509),
 .UNSPECIFIED.,.F.,.F.,(4,1,4),(0.,0.0354755772191014,0.0741293640303368),
 .UNSPECIFIED.);
#427=B_SPLINE_CURVE_WITH_KNOTS('',3,(#7522,#7523,#7524,#7525,#7526),
 .UNSPECIFIED.,.F.,.F.,(4,1,4),(0.,0.0404559054672767,0.0764731553525355),
 .UNSPECIFIED.);
#428=B_SPLINE_CURVE_WITH_KNOTS('',3,(#7539,#7540,#7541,#7542,#7543),
 .UNSPECIFIED.,.F.,.F.,(4,1,4),(0.,0.0324446558158999,0.0652152468920497),
 .UNSPECIFIED.);
#429=B_SPLINE_CURVE_WITH_KNOTS('',3,(#7556,#7557,#7558,#7559,#7560),
 .UNSPECIFIED.,.F.,.F.,(4,1,4),(0.,0.0423363904095426,0.078031921260436),
 .UNSPECIFIED.);
#430=B_SPLINE_CURVE_WITH_KNOTS('',3,(#7618,#7619,#7620,#7621,#7622),
 .UNSPECIFIED.,.F.,.F.,(4,1,4),(0.,0.023478165749107,0.0555850909443393),
 .UNSPECIFIED.);
#431=B_SPLINE_CURVE_WITH_KNOTS('',3,(#7626,#7627,#7628,#7629,#7630),
 .UNSPECIFIED.,.F.,.F.,(4,1,4),(0.,0.023478165749107,0.0555850909443393),
 .UNSPECIFIED.);
#432=B_SPLINE_CURVE_WITH_KNOTS('',3,(#7643,#7644,#7645,#7646,#7647),
 .UNSPECIFIED.,.F.,.F.,(4,1,4),(0.,0.0210828043355029,0.0406845437338997),
 .UNSPECIFIED.);
#433=B_SPLINE_CURVE_WITH_KNOTS('',3,(#7650,#7651,#7652,#7653,#7654),
 .UNSPECIFIED.,.F.,.F.,(4,1,4),(0.,0.0210828043355029,0.0406845437338997),
 .UNSPECIFIED.);
#434=B_SPLINE_CURVE_WITH_KNOTS('',3,(#7666,#7667,#7668,#7669,#7670),
 .UNSPECIFIED.,.F.,.F.,(4,1,4),(0.,0.0216965658196758,0.0434915105553943),
 .UNSPECIFIED.);
#435=B_SPLINE_CURVE_WITH_KNOTS('',3,(#7673,#7674,#7675,#7676,#7677),
 .UNSPECIFIED.,.F.,.F.,(4,1,4),(0.,0.0216965658196758,0.0434915105553943),
 .UNSPECIFIED.);
#436=B_SPLINE_CURVE_WITH_KNOTS('',3,(#7689,#7690,#7691,#7692,#7693),
 .UNSPECIFIED.,.F.,.F.,(4,1,4),(0.,0.0167525079694118,0.0351507259065036),
 .UNSPECIFIED.);
#437=B_SPLINE_CURVE_WITH_KNOTS('',3,(#7696,#7697,#7698,#7699,#7700),
 .UNSPECIFIED.,.F.,.F.,(4,1,4),(0.,0.0167525079694118,0.0351507259065036),
 .UNSPECIFIED.);
#438=B_SPLINE_CURVE_WITH_KNOTS('',3,(#7712,#7713,#7714,#7715,#7716),
 .UNSPECIFIED.,.F.,.F.,(4,1,4),(0.,0.0160282587079228,0.0320315259132547),
 .UNSPECIFIED.);
#439=B_SPLINE_CURVE_WITH_KNOTS('',3,(#7719,#7720,#7721,#7722,#7723),
 .UNSPECIFIED.,.F.,.F.,(4,1,4),(0.,0.0160282587079228,0.0320315259132547),
 .UNSPECIFIED.);
#440=B_SPLINE_CURVE_WITH_KNOTS('',3,(#7735,#7736,#7737,#7738,#7739),
 .UNSPECIFIED.,.F.,.F.,(4,1,4),(0.,0.0187666087029702,0.037865228896897),
 .UNSPECIFIED.);
#441=B_SPLINE_CURVE_WITH_KNOTS('',3,(#7742,#7743,#7744,#7745,#7746),
 .UNSPECIFIED.,.F.,.F.,(4,1,4),(0.,0.0187666087029702,0.037865228896897),
 .UNSPECIFIED.);
#442=B_SPLINE_CURVE_WITH_KNOTS('',3,(#7758,#7759,#7760,#7761,#7762),
 .UNSPECIFIED.,.F.,.F.,(4,1,4),(0.,0.0618502713564246,0.100207949273511),
 .UNSPECIFIED.);
#443=B_SPLINE_CURVE_WITH_KNOTS('',3,(#7765,#7766,#7767,#7768,#7769),
 .UNSPECIFIED.,.F.,.F.,(4,1,4),(0.,0.0618502713564246,0.100207949273511),
 .UNSPECIFIED.);
#444=B_SPLINE_CURVE_WITH_KNOTS('',3,(#7781,#7782,#7783,#7784,#7785),
 .UNSPECIFIED.,.F.,.F.,(4,1,4),(0.,0.0105710285352692,0.0239580968737397),
 .UNSPECIFIED.);
#445=B_SPLINE_CURVE_WITH_KNOTS('',3,(#7788,#7789,#7790,#7791,#7792),
 .UNSPECIFIED.,.F.,.F.,(4,1,4),(0.,0.0105710285352692,0.0239580968737397),
 .UNSPECIFIED.);
#446=B_SPLINE_CURVE_WITH_KNOTS('',3,(#7809,#7810,#7811,#7812,#7813),
 .UNSPECIFIED.,.F.,.F.,(4,1,4),(0.,0.0236439577166024,0.0433180395376837),
 .UNSPECIFIED.);
#447=B_SPLINE_CURVE_WITH_KNOTS('',3,(#7827,#7828,#7829,#7830,#7831),
 .UNSPECIFIED.,.F.,.F.,(4,1,4),(0.,0.0175790563496417,0.0395666860082227),
 .UNSPECIFIED.);
#448=B_SPLINE_CURVE_WITH_KNOTS('',3,(#7844,#7845,#7846,#7847,#7848),
 .UNSPECIFIED.,.F.,.F.,(4,1,4),(0.,0.0147512437065465,0.0299184059802919),
 .UNSPECIFIED.);
#449=B_SPLINE_CURVE_WITH_KNOTS('',3,(#7861,#7862,#7863,#7864,#7865),
 .UNSPECIFIED.,.F.,.F.,(4,1,4),(0.,0.0189842941554238,0.0333909361879725),
 .UNSPECIFIED.);
#450=B_SPLINE_CURVE_WITH_KNOTS('',3,(#7878,#7879,#7880,#7881,#7882),
 .UNSPECIFIED.,.F.,.F.,(4,1,4),(0.,0.0586715090978621,0.0946113520231141),
 .UNSPECIFIED.);
#451=B_SPLINE_CURVE_WITH_KNOTS('',3,(#7895,#7896,#7897,#7898,#7899),
 .UNSPECIFIED.,.F.,.F.,(4,1,4),(0.,0.0513345516949246,0.122676176272102),
 .UNSPECIFIED.);
#452=B_SPLINE_CURVE_WITH_KNOTS('',3,(#7912,#7913,#7914,#7915,#7916),
 .UNSPECIFIED.,.F.,.F.,(4,1,4),(0.,0.0473314113026731,0.0908920929862213),
 .UNSPECIFIED.);
#453=B_SPLINE_CURVE_WITH_KNOTS('',3,(#7929,#7930,#7931,#7932,#7933),
 .UNSPECIFIED.,.F.,.F.,(4,1,4),(0.,0.0402635904897326,0.0830605558024712),
 .UNSPECIFIED.);
#454=B_SPLINE_CURVE_WITH_KNOTS('',3,(#7946,#7947,#7948,#7949,#7950),
 .UNSPECIFIED.,.F.,.F.,(4,1,4),(0.,0.0417546760943632,0.0816972206239888),
 .UNSPECIFIED.);
#455=B_SPLINE_CURVE_WITH_KNOTS('',3,(#7963,#7964,#7965,#7966,#7967),
 .UNSPECIFIED.,.F.,.F.,(4,1,4),(0.,0.0296472764400138,0.0580508576708672),
 .UNSPECIFIED.);
#456=B_SPLINE_CURVE_WITH_KNOTS('',3,(#7980,#7981,#7982,#7983,#7984),
 .UNSPECIFIED.,.F.,.F.,(4,1,4),(0.,0.0312935065189393,0.0618928661538965),
 .UNSPECIFIED.);
#457=B_SPLINE_CURVE_WITH_KNOTS('',3,(#7997,#7998,#7999,#8000,#8001),
 .UNSPECIFIED.,.F.,.F.,(4,1,4),(0.,0.0206620172312857,0.0416133193658827),
 .UNSPECIFIED.);
#458=B_SPLINE_CURVE_WITH_KNOTS('',3,(#8018,#8019,#8020,#8021,#8022),
 .UNSPECIFIED.,.F.,.F.,(4,1,4),(0.,0.0245568128785561,0.0522744889608336),
 .UNSPECIFIED.);
#459=B_SPLINE_CURVE_WITH_KNOTS('',3,(#8035,#8036,#8037,#8038,#8039),
 .UNSPECIFIED.,.F.,.F.,(4,1,4),(0.,0.0561197806468727,0.0919404488695795),
 .UNSPECIFIED.);
#460=B_SPLINE_CURVE_WITH_KNOTS('',3,(#8052,#8053,#8054,#8055,#8056),
 .UNSPECIFIED.,.F.,.F.,(4,1,4),(0.,0.0340547967733101,0.0989700829589512),
 .UNSPECIFIED.);
#461=B_SPLINE_CURVE_WITH_KNOTS('',3,(#8069,#8070,#8071,#8072,#8073),
 .UNSPECIFIED.,.F.,.F.,(4,1,4),(0.,0.0168982089419399,0.034935697187895),
 .UNSPECIFIED.);
#462=B_SPLINE_CURVE_WITH_KNOTS('',3,(#8086,#8087,#8088,#8089,#8090),
 .UNSPECIFIED.,.F.,.F.,(4,1,4),(0.,0.0400622180692968,0.0784569378492305),
 .UNSPECIFIED.);
#463=B_SPLINE_CURVE_WITH_KNOTS('',3,(#8103,#8104,#8105,#8106,#8107),
 .UNSPECIFIED.,.F.,.F.,(4,1,4),(0.,0.0612002081947291,0.108694208210894),
 .UNSPECIFIED.);
#464=B_SPLINE_CURVE_WITH_KNOTS('',3,(#8120,#8121,#8122,#8123,#8124),
 .UNSPECIFIED.,.F.,.F.,(4,1,4),(0.,0.0515967944239342,0.112561057330059),
 .UNSPECIFIED.);
#465=B_SPLINE_CURVE_WITH_KNOTS('',3,(#8137,#8138,#8139,#8140,#8141),
 .UNSPECIFIED.,.F.,.F.,(4,1,4),(0.,0.0486439927771519,0.0962074880942077),
 .UNSPECIFIED.);
#466=B_SPLINE_CURVE_WITH_KNOTS('',3,(#8156,#8157,#8158,#8159,#8160),
 .UNSPECIFIED.,.F.,.F.,(4,1,4),(0.,0.0182091800389599,0.0374245543900997),
 .UNSPECIFIED.);
#467=B_SPLINE_CURVE_WITH_KNOTS('',3,(#8174,#8175,#8176,#8177,#8178),
 .UNSPECIFIED.,.F.,.F.,(4,1,4),(0.,0.0379942694641621,0.0779851214303333),
 .UNSPECIFIED.);
#468=B_SPLINE_CURVE_WITH_KNOTS('',3,(#8182,#8183,#8184,#8185,#8186),
 .UNSPECIFIED.,.F.,.F.,(4,1,4),(0.,0.0379942694641621,0.0779851214303333),
 .UNSPECIFIED.);
#469=B_SPLINE_CURVE_WITH_KNOTS('',3,(#8199,#8200,#8201,#8202,#8203),
 .UNSPECIFIED.,.F.,.F.,(4,1,4),(0.,0.0293891187511606,0.0592717088554479),
 .UNSPECIFIED.);
#470=B_SPLINE_CURVE_WITH_KNOTS('',3,(#8206,#8207,#8208,#8209,#8210),
 .UNSPECIFIED.,.F.,.F.,(4,1,4),(0.,0.0293891187511606,0.0592717088554479),
 .UNSPECIFIED.);
#471=B_SPLINE_CURVE_WITH_KNOTS('',3,(#8222,#8223,#8224,#8225,#8226),
 .UNSPECIFIED.,.F.,.F.,(4,1,4),(0.,0.0352722489664809,0.0664639550404984),
 .UNSPECIFIED.);
#472=B_SPLINE_CURVE_WITH_KNOTS('',3,(#8229,#8230,#8231,#8232,#8233),
 .UNSPECIFIED.,.F.,.F.,(4,1,4),(0.,0.0352722489664809,0.0664639550404984),
 .UNSPECIFIED.);
#473=B_SPLINE_CURVE_WITH_KNOTS('',3,(#8245,#8246,#8247,#8248,#8249),
 .UNSPECIFIED.,.F.,.F.,(4,1,4),(0.,0.0372857140785732,0.0703322467254496),
 .UNSPECIFIED.);
#474=B_SPLINE_CURVE_WITH_KNOTS('',3,(#8252,#8253,#8254,#8255,#8256),
 .UNSPECIFIED.,.F.,.F.,(4,1,4),(0.,0.0372857140785732,0.0703322467254496),
 .UNSPECIFIED.);
#475=B_SPLINE_CURVE_WITH_KNOTS('',3,(#8268,#8269,#8270,#8271,#8272),
 .UNSPECIFIED.,.F.,.F.,(4,1,4),(0.,0.0324750073192274,0.069234466750481),
 .UNSPECIFIED.);
#476=B_SPLINE_CURVE_WITH_KNOTS('',3,(#8275,#8276,#8277,#8278,#8279),
 .UNSPECIFIED.,.F.,.F.,(4,1,4),(0.,0.0324750073192274,0.069234466750481),
 .UNSPECIFIED.);
#477=B_SPLINE_CURVE_WITH_KNOTS('',3,(#8291,#8292,#8293,#8294,#8295),
 .UNSPECIFIED.,.F.,.F.,(4,1,4),(0.,0.0303272578750259,0.0605020182466736),
 .UNSPECIFIED.);
#478=B_SPLINE_CURVE_WITH_KNOTS('',3,(#8298,#8299,#8300,#8301,#8302),
 .UNSPECIFIED.,.F.,.F.,(4,1,4),(0.,0.0303272578750259,0.0605020182466736),
 .UNSPECIFIED.);
#479=B_SPLINE_CURVE_WITH_KNOTS('',3,(#8314,#8315,#8316,#8317,#8318),
 .UNSPECIFIED.,.F.,.F.,(4,1,4),(0.,0.0280597836236575,0.0576465006634953),
 .UNSPECIFIED.);
#480=B_SPLINE_CURVE_WITH_KNOTS('',3,(#8321,#8322,#8323,#8324,#8325),
 .UNSPECIFIED.,.F.,.F.,(4,1,4),(0.,0.0280597836236575,0.0576465006634953),
 .UNSPECIFIED.);
#481=B_SPLINE_CURVE_WITH_KNOTS('',3,(#8337,#8338,#8339,#8340,#8341),
 .UNSPECIFIED.,.F.,.F.,(4,1,4),(0.,0.0317433908811854,0.0605254823586079),
 .UNSPECIFIED.);
#482=B_SPLINE_CURVE_WITH_KNOTS('',3,(#8344,#8345,#8346,#8347,#8348),
 .UNSPECIFIED.,.F.,.F.,(4,1,4),(0.,0.0317433908811854,0.0605254823586079),
 .UNSPECIFIED.);
#483=B_SPLINE_CURVE_WITH_KNOTS('',3,(#8359,#8360,#8361,#8362,#8363),
 .UNSPECIFIED.,.F.,.F.,(4,1,4),(0.,0.0614222237193592,0.126780784281839),
 .UNSPECIFIED.);
#484=B_SPLINE_CURVE_WITH_KNOTS('',3,(#8364,#8365,#8366,#8367,#8368),
 .UNSPECIFIED.,.F.,.F.,(4,1,4),(0.,0.0614222237193592,0.126780784281839),
 .UNSPECIFIED.);
#485=B_SPLINE_CURVE_WITH_KNOTS('',3,(#8382,#8383,#8384,#8385,#8386),
 .UNSPECIFIED.,.F.,.F.,(4,1,4),(0.,0.042472920075982,0.0837603302727216),
 .UNSPECIFIED.);
#486=B_SPLINE_CURVE_WITH_KNOTS('',3,(#8400,#8401,#8402,#8403,#8404),
 .UNSPECIFIED.,.F.,.F.,(4,1,4),(0.,0.0485309786310033,0.0936820289484232),
 .UNSPECIFIED.);
#487=B_SPLINE_CURVE_WITH_KNOTS('',3,(#8417,#8418,#8419,#8420,#8421),
 .UNSPECIFIED.,.F.,.F.,(4,1,4),(0.,0.0815207552970135,0.167945430455107),
 .UNSPECIFIED.);
#488=B_SPLINE_CURVE_WITH_KNOTS('',3,(#8434,#8435,#8436,#8437,#8438),
 .UNSPECIFIED.,.F.,.F.,(4,1,4),(0.,0.0832236638155044,0.165039409434147),
 .UNSPECIFIED.);
#489=B_SPLINE_CURVE_WITH_KNOTS('',3,(#8451,#8452,#8453,#8454,#8455),
 .UNSPECIFIED.,.F.,.F.,(4,1,4),(0.,0.0618323464670233,0.129832039087995),
 .UNSPECIFIED.);
#490=B_SPLINE_CURVE_WITH_KNOTS('',3,(#8468,#8469,#8470,#8471,#8472),
 .UNSPECIFIED.,.F.,.F.,(4,1,4),(0.,0.0722168965110231,0.135399727963144),
 .UNSPECIFIED.);
#491=B_SPLINE_CURVE_WITH_KNOTS('',3,(#8485,#8486,#8487,#8488,#8489),
 .UNSPECIFIED.,.F.,.F.,(4,1,4),(0.,0.0795706825161509,0.164418834669408),
 .UNSPECIFIED.);
#492=B_SPLINE_CURVE_WITH_KNOTS('',3,(#8502,#8503,#8504,#8505,#8506),
 .UNSPECIFIED.,.F.,.F.,(4,1,4),(0.,0.0915323242340408,0.173510321158551),
 .UNSPECIFIED.);
#493=B_SPLINE_CURVE_WITH_KNOTS('',3,(#8517,#8518,#8519,#8520,#8521),
 .UNSPECIFIED.,.F.,.F.,(4,1,4),(0.,0.0415252486105675,0.0834178929553096),
 .UNSPECIFIED.);
#494=B_SPLINE_CURVE_WITH_KNOTS('',3,(#8553,#8554,#8555,#8556,#8557),
 .UNSPECIFIED.,.F.,.F.,(4,1,4),(0.,0.0266138650143494,0.0554676251117572),
 .UNSPECIFIED.);
#495=B_SPLINE_CURVE_WITH_KNOTS('',3,(#8570,#8571,#8572,#8573,#8574),
 .UNSPECIFIED.,.F.,.F.,(4,1,4),(0.,0.0474938531522873,0.0791193288438009),
 .UNSPECIFIED.);
#496=B_SPLINE_CURVE_WITH_KNOTS('',3,(#8706,#8707,#8708,#8709,#8710),
 .UNSPECIFIED.,.F.,.F.,(4,1,4),(0.,0.0705619182189603,0.146206601164088),
 .UNSPECIFIED.);
#497=B_SPLINE_CURVE_WITH_KNOTS('',3,(#8714,#8715,#8716,#8717,#8718),
 .UNSPECIFIED.,.F.,.F.,(4,1,4),(0.,0.0705619182189603,0.146206601164088),
 .UNSPECIFIED.);
#498=B_SPLINE_CURVE_WITH_KNOTS('',3,(#8731,#8732,#8733,#8734,#8735),
 .UNSPECIFIED.,.F.,.F.,(4,1,4),(0.,0.043996673191965,0.0895424945280182),
 .UNSPECIFIED.);
#499=B_SPLINE_CURVE_WITH_KNOTS('',3,(#8738,#8739,#8740,#8741,#8742),
 .UNSPECIFIED.,.F.,.F.,(4,1,4),(0.,0.043996673191965,0.0895424945280182),
 .UNSPECIFIED.);
#500=B_SPLINE_CURVE_WITH_KNOTS('',3,(#8754,#8755,#8756,#8757,#8758),
 .UNSPECIFIED.,.F.,.F.,(4,1,4),(0.,0.0532455267670194,0.0997397028784617),
 .UNSPECIFIED.);
#501=B_SPLINE_CURVE_WITH_KNOTS('',3,(#8761,#8762,#8763,#8764,#8765),
 .UNSPECIFIED.,.F.,.F.,(4,1,4),(0.,0.0532455267670194,0.0997397028784617),
 .UNSPECIFIED.);
#502=B_SPLINE_CURVE_WITH_KNOTS('',3,(#8777,#8778,#8779,#8780,#8781),
 .UNSPECIFIED.,.F.,.F.,(4,1,4),(0.,0.0581618893664767,0.112116769637422),
 .UNSPECIFIED.);
#503=B_SPLINE_CURVE_WITH_KNOTS('',3,(#8784,#8785,#8786,#8787,#8788),
 .UNSPECIFIED.,.F.,.F.,(4,1,4),(0.,0.0581618893664767,0.112116769637422),
 .UNSPECIFIED.);
#504=B_SPLINE_CURVE_WITH_KNOTS('',3,(#8800,#8801,#8802,#8803,#8804),
 .UNSPECIFIED.,.F.,.F.,(4,1,4),(0.,0.0491996405853793,0.105561110666691),
 .UNSPECIFIED.);
#505=B_SPLINE_CURVE_WITH_KNOTS('',3,(#8807,#8808,#8809,#8810,#8811),
 .UNSPECIFIED.,.F.,.F.,(4,1,4),(0.,0.0491996405853793,0.105561110666691),
 .UNSPECIFIED.);
#506=B_SPLINE_CURVE_WITH_KNOTS('',3,(#8823,#8824,#8825,#8826,#8827),
 .UNSPECIFIED.,.F.,.F.,(4,1,4),(0.,0.0413729699522251,0.0856344257013017),
 .UNSPECIFIED.);
#507=B_SPLINE_CURVE_WITH_KNOTS('',3,(#8830,#8831,#8832,#8833,#8834),
 .UNSPECIFIED.,.F.,.F.,(4,1,4),(0.,0.0413729699522251,0.0856344257013017),
 .UNSPECIFIED.);
#508=B_SPLINE_CURVE_WITH_KNOTS('',3,(#8846,#8847,#8848,#8849,#8850),
 .UNSPECIFIED.,.F.,.F.,(4,1,4),(0.,0.0447231604482244,0.0917485135674121),
 .UNSPECIFIED.);
#509=B_SPLINE_CURVE_WITH_KNOTS('',3,(#8853,#8854,#8855,#8856,#8857),
 .UNSPECIFIED.,.F.,.F.,(4,1,4),(0.,0.0447231604482244,0.0917485135674121),
 .UNSPECIFIED.);
#510=B_SPLINE_CURVE_WITH_KNOTS('',3,(#8869,#8870,#8871,#8872,#8873),
 .UNSPECIFIED.,.F.,.F.,(4,1,4),(0.,0.0479683933382113,0.0934899696088543),
 .UNSPECIFIED.);
#511=B_SPLINE_CURVE_WITH_KNOTS('',3,(#8876,#8877,#8878,#8879,#8880),
 .UNSPECIFIED.,.F.,.F.,(4,1,4),(0.,0.0479683933382113,0.0934899696088543),
 .UNSPECIFIED.);
#512=B_SPLINE_CURVE_WITH_KNOTS('',3,(#8891,#8892,#8893,#8894,#8895),
 .UNSPECIFIED.,.F.,.F.,(4,1,4),(0.,0.0817458809769658,0.163098675798662),
 .UNSPECIFIED.);
#513=B_SPLINE_CURVE_WITH_KNOTS('',3,(#8896,#8897,#8898,#8899,#8900),
 .UNSPECIFIED.,.F.,.F.,(4,1,4),(0.,0.0817458809769658,0.163098675798662),
 .UNSPECIFIED.);
#514=B_SPLINE_CURVE_WITH_KNOTS('',3,(#8914,#8915,#8916,#8917,#8918),
 .UNSPECIFIED.,.F.,.F.,(4,1,4),(0.,0.0538661049942741,0.104561558351147),
 .UNSPECIFIED.);
#515=B_SPLINE_CURVE_WITH_KNOTS('',3,(#8932,#8933,#8934,#8935,#8936),
 .UNSPECIFIED.,.F.,.F.,(4,1,4),(0.,0.0647777139852848,0.122904225443434),
 .UNSPECIFIED.);
#516=B_SPLINE_CURVE_WITH_KNOTS('',3,(#8949,#8950,#8951,#8952,#8953),
 .UNSPECIFIED.,.F.,.F.,(4,1,4),(0.,0.0742555577215876,0.151217880905989),
 .UNSPECIFIED.);
#517=B_SPLINE_CURVE_WITH_KNOTS('',3,(#8966,#8967,#8968,#8969,#8970),
 .UNSPECIFIED.,.F.,.F.,(4,1,4),(0.,0.078796958996359,0.153691743496561),
 .UNSPECIFIED.);
#518=B_SPLINE_CURVE_WITH_KNOTS('',3,(#8983,#8984,#8985,#8986,#8987),
 .UNSPECIFIED.,.F.,.F.,(4,1,4),(0.,0.0784006991950328,0.158687484929519),
 .UNSPECIFIED.);
#519=B_SPLINE_CURVE_WITH_KNOTS('',3,(#9000,#9001,#9002,#9003,#9004),
 .UNSPECIFIED.,.F.,.F.,(4,1,4),(0.,0.0795445604513789,0.166503058975683),
 .UNSPECIFIED.);
#520=B_SPLINE_CURVE_WITH_KNOTS('',3,(#9017,#9018,#9019,#9020,#9021),
 .UNSPECIFIED.,.F.,.F.,(4,1,4),(0.,0.0850880323244921,0.164017875646396),
 .UNSPECIFIED.);
#521=B_SPLINE_CURVE_WITH_KNOTS('',3,(#9034,#9035,#9036,#9037,#9038),
 .UNSPECIFIED.,.F.,.F.,(4,1,4),(0.,0.0617021028191421,0.127563131705973),
 .UNSPECIFIED.);
#522=B_SPLINE_CURVE_WITH_KNOTS('',3,(#9051,#9052,#9053,#9054,#9055),
 .UNSPECIFIED.,.F.,.F.,(4,1,4),(0.,0.059186466104345,0.11886373798631),
 .UNSPECIFIED.);
#523=B_SPLINE_CURVE_WITH_KNOTS('',3,(#9068,#9069,#9070,#9071,#9072),
 .UNSPECIFIED.,.F.,.F.,(4,1,4),(0.,0.0652798670152088,0.126530307447917),
 .UNSPECIFIED.);
#524=B_SPLINE_CURVE_WITH_KNOTS('',3,(#9085,#9086,#9087,#9088,#9089),
 .UNSPECIFIED.,.F.,.F.,(4,1,4),(0.,0.0456533248730158,0.0946002379058796),
 .UNSPECIFIED.);
#525=B_SPLINE_CURVE_WITH_KNOTS('',3,(#9100,#9101,#9102,#9103,#9104),
 .UNSPECIFIED.,.F.,.F.,(4,1,4),(0.,0.0493904816771425,0.0971828859350743),
 .UNSPECIFIED.);
#526=B_SPLINE_CURVE_WITH_KNOTS('',3,(#9118,#9119,#9120,#9121,#9122),
 .UNSPECIFIED.,.F.,.F.,(4,1,4),(0.,0.0705619182189603,0.146206601164088),
 .UNSPECIFIED.);
#527=B_SPLINE_CURVE_WITH_KNOTS('',3,(#9126,#9127,#9128,#9129,#9130),
 .UNSPECIFIED.,.F.,.F.,(4,1,4),(0.,0.0705619182189603,0.146206601164088),
 .UNSPECIFIED.);
#528=B_SPLINE_CURVE_WITH_KNOTS('',3,(#9143,#9144,#9145,#9146,#9147),
 .UNSPECIFIED.,.F.,.F.,(4,1,4),(0.,0.043996673191965,0.0895424945280182),
 .UNSPECIFIED.);
#529=B_SPLINE_CURVE_WITH_KNOTS('',3,(#9150,#9151,#9152,#9153,#9154),
 .UNSPECIFIED.,.F.,.F.,(4,1,4),(0.,0.043996673191965,0.0895424945280182),
 .UNSPECIFIED.);
#530=B_SPLINE_CURVE_WITH_KNOTS('',3,(#9166,#9167,#9168,#9169,#9170),
 .UNSPECIFIED.,.F.,.F.,(4,1,4),(0.,0.0532455445203339,0.0997396596367622),
 .UNSPECIFIED.);
#531=B_SPLINE_CURVE_WITH_KNOTS('',3,(#9173,#9174,#9175,#9176,#9177),
 .UNSPECIFIED.,.F.,.F.,(4,1,4),(0.,0.0532455445203339,0.0997396596367622),
 .UNSPECIFIED.);
#532=B_SPLINE_CURVE_WITH_KNOTS('',3,(#9189,#9190,#9191,#9192,#9193),
 .UNSPECIFIED.,.F.,.F.,(4,1,4),(0.,0.0581618893664767,0.112116769637422),
 .UNSPECIFIED.);
#533=B_SPLINE_CURVE_WITH_KNOTS('',3,(#9196,#9197,#9198,#9199,#9200),
 .UNSPECIFIED.,.F.,.F.,(4,1,4),(0.,0.0581618893664767,0.112116769637422),
 .UNSPECIFIED.);
#534=B_SPLINE_CURVE_WITH_KNOTS('',3,(#9212,#9213,#9214,#9215,#9216),
 .UNSPECIFIED.,.F.,.F.,(4,1,4),(0.,0.0491998104077737,0.105561160379102),
 .UNSPECIFIED.);
#535=B_SPLINE_CURVE_WITH_KNOTS('',3,(#9219,#9220,#9221,#9222,#9223),
 .UNSPECIFIED.,.F.,.F.,(4,1,4),(0.,0.0491998104077737,0.105561160379102),
 .UNSPECIFIED.);
#536=B_SPLINE_CURVE_WITH_KNOTS('',3,(#9235,#9236,#9237,#9238,#9239),
 .UNSPECIFIED.,.F.,.F.,(4,1,4),(0.,0.0413732050667864,0.0856344497702388),
 .UNSPECIFIED.);
#537=B_SPLINE_CURVE_WITH_KNOTS('',3,(#9242,#9243,#9244,#9245,#9246),
 .UNSPECIFIED.,.F.,.F.,(4,1,4),(0.,0.0413732050667864,0.0856344497702388),
 .UNSPECIFIED.);
#538=B_SPLINE_CURVE_WITH_KNOTS('',3,(#9258,#9259,#9260,#9261,#9262),
 .UNSPECIFIED.,.F.,.F.,(4,1,4),(0.,0.0447230636281023,0.09174841674729),
 .UNSPECIFIED.);
#539=B_SPLINE_CURVE_WITH_KNOTS('',3,(#9265,#9266,#9267,#9268,#9269),
 .UNSPECIFIED.,.F.,.F.,(4,1,4),(0.,0.0447230636281023,0.09174841674729),
 .UNSPECIFIED.);
#540=B_SPLINE_CURVE_WITH_KNOTS('',3,(#9281,#9282,#9283,#9284,#9285),
 .UNSPECIFIED.,.F.,.F.,(4,1,4),(0.,0.0479684128330898,0.0934899891037327),
 .UNSPECIFIED.);
#541=B_SPLINE_CURVE_WITH_KNOTS('',3,(#9288,#9289,#9290,#9291,#9292),
 .UNSPECIFIED.,.F.,.F.,(4,1,4),(0.,0.0479684128330898,0.0934899891037327),
 .UNSPECIFIED.);
#542=B_SPLINE_CURVE_WITH_KNOTS('',3,(#9303,#9304,#9305,#9306,#9307),
 .UNSPECIFIED.,.F.,.F.,(4,1,4),(0.,0.0817458809769658,0.163098675798662),
 .UNSPECIFIED.);
#543=B_SPLINE_CURVE_WITH_KNOTS('',3,(#9308,#9309,#9310,#9311,#9312),
 .UNSPECIFIED.,.F.,.F.,(4,1,4),(0.,0.0817458809769658,0.163098675798662),
 .UNSPECIFIED.);
#544=B_SPLINE_CURVE_WITH_KNOTS('',3,(#9326,#9327,#9328,#9329,#9330),
 .UNSPECIFIED.,.F.,.F.,(4,1,4),(0.,0.0538661946265388,0.104561710740014),
 .UNSPECIFIED.);
#545=B_SPLINE_CURVE_WITH_KNOTS('',3,(#9344,#9345,#9346,#9347,#9348),
 .UNSPECIFIED.,.F.,.F.,(4,1,4),(0.,0.064777832298008,0.122904234987841),
 .UNSPECIFIED.);
#546=B_SPLINE_CURVE_WITH_KNOTS('',3,(#9361,#9362,#9363,#9364,#9365),
 .UNSPECIFIED.,.F.,.F.,(4,1,4),(0.,0.0742553395258581,0.151217780913823),
 .UNSPECIFIED.);
#547=B_SPLINE_CURVE_WITH_KNOTS('',3,(#9378,#9379,#9380,#9381,#9382),
 .UNSPECIFIED.,.F.,.F.,(4,1,4),(0.,0.0787970253001916,0.153691718869676),
 .UNSPECIFIED.);
#548=B_SPLINE_CURVE_WITH_KNOTS('',3,(#9395,#9396,#9397,#9398,#9399),
 .UNSPECIFIED.,.F.,.F.,(4,1,4),(0.,0.0784006991950328,0.1586875263284),
 .UNSPECIFIED.);
#549=B_SPLINE_CURVE_WITH_KNOTS('',3,(#9412,#9413,#9414,#9415,#9416),
 .UNSPECIFIED.,.F.,.F.,(4,1,4),(0.,0.0795447530849952,0.166503212451304),
 .UNSPECIFIED.);
#550=B_SPLINE_CURVE_WITH_KNOTS('',3,(#9429,#9430,#9431,#9432,#9433),
 .UNSPECIFIED.,.F.,.F.,(4,1,4),(0.,0.0850881498118495,0.164017893394376),
 .UNSPECIFIED.);
#551=B_SPLINE_CURVE_WITH_KNOTS('',3,(#9446,#9447,#9448,#9449,#9450),
 .UNSPECIFIED.,.F.,.F.,(4,1,4),(0.,0.0617021028191421,0.127563131705973),
 .UNSPECIFIED.);
#552=B_SPLINE_CURVE_WITH_KNOTS('',3,(#9463,#9464,#9465,#9466,#9467),
 .UNSPECIFIED.,.F.,.F.,(4,1,4),(0.,0.0591863849586814,0.118863656840646),
 .UNSPECIFIED.);
#553=B_SPLINE_CURVE_WITH_KNOTS('',3,(#9480,#9481,#9482,#9483,#9484),
 .UNSPECIFIED.,.F.,.F.,(4,1,4),(0.,0.0652799071096765,0.126530408030858),
 .UNSPECIFIED.);
#554=B_SPLINE_CURVE_WITH_KNOTS('',3,(#9497,#9498,#9499,#9500,#9501),
 .UNSPECIFIED.,.F.,.F.,(4,1,4),(0.,0.0456533161897724,0.0946002292226361),
 .UNSPECIFIED.);
#555=B_SPLINE_CURVE_WITH_KNOTS('',3,(#9512,#9513,#9514,#9515,#9516),
 .UNSPECIFIED.,.F.,.F.,(4,1,4),(0.,0.0493904816771425,0.0971828735995474),
 .UNSPECIFIED.);
#556=TOROIDAL_SURFACE('',#4932,2.,1.);
#557=TOROIDAL_SURFACE('',#4938,2.,1.);
#558=TOROIDAL_SURFACE('',#4944,2.,1.);
#559=TOROIDAL_SURFACE('',#4950,2.,1.);
#560=TOROIDAL_SURFACE('',#4957,2.,1.);
#561=FACE_OUTER_BOUND('',#826,.T.);
#562=FACE_OUTER_BOUND('',#827,.T.);
#563=FACE_OUTER_BOUND('',#828,.T.);
#564=FACE_OUTER_BOUND('',#829,.T.);
#565=FACE_OUTER_BOUND('',#830,.T.);
#566=FACE_OUTER_BOUND('',#831,.T.);
#567=FACE_OUTER_BOUND('',#832,.T.);
#568=FACE_OUTER_BOUND('',#833,.T.);
#569=FACE_OUTER_BOUND('',#834,.T.);
#570=FACE_OUTER_BOUND('',#835,.T.);
#571=FACE_OUTER_BOUND('',#836,.T.);
#572=FACE_OUTER_BOUND('',#837,.T.);
#573=FACE_OUTER_BOUND('',#838,.T.);
#574=FACE_OUTER_BOUND('',#839,.T.);
#575=FACE_OUTER_BOUND('',#840,.T.);
#576=FACE_OUTER_BOUND('',#841,.T.);
#577=FACE_OUTER_BOUND('',#842,.T.);
#578=FACE_OUTER_BOUND('',#843,.T.);
#579=FACE_OUTER_BOUND('',#844,.T.);
#580=FACE_OUTER_BOUND('',#845,.T.);
#581=FACE_OUTER_BOUND('',#846,.T.);
#582=FACE_OUTER_BOUND('',#847,.T.);
#583=FACE_OUTER_BOUND('',#862,.T.);
#584=FACE_OUTER_BOUND('',#864,.T.);
#585=FACE_OUTER_BOUND('',#865,.T.);
#586=FACE_OUTER_BOUND('',#866,.T.);
#587=FACE_OUTER_BOUND('',#867,.T.);
#588=FACE_OUTER_BOUND('',#868,.T.);
#589=FACE_OUTER_BOUND('',#869,.T.);
#590=FACE_OUTER_BOUND('',#870,.T.);
#591=FACE_OUTER_BOUND('',#871,.T.);
#592=FACE_OUTER_BOUND('',#872,.T.);
#593=FACE_OUTER_BOUND('',#873,.T.);
#594=FACE_OUTER_BOUND('',#874,.T.);
#595=FACE_OUTER_BOUND('',#875,.T.);
#596=FACE_OUTER_BOUND('',#876,.T.);
#597=FACE_OUTER_BOUND('',#877,.T.);
#598=FACE_OUTER_BOUND('',#878,.T.);
#599=FACE_OUTER_BOUND('',#879,.T.);
#600=FACE_OUTER_BOUND('',#880,.T.);
#601=FACE_OUTER_BOUND('',#881,.T.);
#602=FACE_OUTER_BOUND('',#882,.T.);
#603=FACE_OUTER_BOUND('',#883,.T.);
#604=FACE_OUTER_BOUND('',#884,.T.);
#605=FACE_OUTER_BOUND('',#885,.T.);
#606=FACE_OUTER_BOUND('',#886,.T.);
#607=FACE_OUTER_BOUND('',#887,.T.);
#608=FACE_OUTER_BOUND('',#889,.T.);
#609=FACE_OUTER_BOUND('',#890,.T.);
#610=FACE_OUTER_BOUND('',#891,.T.);
#611=FACE_OUTER_BOUND('',#892,.T.);
#612=FACE_OUTER_BOUND('',#893,.T.);
#613=FACE_OUTER_BOUND('',#894,.T.);
#614=FACE_OUTER_BOUND('',#895,.T.);
#615=FACE_OUTER_BOUND('',#896,.T.);
#616=FACE_OUTER_BOUND('',#897,.T.);
#617=FACE_OUTER_BOUND('',#898,.T.);
#618=FACE_OUTER_BOUND('',#899,.T.);
#619=FACE_OUTER_BOUND('',#900,.T.);
#620=FACE_OUTER_BOUND('',#901,.T.);
#621=FACE_OUTER_BOUND('',#902,.T.);
#622=FACE_OUTER_BOUND('',#903,.T.);
#623=FACE_OUTER_BOUND('',#904,.T.);
#624=FACE_OUTER_BOUND('',#905,.T.);
#625=FACE_OUTER_BOUND('',#906,.T.);
#626=FACE_OUTER_BOUND('',#907,.T.);
#627=FACE_OUTER_BOUND('',#908,.T.);
#628=FACE_OUTER_BOUND('',#909,.T.);
#629=FACE_OUTER_BOUND('',#910,.T.);
#630=FACE_OUTER_BOUND('',#911,.T.);
#631=FACE_OUTER_BOUND('',#912,.T.);
#632=FACE_OUTER_BOUND('',#913,.T.);
#633=FACE_OUTER_BOUND('',#914,.T.);
#634=FACE_OUTER_BOUND('',#915,.T.);
#635=FACE_OUTER_BOUND('',#916,.T.);
#636=FACE_OUTER_BOUND('',#917,.T.);
#637=FACE_OUTER_BOUND('',#918,.T.);
#638=FACE_OUTER_BOUND('',#919,.T.);
#639=FACE_OUTER_BOUND('',#920,.T.);
#640=FACE_OUTER_BOUND('',#921,.T.);
#641=FACE_OUTER_BOUND('',#922,.T.);
#642=FACE_OUTER_BOUND('',#923,.T.);
#643=FACE_OUTER_BOUND('',#924,.T.);
#644=FACE_OUTER_BOUND('',#925,.T.);
#645=FACE_OUTER_BOUND('',#926,.T.);
#646=FACE_OUTER_BOUND('',#927,.T.);
#647=FACE_OUTER_BOUND('',#928,.T.);
#648=FACE_OUTER_BOUND('',#929,.T.);
#649=FACE_OUTER_BOUND('',#930,.T.);
#650=FACE_OUTER_BOUND('',#931,.T.);
#651=FACE_OUTER_BOUND('',#932,.T.);
#652=FACE_OUTER_BOUND('',#933,.T.);
#653=FACE_OUTER_BOUND('',#934,.T.);
#654=FACE_OUTER_BOUND('',#935,.T.);
#655=FACE_OUTER_BOUND('',#936,.T.);
#656=FACE_OUTER_BOUND('',#937,.T.);
#657=FACE_OUTER_BOUND('',#938,.T.);
#658=FACE_OUTER_BOUND('',#939,.T.);
#659=FACE_OUTER_BOUND('',#940,.T.);
#660=FACE_OUTER_BOUND('',#941,.T.);
#661=FACE_OUTER_BOUND('',#942,.T.);
#662=FACE_OUTER_BOUND('',#943,.T.);
#663=FACE_OUTER_BOUND('',#944,.T.);
#664=FACE_OUTER_BOUND('',#945,.T.);
#665=FACE_OUTER_BOUND('',#946,.T.);
#666=FACE_OUTER_BOUND('',#947,.T.);
#667=FACE_OUTER_BOUND('',#948,.T.);
#668=FACE_OUTER_BOUND('',#949,.T.);
#669=FACE_OUTER_BOUND('',#950,.T.);
#670=FACE_OUTER_BOUND('',#951,.T.);
#671=FACE_OUTER_BOUND('',#952,.T.);
#672=FACE_OUTER_BOUND('',#953,.T.);
#673=FACE_OUTER_BOUND('',#954,.T.);
#674=FACE_OUTER_BOUND('',#955,.T.);
#675=FACE_OUTER_BOUND('',#956,.T.);
#676=FACE_OUTER_BOUND('',#957,.T.);
#677=FACE_OUTER_BOUND('',#958,.T.);
#678=FACE_OUTER_BOUND('',#959,.T.);
#679=FACE_OUTER_BOUND('',#960,.T.);
#680=FACE_OUTER_BOUND('',#961,.T.);
#681=FACE_OUTER_BOUND('',#962,.T.);
#682=FACE_OUTER_BOUND('',#963,.T.);
#683=FACE_OUTER_BOUND('',#964,.T.);
#684=FACE_OUTER_BOUND('',#965,.T.);
#685=FACE_OUTER_BOUND('',#966,.T.);
#686=FACE_OUTER_BOUND('',#967,.T.);
#687=FACE_OUTER_BOUND('',#968,.T.);
#688=FACE_OUTER_BOUND('',#969,.T.);
#689=FACE_OUTER_BOUND('',#970,.T.);
#690=FACE_OUTER_BOUND('',#971,.T.);
#691=FACE_OUTER_BOUND('',#972,.T.);
#692=FACE_OUTER_BOUND('',#973,.T.);
#693=FACE_OUTER_BOUND('',#974,.T.);
#694=FACE_OUTER_BOUND('',#975,.T.);
#695=FACE_OUTER_BOUND('',#976,.T.);
#696=FACE_OUTER_BOUND('',#977,.T.);
#697=FACE_OUTER_BOUND('',#978,.T.);
#698=FACE_OUTER_BOUND('',#979,.T.);
#699=FACE_OUTER_BOUND('',#980,.T.);
#700=FACE_OUTER_BOUND('',#981,.T.);
#701=FACE_OUTER_BOUND('',#982,.T.);
#702=FACE_OUTER_BOUND('',#983,.T.);
#703=FACE_OUTER_BOUND('',#984,.T.);
#704=FACE_OUTER_BOUND('',#985,.T.);
#705=FACE_OUTER_BOUND('',#987,.T.);
#706=FACE_OUTER_BOUND('',#988,.T.);
#707=FACE_OUTER_BOUND('',#989,.T.);
#708=FACE_OUTER_BOUND('',#990,.T.);
#709=FACE_OUTER_BOUND('',#991,.T.);
#710=FACE_OUTER_BOUND('',#992,.T.);
#711=FACE_OUTER_BOUND('',#993,.T.);
#712=FACE_OUTER_BOUND('',#994,.T.);
#713=FACE_OUTER_BOUND('',#995,.T.);
#714=FACE_OUTER_BOUND('',#996,.T.);
#715=FACE_OUTER_BOUND('',#997,.T.);
#716=FACE_OUTER_BOUND('',#998,.T.);
#717=FACE_OUTER_BOUND('',#999,.T.);
#718=FACE_OUTER_BOUND('',#1000,.T.);
#719=FACE_OUTER_BOUND('',#1001,.T.);
#720=FACE_OUTER_BOUND('',#1002,.T.);
#721=FACE_OUTER_BOUND('',#1003,.T.);
#722=FACE_OUTER_BOUND('',#1004,.T.);
#723=FACE_OUTER_BOUND('',#1005,.T.);
#724=FACE_OUTER_BOUND('',#1007,.T.);
#725=FACE_OUTER_BOUND('',#1008,.T.);
#726=FACE_OUTER_BOUND('',#1009,.T.);
#727=FACE_OUTER_BOUND('',#1010,.T.);
#728=FACE_OUTER_BOUND('',#1011,.T.);
#729=FACE_OUTER_BOUND('',#1012,.T.);
#730=FACE_OUTER_BOUND('',#1013,.T.);
#731=FACE_OUTER_BOUND('',#1014,.T.);
#732=FACE_OUTER_BOUND('',#1015,.T.);
#733=FACE_OUTER_BOUND('',#1016,.T.);
#734=FACE_OUTER_BOUND('',#1017,.T.);
#735=FACE_OUTER_BOUND('',#1018,.T.);
#736=FACE_OUTER_BOUND('',#1019,.T.);
#737=FACE_OUTER_BOUND('',#1020,.T.);
#738=FACE_OUTER_BOUND('',#1021,.T.);
#739=FACE_OUTER_BOUND('',#1022,.T.);
#740=FACE_OUTER_BOUND('',#1023,.T.);
#741=FACE_OUTER_BOUND('',#1024,.T.);
#742=FACE_OUTER_BOUND('',#1025,.T.);
#743=FACE_OUTER_BOUND('',#1026,.T.);
#744=FACE_OUTER_BOUND('',#1027,.T.);
#745=FACE_OUTER_BOUND('',#1028,.T.);
#746=FACE_OUTER_BOUND('',#1029,.T.);
#747=FACE_OUTER_BOUND('',#1030,.T.);
#748=FACE_OUTER_BOUND('',#1031,.T.);
#749=FACE_OUTER_BOUND('',#1032,.T.);
#750=FACE_OUTER_BOUND('',#1033,.T.);
#751=FACE_OUTER_BOUND('',#1034,.T.);
#752=FACE_OUTER_BOUND('',#1035,.T.);
#753=FACE_OUTER_BOUND('',#1036,.T.);
#754=FACE_OUTER_BOUND('',#1037,.T.);
#755=FACE_OUTER_BOUND('',#1038,.T.);
#756=FACE_OUTER_BOUND('',#1039,.T.);
#757=FACE_OUTER_BOUND('',#1040,.T.);
#758=FACE_OUTER_BOUND('',#1041,.T.);
#759=FACE_OUTER_BOUND('',#1042,.T.);
#760=FACE_OUTER_BOUND('',#1043,.T.);
#761=FACE_OUTER_BOUND('',#1044,.T.);
#762=FACE_OUTER_BOUND('',#1045,.T.);
#763=FACE_OUTER_BOUND('',#1046,.T.);
#764=FACE_OUTER_BOUND('',#1047,.T.);
#765=FACE_OUTER_BOUND('',#1048,.T.);
#766=FACE_OUTER_BOUND('',#1049,.T.);
#767=FACE_OUTER_BOUND('',#1050,.T.);
#768=FACE_OUTER_BOUND('',#1051,.T.);
#769=FACE_OUTER_BOUND('',#1052,.T.);
#770=FACE_OUTER_BOUND('',#1053,.T.);
#771=FACE_OUTER_BOUND('',#1054,.T.);
#772=FACE_OUTER_BOUND('',#1055,.T.);
#773=FACE_OUTER_BOUND('',#1056,.T.);
#774=FACE_OUTER_BOUND('',#1057,.T.);
#775=FACE_OUTER_BOUND('',#1058,.T.);
#776=FACE_OUTER_BOUND('',#1059,.T.);
#777=FACE_OUTER_BOUND('',#1060,.T.);
#778=FACE_OUTER_BOUND('',#1061,.T.);
#779=FACE_OUTER_BOUND('',#1062,.T.);
#780=FACE_OUTER_BOUND('',#1063,.T.);
#781=FACE_OUTER_BOUND('',#1064,.T.);
#782=FACE_OUTER_BOUND('',#1065,.T.);
#783=FACE_OUTER_BOUND('',#1066,.T.);
#784=FACE_OUTER_BOUND('',#1067,.T.);
#785=FACE_OUTER_BOUND('',#1069,.T.);
#786=FACE_OUTER_BOUND('',#1070,.T.);
#787=FACE_OUTER_BOUND('',#1071,.T.);
#788=FACE_OUTER_BOUND('',#1072,.T.);
#789=FACE_OUTER_BOUND('',#1073,.T.);
#790=FACE_OUTER_BOUND('',#1074,.T.);
#791=FACE_OUTER_BOUND('',#1075,.T.);
#792=FACE_OUTER_BOUND('',#1076,.T.);
#793=FACE_OUTER_BOUND('',#1077,.T.);
#794=FACE_OUTER_BOUND('',#1078,.T.);
#795=FACE_OUTER_BOUND('',#1079,.T.);
#796=FACE_OUTER_BOUND('',#1080,.T.);
#797=FACE_OUTER_BOUND('',#1081,.T.);
#798=FACE_OUTER_BOUND('',#1082,.T.);
#799=FACE_OUTER_BOUND('',#1083,.T.);
#800=FACE_OUTER_BOUND('',#1084,.T.);
#801=FACE_OUTER_BOUND('',#1085,.T.);
#802=FACE_OUTER_BOUND('',#1086,.T.);
#803=FACE_OUTER_BOUND('',#1087,.T.);
#804=FACE_OUTER_BOUND('',#1088,.T.);
#805=FACE_OUTER_BOUND('',#1089,.T.);
#806=FACE_OUTER_BOUND('',#1090,.T.);
#807=FACE_OUTER_BOUND('',#1092,.T.);
#808=FACE_OUTER_BOUND('',#1093,.T.);
#809=FACE_OUTER_BOUND('',#1094,.T.);
#810=FACE_OUTER_BOUND('',#1095,.T.);
#811=FACE_OUTER_BOUND('',#1096,.T.);
#812=FACE_OUTER_BOUND('',#1097,.T.);
#813=FACE_OUTER_BOUND('',#1098,.T.);
#814=FACE_OUTER_BOUND('',#1099,.T.);
#815=FACE_OUTER_BOUND('',#1100,.T.);
#816=FACE_OUTER_BOUND('',#1101,.T.);
#817=FACE_OUTER_BOUND('',#1102,.T.);
#818=FACE_OUTER_BOUND('',#1103,.T.);
#819=FACE_OUTER_BOUND('',#1105,.T.);
#820=FACE_OUTER_BOUND('',#1106,.T.);
#821=FACE_OUTER_BOUND('',#1107,.T.);
#822=FACE_OUTER_BOUND('',#1108,.T.);
#823=FACE_OUTER_BOUND('',#1109,.T.);
#824=FACE_OUTER_BOUND('',#1110,.T.);
#825=FACE_OUTER_BOUND('',#1111,.T.);
#826=EDGE_LOOP('',(#3194,#3195,#3196,#3197));
#827=EDGE_LOOP('',(#3198,#3199,#3200,#3201));
#828=EDGE_LOOP('',(#3202,#3203,#3204,#3205));
#829=EDGE_LOOP('',(#3206,#3207,#3208,#3209));
#830=EDGE_LOOP('',(#3210,#3211,#3212,#3213));
#831=EDGE_LOOP('',(#3214,#3215,#3216,#3217));
#832=EDGE_LOOP('',(#3218,#3219,#3220,#3221));
#833=EDGE_LOOP('',(#3222,#3223,#3224,#3225,#3226,#3227,#3228,#3229));
#834=EDGE_LOOP('',(#3230,#3231,#3232,#3233));
#835=EDGE_LOOP('',(#3234,#3235,#3236));
#836=EDGE_LOOP('',(#3237,#3238,#3239,#3240,#3241));
#837=EDGE_LOOP('',(#3242,#3243,#3244,#3245));
#838=EDGE_LOOP('',(#3246,#3247,#3248,#3249));
#839=EDGE_LOOP('',(#3250,#3251,#3252,#3253));
#840=EDGE_LOOP('',(#3254,#3255,#3256,#3257));
#841=EDGE_LOOP('',(#3258,#3259,#3260,#3261));
#842=EDGE_LOOP('',(#3262,#3263,#3264,#3265));
#843=EDGE_LOOP('',(#3266,#3267,#3268,#3269,#3270,#3271,#3272,#3273));
#844=EDGE_LOOP('',(#3274,#3275,#3276,#3277));
#845=EDGE_LOOP('',(#3278,#3279,#3280,#3281,#3282));
#846=EDGE_LOOP('',(#3283,#3284,#3285));
#847=EDGE_LOOP('',(#3286,#3287,#3288,#3289,#3290,#3291,#3292,#3293,#3294,
#3295,#3296,#3297,#3298,#3299,#3300,#3301,#3302,#3303));
#848=EDGE_LOOP('',(#3304,#3305,#3306,#3307,#3308,#3309,#3310,#3311,#3312,
#3313,#3314,#3315,#3316));
#849=EDGE_LOOP('',(#3317,#3318,#3319,#3320,#3321,#3322,#3323,#3324,#3325,
#3326,#3327,#3328));
#850=EDGE_LOOP('',(#3329,#3330,#3331,#3332,#3333,#3334,#3335,#3336,#3337,
#3338,#3339,#3340,#3341,#3342,#3343,#3344,#3345,#3346,#3347,#3348));
#851=EDGE_LOOP('',(#3349,#3350,#3351,#3352,#3353,#3354,#3355,#3356,#3357,
#3358,#3359,#3360,#3361,#3362,#3363,#3364,#3365,#3366,#3367));
#852=EDGE_LOOP('',(#3368,#3369,#3370,#3371));
#853=EDGE_LOOP('',(#3372,#3373,#3374,#3375));
#854=EDGE_LOOP('',(#3376,#3377,#3378,#3379,#3380,#3381,#3382,#3383,#3384,
#3385,#3386,#3387,#3388,#3389,#3390,#3391,#3392,#3393,#3394,#3395,#3396,
#3397,#3398));
#855=EDGE_LOOP('',(#3399,#3400,#3401,#3402,#3403,#3404,#3405,#3406,#3407));
#856=EDGE_LOOP('',(#3408,#3409,#3410,#3411,#3412,#3413,#3414,#3415,#3416,
#3417,#3418,#3419));
#857=EDGE_LOOP('',(#3420,#3421,#3422,#3423,#3424,#3425,#3426,#3427,#3428,
#3429,#3430,#3431,#3432));
#858=EDGE_LOOP('',(#3433,#3434,#3435,#3436,#3437,#3438,#3439,#3440,#3441,
#3442,#3443,#3444));
#859=EDGE_LOOP('',(#3445,#3446,#3447,#3448,#3449,#3450,#3451,#3452,#3453,
#3454,#3455,#3456));
#860=EDGE_LOOP('',(#3457,#3458,#3459,#3460,#3461,#3462,#3463,#3464));
#861=EDGE_LOOP('',(#3465));
#862=EDGE_LOOP('',(#3466,#3467,#3468,#3469,#3470,#3471,#3472,#3473));
#863=EDGE_LOOP('',(#3474));
#864=EDGE_LOOP('',(#3475,#3476,#3477,#3478));
#865=EDGE_LOOP('',(#3479,#3480,#3481,#3482));
#866=EDGE_LOOP('',(#3483,#3484,#3485,#3486));
#867=EDGE_LOOP('',(#3487,#3488,#3489,#3490));
#868=EDGE_LOOP('',(#3491,#3492,#3493,#3494));
#869=EDGE_LOOP('',(#3495,#3496,#3497,#3498));
#870=EDGE_LOOP('',(#3499,#3500,#3501,#3502));
#871=EDGE_LOOP('',(#3503,#3504,#3505,#3506));
#872=EDGE_LOOP('',(#3507,#3508,#3509,#3510));
#873=EDGE_LOOP('',(#3511,#3512,#3513,#3514));
#874=EDGE_LOOP('',(#3515,#3516,#3517,#3518));
#875=EDGE_LOOP('',(#3519,#3520,#3521,#3522));
#876=EDGE_LOOP('',(#3523,#3524,#3525,#3526));
#877=EDGE_LOOP('',(#3527,#3528,#3529,#3530));
#878=EDGE_LOOP('',(#3531,#3532,#3533,#3534));
#879=EDGE_LOOP('',(#3535,#3536,#3537,#3538));
#880=EDGE_LOOP('',(#3539,#3540,#3541,#3542));
#881=EDGE_LOOP('',(#3543,#3544,#3545,#3546));
#882=EDGE_LOOP('',(#3547,#3548,#3549,#3550));
#883=EDGE_LOOP('',(#3551,#3552,#3553,#3554));
#884=EDGE_LOOP('',(#3555,#3556,#3557,#3558));
#885=EDGE_LOOP('',(#3559,#3560,#3561,#3562));
#886=EDGE_LOOP('',(#3563,#3564,#3565,#3566));
#887=EDGE_LOOP('',(#3567,#3568,#3569,#3570,#3571,#3572,#3573,#3574,#3575,
#3576,#3577,#3578,#3579));
#888=EDGE_LOOP('',(#3580,#3581,#3582,#3583,#3584,#3585,#3586,#3587,#3588,
#3589));
#889=EDGE_LOOP('',(#3590,#3591,#3592,#3593));
#890=EDGE_LOOP('',(#3594,#3595,#3596,#3597));
#891=EDGE_LOOP('',(#3598,#3599,#3600,#3601));
#892=EDGE_LOOP('',(#3602,#3603,#3604,#3605));
#893=EDGE_LOOP('',(#3606,#3607,#3608,#3609));
#894=EDGE_LOOP('',(#3610,#3611,#3612,#3613));
#895=EDGE_LOOP('',(#3614,#3615,#3616,#3617));
#896=EDGE_LOOP('',(#3618,#3619,#3620,#3621));
#897=EDGE_LOOP('',(#3622,#3623,#3624,#3625));
#898=EDGE_LOOP('',(#3626,#3627,#3628,#3629));
#899=EDGE_LOOP('',(#3630,#3631,#3632,#3633));
#900=EDGE_LOOP('',(#3634,#3635,#3636,#3637));
#901=EDGE_LOOP('',(#3638,#3639,#3640,#3641,#3642,#3643,#3644,#3645,#3646,
#3647,#3648,#3649));
#902=EDGE_LOOP('',(#3650,#3651,#3652,#3653));
#903=EDGE_LOOP('',(#3654,#3655,#3656,#3657));
#904=EDGE_LOOP('',(#3658,#3659,#3660,#3661));
#905=EDGE_LOOP('',(#3662,#3663,#3664,#3665));
#906=EDGE_LOOP('',(#3666,#3667,#3668,#3669));
#907=EDGE_LOOP('',(#3670,#3671,#3672,#3673));
#908=EDGE_LOOP('',(#3674,#3675,#3676,#3677));
#909=EDGE_LOOP('',(#3678,#3679,#3680,#3681));
#910=EDGE_LOOP('',(#3682,#3683,#3684,#3685));
#911=EDGE_LOOP('',(#3686,#3687,#3688,#3689));
#912=EDGE_LOOP('',(#3690,#3691,#3692,#3693));
#913=EDGE_LOOP('',(#3694,#3695,#3696,#3697));
#914=EDGE_LOOP('',(#3698,#3699,#3700,#3701));
#915=EDGE_LOOP('',(#3702,#3703,#3704,#3705));
#916=EDGE_LOOP('',(#3706,#3707,#3708,#3709));
#917=EDGE_LOOP('',(#3710,#3711,#3712,#3713));
#918=EDGE_LOOP('',(#3714,#3715,#3716,#3717));
#919=EDGE_LOOP('',(#3718,#3719,#3720,#3721));
#920=EDGE_LOOP('',(#3722,#3723,#3724,#3725));
#921=EDGE_LOOP('',(#3726,#3727,#3728,#3729));
#922=EDGE_LOOP('',(#3730,#3731,#3732,#3733,#3734,#3735,#3736,#3737,#3738,
#3739,#3740,#3741,#3742,#3743,#3744,#3745,#3746,#3747,#3748,#3749));
#923=EDGE_LOOP('',(#3750,#3751,#3752,#3753));
#924=EDGE_LOOP('',(#3754,#3755,#3756,#3757));
#925=EDGE_LOOP('',(#3758,#3759,#3760,#3761));
#926=EDGE_LOOP('',(#3762,#3763,#3764,#3765));
#927=EDGE_LOOP('',(#3766,#3767,#3768,#3769));
#928=EDGE_LOOP('',(#3770,#3771,#3772,#3773));
#929=EDGE_LOOP('',(#3774,#3775,#3776,#3777));
#930=EDGE_LOOP('',(#3778,#3779,#3780,#3781));
#931=EDGE_LOOP('',(#3782,#3783,#3784,#3785));
#932=EDGE_LOOP('',(#3786,#3787,#3788,#3789));
#933=EDGE_LOOP('',(#3790,#3791,#3792,#3793));
#934=EDGE_LOOP('',(#3794,#3795,#3796,#3797));
#935=EDGE_LOOP('',(#3798,#3799,#3800,#3801));
#936=EDGE_LOOP('',(#3802,#3803,#3804,#3805));
#937=EDGE_LOOP('',(#3806,#3807,#3808,#3809));
#938=EDGE_LOOP('',(#3810,#3811,#3812,#3813));
#939=EDGE_LOOP('',(#3814,#3815,#3816,#3817));
#940=EDGE_LOOP('',(#3818,#3819,#3820,#3821));
#941=EDGE_LOOP('',(#3822,#3823,#3824,#3825));
#942=EDGE_LOOP('',(#3826,#3827,#3828,#3829,#3830,#3831,#3832,#3833,#3834,
#3835,#3836,#3837,#3838,#3839,#3840,#3841,#3842,#3843,#3844));
#943=EDGE_LOOP('',(#3845,#3846,#3847,#3848));
#944=EDGE_LOOP('',(#3849,#3850,#3851,#3852));
#945=EDGE_LOOP('',(#3853,#3854,#3855,#3856));
#946=EDGE_LOOP('',(#3857,#3858,#3859,#3860));
#947=EDGE_LOOP('',(#3861,#3862,#3863,#3864));
#948=EDGE_LOOP('',(#3865,#3866,#3867,#3868));
#949=EDGE_LOOP('',(#3869,#3870,#3871,#3872));
#950=EDGE_LOOP('',(#3873,#3874,#3875,#3876));
#951=EDGE_LOOP('',(#3877,#3878,#3879,#3880));
#952=EDGE_LOOP('',(#3881,#3882,#3883,#3884));
#953=EDGE_LOOP('',(#3885,#3886,#3887,#3888));
#954=EDGE_LOOP('',(#3889,#3890,#3891,#3892));
#955=EDGE_LOOP('',(#3893,#3894,#3895,#3896));
#956=EDGE_LOOP('',(#3897,#3898,#3899,#3900));
#957=EDGE_LOOP('',(#3901,#3902,#3903,#3904));
#958=EDGE_LOOP('',(#3905,#3906,#3907,#3908));
#959=EDGE_LOOP('',(#3909,#3910,#3911,#3912));
#960=EDGE_LOOP('',(#3913,#3914,#3915,#3916));
#961=EDGE_LOOP('',(#3917,#3918,#3919,#3920));
#962=EDGE_LOOP('',(#3921,#3922,#3923,#3924));
#963=EDGE_LOOP('',(#3925,#3926,#3927,#3928));
#964=EDGE_LOOP('',(#3929,#3930,#3931,#3932));
#965=EDGE_LOOP('',(#3933,#3934,#3935,#3936));
#966=EDGE_LOOP('',(#3937,#3938,#3939,#3940));
#967=EDGE_LOOP('',(#3941,#3942,#3943,#3944));
#968=EDGE_LOOP('',(#3945,#3946,#3947,#3948));
#969=EDGE_LOOP('',(#3949,#3950,#3951,#3952));
#970=EDGE_LOOP('',(#3953,#3954,#3955,#3956));
#971=EDGE_LOOP('',(#3957,#3958,#3959,#3960));
#972=EDGE_LOOP('',(#3961,#3962,#3963,#3964));
#973=EDGE_LOOP('',(#3965,#3966,#3967,#3968));
#974=EDGE_LOOP('',(#3969,#3970,#3971,#3972));
#975=EDGE_LOOP('',(#3973,#3974,#3975,#3976));
#976=EDGE_LOOP('',(#3977,#3978,#3979,#3980));
#977=EDGE_LOOP('',(#3981,#3982,#3983,#3984));
#978=EDGE_LOOP('',(#3985,#3986,#3987,#3988));
#979=EDGE_LOOP('',(#3989,#3990,#3991,#3992));
#980=EDGE_LOOP('',(#3993,#3994,#3995,#3996));
#981=EDGE_LOOP('',(#3997,#3998,#3999,#4000));
#982=EDGE_LOOP('',(#4001,#4002,#4003,#4004));
#983=EDGE_LOOP('',(#4005,#4006,#4007,#4008));
#984=EDGE_LOOP('',(#4009,#4010,#4011,#4012));
#985=EDGE_LOOP('',(#4013,#4014,#4015,#4016,#4017,#4018,#4019,#4020,#4021,
#4022,#4023,#4024,#4025,#4026,#4027,#4028,#4029,#4030,#4031,#4032,#4033,
#4034,#4035));
#986=EDGE_LOOP('',(#4036,#4037,#4038,#4039,#4040,#4041,#4042,#4043,#4044));
#987=EDGE_LOOP('',(#4045,#4046,#4047,#4048));
#988=EDGE_LOOP('',(#4049,#4050,#4051,#4052));
#989=EDGE_LOOP('',(#4053,#4054,#4055,#4056));
#990=EDGE_LOOP('',(#4057,#4058,#4059,#4060));
#991=EDGE_LOOP('',(#4061,#4062,#4063,#4064));
#992=EDGE_LOOP('',(#4065,#4066,#4067,#4068));
#993=EDGE_LOOP('',(#4069,#4070,#4071,#4072));
#994=EDGE_LOOP('',(#4073,#4074,#4075,#4076));
#995=EDGE_LOOP('',(#4077,#4078,#4079,#4080));
#996=EDGE_LOOP('',(#4081,#4082,#4083,#4084));
#997=EDGE_LOOP('',(#4085,#4086,#4087,#4088));
#998=EDGE_LOOP('',(#4089,#4090,#4091,#4092));
#999=EDGE_LOOP('',(#4093,#4094,#4095,#4096));
#1000=EDGE_LOOP('',(#4097,#4098,#4099,#4100));
#1001=EDGE_LOOP('',(#4101,#4102,#4103,#4104));
#1002=EDGE_LOOP('',(#4105,#4106,#4107,#4108));
#1003=EDGE_LOOP('',(#4109,#4110,#4111,#4112));
#1004=EDGE_LOOP('',(#4113,#4114,#4115,#4116));
#1005=EDGE_LOOP('',(#4117,#4118,#4119,#4120,#4121,#4122,#4123,#4124,#4125));
#1006=EDGE_LOOP('',(#4126,#4127,#4128,#4129,#4130,#4131,#4132,#4133,#4134));
#1007=EDGE_LOOP('',(#4135,#4136,#4137,#4138));
#1008=EDGE_LOOP('',(#4139,#4140,#4141,#4142));
#1009=EDGE_LOOP('',(#4143,#4144,#4145,#4146));
#1010=EDGE_LOOP('',(#4147,#4148,#4149,#4150));
#1011=EDGE_LOOP('',(#4151,#4152,#4153,#4154));
#1012=EDGE_LOOP('',(#4155,#4156,#4157,#4158));
#1013=EDGE_LOOP('',(#4159,#4160,#4161,#4162));
#1014=EDGE_LOOP('',(#4163,#4164,#4165,#4166));
#1015=EDGE_LOOP('',(#4167,#4168,#4169,#4170));
#1016=EDGE_LOOP('',(#4171,#4172,#4173,#4174));
#1017=EDGE_LOOP('',(#4175,#4176,#4177,#4178));
#1018=EDGE_LOOP('',(#4179,#4180,#4181,#4182));
#1019=EDGE_LOOP('',(#4183,#4184,#4185,#4186,#4187,#4188,#4189,#4190,#4191,
#4192,#4193,#4194));
#1020=EDGE_LOOP('',(#4195,#4196,#4197,#4198));
#1021=EDGE_LOOP('',(#4199,#4200,#4201,#4202));
#1022=EDGE_LOOP('',(#4203,#4204,#4205,#4206));
#1023=EDGE_LOOP('',(#4207,#4208,#4209,#4210));
#1024=EDGE_LOOP('',(#4211,#4212,#4213,#4214));
#1025=EDGE_LOOP('',(#4215,#4216,#4217,#4218));
#1026=EDGE_LOOP('',(#4219,#4220,#4221,#4222));
#1027=EDGE_LOOP('',(#4223,#4224,#4225,#4226,#4227,#4228));
#1028=EDGE_LOOP('',(#4229,#4230,#4231,#4232,#4233));
#1029=EDGE_LOOP('',(#4234,#4235,#4236,#4237,#4238));
#1030=EDGE_LOOP('',(#4239,#4240,#4241,#4242));
#1031=EDGE_LOOP('',(#4243,#4244,#4245,#4246,#4247,#4248,#4249,#4250,#4251,
#4252,#4253,#4254,#4255,#4256));
#1032=EDGE_LOOP('',(#4257,#4258,#4259,#4260));
#1033=EDGE_LOOP('',(#4261,#4262,#4263,#4264));
#1034=EDGE_LOOP('',(#4265,#4266,#4267,#4268));
#1035=EDGE_LOOP('',(#4269,#4270,#4271,#4272));
#1036=EDGE_LOOP('',(#4273,#4274,#4275,#4276));
#1037=EDGE_LOOP('',(#4277,#4278,#4279,#4280));
#1038=EDGE_LOOP('',(#4281,#4282,#4283,#4284));
#1039=EDGE_LOOP('',(#4285,#4286,#4287,#4288));
#1040=EDGE_LOOP('',(#4289,#4290,#4291,#4292));
#1041=EDGE_LOOP('',(#4293,#4294,#4295,#4296));
#1042=EDGE_LOOP('',(#4297,#4298,#4299,#4300));
#1043=EDGE_LOOP('',(#4301,#4302,#4303,#4304));
#1044=EDGE_LOOP('',(#4305,#4306,#4307,#4308));
#1045=EDGE_LOOP('',(#4309,#4310,#4311,#4312,#4313,#4314,#4315,#4316,#4317,
#4318,#4319,#4320,#4321));
#1046=EDGE_LOOP('',(#4322,#4323,#4324,#4325));
#1047=EDGE_LOOP('',(#4326,#4327,#4328,#4329));
#1048=EDGE_LOOP('',(#4330,#4331,#4332,#4333));
#1049=EDGE_LOOP('',(#4334,#4335,#4336,#4337));
#1050=EDGE_LOOP('',(#4338,#4339,#4340,#4341));
#1051=EDGE_LOOP('',(#4342,#4343,#4344,#4345));
#1052=EDGE_LOOP('',(#4346,#4347,#4348,#4349));
#1053=EDGE_LOOP('',(#4350,#4351,#4352,#4353));
#1054=EDGE_LOOP('',(#4354,#4355,#4356,#4357));
#1055=EDGE_LOOP('',(#4358,#4359,#4360,#4361));
#1056=EDGE_LOOP('',(#4362,#4363,#4364,#4365));
#1057=EDGE_LOOP('',(#4366,#4367,#4368,#4369));
#1058=EDGE_LOOP('',(#4370,#4371,#4372,#4373));
#1059=EDGE_LOOP('',(#4374,#4375,#4376,#4377));
#1060=EDGE_LOOP('',(#4378,#4379,#4380,#4381));
#1061=EDGE_LOOP('',(#4382,#4383,#4384,#4385));
#1062=EDGE_LOOP('',(#4386,#4387,#4388,#4389));
#1063=EDGE_LOOP('',(#4390,#4391,#4392,#4393));
#1064=EDGE_LOOP('',(#4394,#4395,#4396,#4397));
#1065=EDGE_LOOP('',(#4398,#4399,#4400,#4401));
#1066=EDGE_LOOP('',(#4402,#4403,#4404,#4405));
#1067=EDGE_LOOP('',(#4406,#4407,#4408,#4409,#4410,#4411,#4412,#4413,#4414,
#4415,#4416,#4417));
#1068=EDGE_LOOP('',(#4418,#4419,#4420,#4421,#4422,#4423,#4424,#4425,#4426));
#1069=EDGE_LOOP('',(#4427,#4428,#4429,#4430));
#1070=EDGE_LOOP('',(#4431,#4432,#4433,#4434));
#1071=EDGE_LOOP('',(#4435,#4436,#4437,#4438));
#1072=EDGE_LOOP('',(#4439,#4440,#4441,#4442));
#1073=EDGE_LOOP('',(#4443,#4444,#4445,#4446));
#1074=EDGE_LOOP('',(#4447,#4448,#4449,#4450));
#1075=EDGE_LOOP('',(#4451,#4452,#4453,#4454));
#1076=EDGE_LOOP('',(#4455,#4456,#4457,#4458));
#1077=EDGE_LOOP('',(#4459,#4460,#4461,#4462));
#1078=EDGE_LOOP('',(#4463,#4464,#4465,#4466));
#1079=EDGE_LOOP('',(#4467,#4468,#4469,#4470));
#1080=EDGE_LOOP('',(#4471,#4472,#4473,#4474));
#1081=EDGE_LOOP('',(#4475,#4476,#4477,#4478));
#1082=EDGE_LOOP('',(#4479,#4480,#4481,#4482));
#1083=EDGE_LOOP('',(#4483,#4484,#4485,#4486));
#1084=EDGE_LOOP('',(#4487,#4488,#4489,#4490));
#1085=EDGE_LOOP('',(#4491,#4492,#4493,#4494));
#1086=EDGE_LOOP('',(#4495,#4496,#4497,#4498));
#1087=EDGE_LOOP('',(#4499,#4500,#4501,#4502));
#1088=EDGE_LOOP('',(#4503,#4504,#4505,#4506));
#1089=EDGE_LOOP('',(#4507,#4508,#4509,#4510));
#1090=EDGE_LOOP('',(#4511,#4512,#4513,#4514,#4515,#4516,#4517,#4518,#4519,
#4520,#4521,#4522));
#1091=EDGE_LOOP('',(#4523,#4524,#4525,#4526,#4527,#4528,#4529,#4530,#4531));
#1092=EDGE_LOOP('',(#4532,#4533,#4534,#4535));
#1093=EDGE_LOOP('',(#4536,#4537,#4538,#4539));
#1094=EDGE_LOOP('',(#4540,#4541,#4542,#4543));
#1095=EDGE_LOOP('',(#4544,#4545,#4546,#4547));
#1096=EDGE_LOOP('',(#4548,#4549,#4550,#4551));
#1097=EDGE_LOOP('',(#4552,#4553,#4554,#4555));
#1098=EDGE_LOOP('',(#4556,#4557,#4558,#4559));
#1099=EDGE_LOOP('',(#4560,#4561,#4562,#4563));
#1100=EDGE_LOOP('',(#4564,#4565,#4566,#4567));
#1101=EDGE_LOOP('',(#4568,#4569,#4570,#4571));
#1102=EDGE_LOOP('',(#4572,#4573,#4574,#4575));
#1103=EDGE_LOOP('',(#4576,#4577,#4578,#4579,#4580,#4581,#4582,#4583));
#1104=EDGE_LOOP('',(#4584,#4585,#4586));
#1105=EDGE_LOOP('',(#4587,#4588,#4589));
#1106=EDGE_LOOP('',(#4590,#4591,#4592,#4593,#4594,#4595,#4596,#4597,#4598));
#1107=EDGE_LOOP('',(#4599,#4600,#4601,#4602,#4603,#4604,#4605,#4606,#4607));
#1108=EDGE_LOOP('',(#4608,#4609,#4610,#4611,#4612,#4613,#4614,#4615,#4616));
#1109=EDGE_LOOP('',(#4617,#4618,#4619,#4620,#4621,#4622,#4623,#4624,#4625));
#1110=EDGE_LOOP('',(#4626,#4627,#4628,#4629,#4630,#4631,#4632,#4633,#4634,
#4635));
#1111=EDGE_LOOP('',(#4636,#4637,#4638,#4639));
#1112=LINE('',#5844,#1539);
#1113=LINE('',#5847,#1540);
#1114=LINE('',#5858,#1541);
#1115=LINE('',#5859,#1542);
#1116=LINE('',#5870,#1543);
#1117=LINE('',#5871,#1544);
#1118=LINE('',#5882,#1545);
#1119=LINE('',#5883,#1546);
#1120=LINE('',#5920,#1547);
#1121=LINE('',#5937,#1548);
#1122=LINE('',#5939,#1549);
#1123=LINE('',#5940,#1550);
#1124=LINE('',#5943,#1551);
#1125=LINE('',#5947,#1552);
#1126=LINE('',#5948,#1553);
#1127=LINE('',#5951,#1554);
#1128=LINE('',#5955,#1555);
#1129=LINE('',#5956,#1556);
#1130=LINE('',#5959,#1557);
#1131=LINE('',#5963,#1558);
#1132=LINE('',#5964,#1559);
#1133=LINE('',#5968,#1560);
#1134=LINE('',#5971,#1561);
#1135=LINE('',#5974,#1562);
#1136=LINE('',#5975,#1563);
#1137=LINE('',#5978,#1564);
#1138=LINE('',#5980,#1565);
#1139=LINE('',#5981,#1566);
#1140=LINE('',#5983,#1567);
#1141=LINE('',#5986,#1568);
#1142=LINE('',#5988,#1569);
#1143=LINE('',#5990,#1570);
#1144=LINE('',#5992,#1571);
#1145=LINE('',#5994,#1572);
#1146=LINE('',#5996,#1573);
#1147=LINE('',#5998,#1574);
#1148=LINE('',#6000,#1575);
#1149=LINE('',#6002,#1576);
#1150=LINE('',#6003,#1577);
#1151=LINE('',#6012,#1578);
#1152=LINE('',#6014,#1579);
#1153=LINE('',#6016,#1580);
#1154=LINE('',#6072,#1581);
#1155=LINE('',#6074,#1582);
#1156=LINE('',#6076,#1583);
#1157=LINE('',#6078,#1584);
#1158=LINE('',#6080,#1585);
#1159=LINE('',#6082,#1586);
#1160=LINE('',#6084,#1587);
#1161=LINE('',#6086,#1588);
#1162=LINE('',#6088,#1589);
#1163=LINE('',#6090,#1590);
#1164=LINE('',#6092,#1591);
#1165=LINE('',#6093,#1592);
#1166=LINE('',#6102,#1593);
#1167=LINE('',#6104,#1594);
#1168=LINE('',#6106,#1595);
#1169=LINE('',#6108,#1596);
#1170=LINE('',#6146,#1597);
#1171=LINE('',#6148,#1598);
#1172=LINE('',#6150,#1599);
#1173=LINE('',#6188,#1600);
#1174=LINE('',#6190,#1601);
#1175=LINE('',#6192,#1602);
#1176=LINE('',#6194,#1603);
#1177=LINE('',#6226,#1604);
#1178=LINE('',#6228,#1605);
#1179=LINE('',#6230,#1606);
#1180=LINE('',#6267,#1607);
#1181=LINE('',#6270,#1608);
#1182=LINE('',#6272,#1609);
#1183=LINE('',#6274,#1610);
#1184=LINE('',#6275,#1611);
#1185=LINE('',#6278,#1612);
#1186=LINE('',#6280,#1613);
#1187=LINE('',#6282,#1614);
#1188=LINE('',#6283,#1615);
#1189=LINE('',#6298,#1616);
#1190=LINE('',#6348,#1617);
#1191=LINE('',#6470,#1618);
#1192=LINE('',#6472,#1619);
#1193=LINE('',#6474,#1620);
#1194=LINE('',#6476,#1621);
#1195=LINE('',#6478,#1622);
#1196=LINE('',#6480,#1623);
#1197=LINE('',#6482,#1624);
#1198=LINE('',#6496,#1625);
#1199=LINE('',#6498,#1626);
#1200=LINE('',#6499,#1627);
#1201=LINE('',#6502,#1628);
#1202=LINE('',#6504,#1629);
#1203=LINE('',#6506,#1630);
#1204=LINE('',#6508,#1631);
#1205=LINE('',#6510,#1632);
#1206=LINE('',#6512,#1633);
#1207=LINE('',#6514,#1634);
#1208=LINE('',#6516,#1635);
#1209=LINE('',#6518,#1636);
#1210=LINE('',#6520,#1637);
#1211=LINE('',#6522,#1638);
#1212=LINE('',#6524,#1639);
#1213=LINE('',#6525,#1640);
#1214=LINE('',#6672,#1641);
#1215=LINE('',#6674,#1642);
#1216=LINE('',#6676,#1643);
#1217=LINE('',#6678,#1644);
#1218=LINE('',#6680,#1645);
#1219=LINE('',#6682,#1646);
#1220=LINE('',#6684,#1647);
#1221=LINE('',#6685,#1648);
#1222=LINE('',#6694,#1649);
#1223=LINE('',#6696,#1650);
#1224=LINE('',#6698,#1651);
#1225=LINE('',#6699,#1652);
#1226=LINE('',#6717,#1653);
#1227=LINE('',#6740,#1654);
#1228=LINE('',#6763,#1655);
#1229=LINE('',#6786,#1656);
#1230=LINE('',#6809,#1657);
#1231=LINE('',#6832,#1658);
#1232=LINE('',#6855,#1659);
#1233=LINE('',#6863,#1660);
#1234=LINE('',#6865,#1661);
#1235=LINE('',#6866,#1662);
#1236=LINE('',#6868,#1663);
#1237=LINE('',#6869,#1664);
#1238=LINE('',#6881,#1665);
#1239=LINE('',#6888,#1666);
#1240=LINE('',#6900,#1667);
#1241=LINE('',#6917,#1668);
#1242=LINE('',#6934,#1669);
#1243=LINE('',#6951,#1670);
#1244=LINE('',#6968,#1671);
#1245=LINE('',#6985,#1672);
#1246=LINE('',#7002,#1673);
#1247=LINE('',#7019,#1674);
#1248=LINE('',#7036,#1675);
#1249=LINE('',#7044,#1676);
#1250=LINE('',#7045,#1677);
#1251=LINE('',#7048,#1678);
#1252=LINE('',#7049,#1679);
#1253=LINE('',#7051,#1680);
#1254=LINE('',#7055,#1681);
#1255=LINE('',#7057,#1682);
#1256=LINE('',#7058,#1683);
#1257=LINE('',#7061,#1684);
#1258=LINE('',#7062,#1685);
#1259=LINE('',#7065,#1686);
#1260=LINE('',#7066,#1687);
#1261=LINE('',#7069,#1688);
#1262=LINE('',#7070,#1689);
#1263=LINE('',#7073,#1690);
#1264=LINE('',#7074,#1691);
#1265=LINE('',#7077,#1692);
#1266=LINE('',#7078,#1693);
#1267=LINE('',#7081,#1694);
#1268=LINE('',#7082,#1695);
#1269=LINE('',#7085,#1696);
#1270=LINE('',#7086,#1697);
#1271=LINE('',#7089,#1698);
#1272=LINE('',#7090,#1699);
#1273=LINE('',#7093,#1700);
#1274=LINE('',#7094,#1701);
#1275=LINE('',#7097,#1702);
#1276=LINE('',#7098,#1703);
#1277=LINE('',#7100,#1704);
#1278=LINE('',#7113,#1705);
#1279=LINE('',#7120,#1706);
#1280=LINE('',#7132,#1707);
#1281=LINE('',#7149,#1708);
#1282=LINE('',#7166,#1709);
#1283=LINE('',#7183,#1710);
#1284=LINE('',#7200,#1711);
#1285=LINE('',#7217,#1712);
#1286=LINE('',#7225,#1713);
#1287=LINE('',#7226,#1714);
#1288=LINE('',#7229,#1715);
#1289=LINE('',#7230,#1716);
#1290=LINE('',#7233,#1717);
#1291=LINE('',#7234,#1718);
#1292=LINE('',#7246,#1719);
#1293=LINE('',#7263,#1720);
#1294=LINE('',#7280,#1721);
#1295=LINE('',#7297,#1722);
#1296=LINE('',#7314,#1723);
#1297=LINE('',#7331,#1724);
#1298=LINE('',#7339,#1725);
#1299=LINE('',#7340,#1726);
#1300=LINE('',#7343,#1727);
#1301=LINE('',#7344,#1728);
#1302=LINE('',#7347,#1729);
#1303=LINE('',#7348,#1730);
#1304=LINE('',#7350,#1731);
#1305=LINE('',#7354,#1732);
#1306=LINE('',#7356,#1733);
#1307=LINE('',#7357,#1734);
#1308=LINE('',#7360,#1735);
#1309=LINE('',#7361,#1736);
#1310=LINE('',#7373,#1737);
#1311=LINE('',#7390,#1738);
#1312=LINE('',#7407,#1739);
#1313=LINE('',#7424,#1740);
#1314=LINE('',#7441,#1741);
#1315=LINE('',#7458,#1742);
#1316=LINE('',#7466,#1743);
#1317=LINE('',#7467,#1744);
#1318=LINE('',#7470,#1745);
#1319=LINE('',#7471,#1746);
#1320=LINE('',#7474,#1747);
#1321=LINE('',#7475,#1748);
#1322=LINE('',#7487,#1749);
#1323=LINE('',#7504,#1750);
#1324=LINE('',#7521,#1751);
#1325=LINE('',#7538,#1752);
#1326=LINE('',#7555,#1753);
#1327=LINE('',#7563,#1754);
#1328=LINE('',#7564,#1755);
#1329=LINE('',#7567,#1756);
#1330=LINE('',#7568,#1757);
#1331=LINE('',#7570,#1758);
#1332=LINE('',#7574,#1759);
#1333=LINE('',#7576,#1760);
#1334=LINE('',#7577,#1761);
#1335=LINE('',#7580,#1762);
#1336=LINE('',#7581,#1763);
#1337=LINE('',#7584,#1764);
#1338=LINE('',#7585,#1765);
#1339=LINE('',#7587,#1766);
#1340=LINE('',#7591,#1767);
#1341=LINE('',#7593,#1768);
#1342=LINE('',#7594,#1769);
#1343=LINE('',#7597,#1770);
#1344=LINE('',#7598,#1771);
#1345=LINE('',#7601,#1772);
#1346=LINE('',#7602,#1773);
#1347=LINE('',#7604,#1774);
#1348=LINE('',#7624,#1775);
#1349=LINE('',#7631,#1776);
#1350=LINE('',#7649,#1777);
#1351=LINE('',#7672,#1778);
#1352=LINE('',#7695,#1779);
#1353=LINE('',#7718,#1780);
#1354=LINE('',#7741,#1781);
#1355=LINE('',#7764,#1782);
#1356=LINE('',#7787,#1783);
#1357=LINE('',#7794,#1784);
#1358=LINE('',#7795,#1785);
#1359=LINE('',#7807,#1786);
#1360=LINE('',#7814,#1787);
#1361=LINE('',#7826,#1788);
#1362=LINE('',#7843,#1789);
#1363=LINE('',#7860,#1790);
#1364=LINE('',#7877,#1791);
#1365=LINE('',#7894,#1792);
#1366=LINE('',#7911,#1793);
#1367=LINE('',#7928,#1794);
#1368=LINE('',#7945,#1795);
#1369=LINE('',#7962,#1796);
#1370=LINE('',#7979,#1797);
#1371=LINE('',#7996,#1798);
#1372=LINE('',#8004,#1799);
#1373=LINE('',#8005,#1800);
#1374=LINE('',#8017,#1801);
#1375=LINE('',#8034,#1802);
#1376=LINE('',#8051,#1803);
#1377=LINE('',#8068,#1804);
#1378=LINE('',#8085,#1805);
#1379=LINE('',#8102,#1806);
#1380=LINE('',#8119,#1807);
#1381=LINE('',#8136,#1808);
#1382=LINE('',#8144,#1809);
#1383=LINE('',#8145,#1810);
#1384=LINE('',#8180,#1811);
#1385=LINE('',#8187,#1812);
#1386=LINE('',#8205,#1813);
#1387=LINE('',#8228,#1814);
#1388=LINE('',#8251,#1815);
#1389=LINE('',#8274,#1816);
#1390=LINE('',#8297,#1817);
#1391=LINE('',#8320,#1818);
#1392=LINE('',#8343,#1819);
#1393=LINE('',#8380,#1820);
#1394=LINE('',#8387,#1821);
#1395=LINE('',#8399,#1822);
#1396=LINE('',#8416,#1823);
#1397=LINE('',#8433,#1824);
#1398=LINE('',#8450,#1825);
#1399=LINE('',#8467,#1826);
#1400=LINE('',#8484,#1827);
#1401=LINE('',#8501,#1828);
#1402=LINE('',#8525,#1829);
#1403=LINE('',#8527,#1830);
#1404=LINE('',#8528,#1831);
#1405=LINE('',#8531,#1832);
#1406=LINE('',#8532,#1833);
#1407=LINE('',#8535,#1834);
#1408=LINE('',#8536,#1835);
#1409=LINE('',#8539,#1836);
#1410=LINE('',#8540,#1837);
#1411=LINE('',#8552,#1838);
#1412=LINE('',#8569,#1839);
#1413=LINE('',#8577,#1840);
#1414=LINE('',#8578,#1841);
#1415=LINE('',#8581,#1842);
#1416=LINE('',#8582,#1843);
#1417=LINE('',#8585,#1844);
#1418=LINE('',#8586,#1845);
#1419=LINE('',#8589,#1846);
#1420=LINE('',#8590,#1847);
#1421=LINE('',#8593,#1848);
#1422=LINE('',#8594,#1849);
#1423=LINE('',#8596,#1850);
#1424=LINE('',#8600,#1851);
#1425=LINE('',#8602,#1852);
#1426=LINE('',#8603,#1853);
#1427=LINE('',#8606,#1854);
#1428=LINE('',#8607,#1855);
#1429=LINE('',#8610,#1856);
#1430=LINE('',#8611,#1857);
#1431=LINE('',#8614,#1858);
#1432=LINE('',#8615,#1859);
#1433=LINE('',#8618,#1860);
#1434=LINE('',#8619,#1861);
#1435=LINE('',#8622,#1862);
#1436=LINE('',#8623,#1863);
#1437=LINE('',#8626,#1864);
#1438=LINE('',#8627,#1865);
#1439=LINE('',#8629,#1866);
#1440=LINE('',#8632,#1867);
#1441=LINE('',#8633,#1868);
#1442=LINE('',#8636,#1869);
#1443=LINE('',#8637,#1870);
#1444=LINE('',#8639,#1871);
#1445=LINE('',#8643,#1872);
#1446=LINE('',#8645,#1873);
#1447=LINE('',#8646,#1874);
#1448=LINE('',#8649,#1875);
#1449=LINE('',#8650,#1876);
#1450=LINE('',#8653,#1877);
#1451=LINE('',#8654,#1878);
#1452=LINE('',#8657,#1879);
#1453=LINE('',#8658,#1880);
#1454=LINE('',#8661,#1881);
#1455=LINE('',#8662,#1882);
#1456=LINE('',#8665,#1883);
#1457=LINE('',#8666,#1884);
#1458=LINE('',#8669,#1885);
#1459=LINE('',#8670,#1886);
#1460=LINE('',#8673,#1887);
#1461=LINE('',#8674,#1888);
#1462=LINE('',#8677,#1889);
#1463=LINE('',#8678,#1890);
#1464=LINE('',#8681,#1891);
#1465=LINE('',#8682,#1892);
#1466=LINE('',#8685,#1893);
#1467=LINE('',#8686,#1894);
#1468=LINE('',#8689,#1895);
#1469=LINE('',#8690,#1896);
#1470=LINE('',#8692,#1897);
#1471=LINE('',#8712,#1898);
#1472=LINE('',#8719,#1899);
#1473=LINE('',#8737,#1900);
#1474=LINE('',#8760,#1901);
#1475=LINE('',#8783,#1902);
#1476=LINE('',#8806,#1903);
#1477=LINE('',#8829,#1904);
#1478=LINE('',#8852,#1905);
#1479=LINE('',#8875,#1906);
#1480=LINE('',#8912,#1907);
#1481=LINE('',#8919,#1908);
#1482=LINE('',#8931,#1909);
#1483=LINE('',#8948,#1910);
#1484=LINE('',#8965,#1911);
#1485=LINE('',#8982,#1912);
#1486=LINE('',#8999,#1913);
#1487=LINE('',#9016,#1914);
#1488=LINE('',#9033,#1915);
#1489=LINE('',#9050,#1916);
#1490=LINE('',#9067,#1917);
#1491=LINE('',#9084,#1918);
#1492=LINE('',#9124,#1919);
#1493=LINE('',#9131,#1920);
#1494=LINE('',#9149,#1921);
#1495=LINE('',#9172,#1922);
#1496=LINE('',#9195,#1923);
#1497=LINE('',#9218,#1924);
#1498=LINE('',#9241,#1925);
#1499=LINE('',#9264,#1926);
#1500=LINE('',#9287,#1927);
#1501=LINE('',#9324,#1928);
#1502=LINE('',#9331,#1929);
#1503=LINE('',#9343,#1930);
#1504=LINE('',#9360,#1931);
#1505=LINE('',#9377,#1932);
#1506=LINE('',#9394,#1933);
#1507=LINE('',#9411,#1934);
#1508=LINE('',#9428,#1935);
#1509=LINE('',#9445,#1936);
#1510=LINE('',#9462,#1937);
#1511=LINE('',#9479,#1938);
#1512=LINE('',#9496,#1939);
#1513=LINE('',#9521,#1940);
#1514=LINE('',#9523,#1941);
#1515=LINE('',#9525,#1942);
#1516=LINE('',#9526,#1943);
#1517=LINE('',#9529,#1944);
#1518=LINE('',#9531,#1945);
#1519=LINE('',#9532,#1946);
#1520=LINE('',#9534,#1947);
#1521=LINE('',#9535,#1948);
#1522=LINE('',#9538,#1949);
#1523=LINE('',#9540,#1950);
#1524=LINE('',#9541,#1951);
#1525=LINE('',#9544,#1952);
#1526=LINE('',#9545,#1953);
#1527=LINE('',#9548,#1954);
#1528=LINE('',#9549,#1955);
#1529=LINE('',#9552,#1956);
#1530=LINE('',#9553,#1957);
#1531=LINE('',#9556,#1958);
#1532=LINE('',#9557,#1959);
#1533=LINE('',#9560,#1960);
#1534=LINE('',#9561,#1961);
#1535=LINE('',#9564,#1962);
#1536=LINE('',#9565,#1963);
#1537=LINE('',#9567,#1964);
#1538=LINE('',#9576,#1965);
#1539=VECTOR('',#5095,10.);
#1540=VECTOR('',#5098,10.);
#1541=VECTOR('',#5111,10.);
#1542=VECTOR('',#5112,10.);
#1543=VECTOR('',#5125,10.);
#1544=VECTOR('',#5126,10.);
#1545=VECTOR('',#5139,10.);
#1546=VECTOR('',#5140,10.);
#1547=VECTOR('',#5153,10.);
#1548=VECTOR('',#5162,10.);
#1549=VECTOR('',#5163,10.);
#1550=VECTOR('',#5164,10.);
#1551=VECTOR('',#5167,10.);
#1552=VECTOR('',#5172,10.);
#1553=VECTOR('',#5173,10.);
#1554=VECTOR('',#5176,10.);
#1555=VECTOR('',#5181,10.);
#1556=VECTOR('',#5182,10.);
#1557=VECTOR('',#5185,10.);
#1558=VECTOR('',#5190,10.);
#1559=VECTOR('',#5191,10.);
#1560=VECTOR('',#5196,10.);
#1561=VECTOR('',#5199,10.);
#1562=VECTOR('',#5202,10.);
#1563=VECTOR('',#5203,10.);
#1564=VECTOR('',#5206,10.);
#1565=VECTOR('',#5207,10.);
#1566=VECTOR('',#5208,10.);
#1567=VECTOR('',#5211,10.);
#1568=VECTOR('',#5214,10.);
#1569=VECTOR('',#5215,10.);
#1570=VECTOR('',#5216,10.);
#1571=VECTOR('',#5217,10.);
#1572=VECTOR('',#5218,10.);
#1573=VECTOR('',#5219,10.);
#1574=VECTOR('',#5220,10.);
#1575=VECTOR('',#5221,10.);
#1576=VECTOR('',#5222,10.);
#1577=VECTOR('',#5223,10.);
#1578=VECTOR('',#5224,10.);
#1579=VECTOR('',#5225,10.);
#1580=VECTOR('',#5226,10.);
#1581=VECTOR('',#5227,10.);
#1582=VECTOR('',#5228,10.);
#1583=VECTOR('',#5229,10.);
#1584=VECTOR('',#5230,10.);
#1585=VECTOR('',#5231,10.);
#1586=VECTOR('',#5232,10.);
#1587=VECTOR('',#5233,10.);
#1588=VECTOR('',#5234,10.);
#1589=VECTOR('',#5235,10.);
#1590=VECTOR('',#5236,10.);
#1591=VECTOR('',#5237,10.);
#1592=VECTOR('',#5238,10.);
#1593=VECTOR('',#5239,10.);
#1594=VECTOR('',#5240,10.);
#1595=VECTOR('',#5241,10.);
#1596=VECTOR('',#5242,10.);
#1597=VECTOR('',#5243,10.);
#1598=VECTOR('',#5244,10.);
#1599=VECTOR('',#5245,10.);
#1600=VECTOR('',#5246,10.);
#1601=VECTOR('',#5247,10.);
#1602=VECTOR('',#5248,10.);
#1603=VECTOR('',#5249,10.);
#1604=VECTOR('',#5250,10.);
#1605=VECTOR('',#5251,10.);
#1606=VECTOR('',#5252,10.);
#1607=VECTOR('',#5253,10.);
#1608=VECTOR('',#5254,10.);
#1609=VECTOR('',#5255,10.);
#1610=VECTOR('',#5256,10.);
#1611=VECTOR('',#5257,10.);
#1612=VECTOR('',#5258,10.);
#1613=VECTOR('',#5259,10.);
#1614=VECTOR('',#5260,10.);
#1615=VECTOR('',#5261,10.);
#1616=VECTOR('',#5262,10.);
#1617=VECTOR('',#5263,10.);
#1618=VECTOR('',#5264,10.);
#1619=VECTOR('',#5265,10.);
#1620=VECTOR('',#5266,10.);
#1621=VECTOR('',#5267,10.);
#1622=VECTOR('',#5268,10.);
#1623=VECTOR('',#5269,10.);
#1624=VECTOR('',#5270,10.);
#1625=VECTOR('',#5271,10.);
#1626=VECTOR('',#5272,10.);
#1627=VECTOR('',#5273,10.);
#1628=VECTOR('',#5274,10.);
#1629=VECTOR('',#5275,10.);
#1630=VECTOR('',#5276,10.);
#1631=VECTOR('',#5277,10.);
#1632=VECTOR('',#5278,10.);
#1633=VECTOR('',#5279,10.);
#1634=VECTOR('',#5280,10.);
#1635=VECTOR('',#5281,10.);
#1636=VECTOR('',#5282,10.);
#1637=VECTOR('',#5283,10.);
#1638=VECTOR('',#5284,10.);
#1639=VECTOR('',#5285,10.);
#1640=VECTOR('',#5286,10.);
#1641=VECTOR('',#5287,10.);
#1642=VECTOR('',#5288,10.);
#1643=VECTOR('',#5289,10.);
#1644=VECTOR('',#5290,10.);
#1645=VECTOR('',#5291,10.);
#1646=VECTOR('',#5292,10.);
#1647=VECTOR('',#5293,10.);
#1648=VECTOR('',#5294,10.);
#1649=VECTOR('',#5303,10.);
#1650=VECTOR('',#5304,10.);
#1651=VECTOR('',#5305,10.);
#1652=VECTOR('',#5306,10.);
#1653=VECTOR('',#5307,10.);
#1654=VECTOR('',#5308,10.);
#1655=VECTOR('',#5309,10.);
#1656=VECTOR('',#5310,10.);
#1657=VECTOR('',#5311,10.);
#1658=VECTOR('',#5312,10.);
#1659=VECTOR('',#5313,10.);
#1660=VECTOR('',#5316,10.);
#1661=VECTOR('',#5317,10.);
#1662=VECTOR('',#5318,10.);
#1663=VECTOR('',#5321,10.);
#1664=VECTOR('',#5322,10.);
#1665=VECTOR('',#5323,10.);
#1666=VECTOR('',#5324,10.);
#1667=VECTOR('',#5325,10.);
#1668=VECTOR('',#5326,10.);
#1669=VECTOR('',#5327,10.);
#1670=VECTOR('',#5328,10.);
#1671=VECTOR('',#5329,10.);
#1672=VECTOR('',#5330,10.);
#1673=VECTOR('',#5331,10.);
#1674=VECTOR('',#5332,10.);
#1675=VECTOR('',#5333,10.);
#1676=VECTOR('',#5336,10.);
#1677=VECTOR('',#5337,10.);
#1678=VECTOR('',#5340,10.);
#1679=VECTOR('',#5341,10.);
#1680=VECTOR('',#5344,10.);
#1681=VECTOR('',#5349,10.);
#1682=VECTOR('',#5350,10.);
#1683=VECTOR('',#5351,10.);
#1684=VECTOR('',#5354,10.);
#1685=VECTOR('',#5355,10.);
#1686=VECTOR('',#5358,10.);
#1687=VECTOR('',#5359,10.);
#1688=VECTOR('',#5362,10.);
#1689=VECTOR('',#5363,10.);
#1690=VECTOR('',#5366,10.);
#1691=VECTOR('',#5367,10.);
#1692=VECTOR('',#5370,10.);
#1693=VECTOR('',#5371,10.);
#1694=VECTOR('',#5374,10.);
#1695=VECTOR('',#5375,10.);
#1696=VECTOR('',#5378,10.);
#1697=VECTOR('',#5379,10.);
#1698=VECTOR('',#5382,10.);
#1699=VECTOR('',#5383,10.);
#1700=VECTOR('',#5386,10.);
#1701=VECTOR('',#5387,10.);
#1702=VECTOR('',#5390,10.);
#1703=VECTOR('',#5391,10.);
#1704=VECTOR('',#5394,10.);
#1705=VECTOR('',#5397,10.);
#1706=VECTOR('',#5398,10.);
#1707=VECTOR('',#5399,10.);
#1708=VECTOR('',#5400,10.);
#1709=VECTOR('',#5401,10.);
#1710=VECTOR('',#5402,10.);
#1711=VECTOR('',#5403,10.);
#1712=VECTOR('',#5404,10.);
#1713=VECTOR('',#5407,10.);
#1714=VECTOR('',#5408,10.);
#1715=VECTOR('',#5411,10.);
#1716=VECTOR('',#5412,10.);
#1717=VECTOR('',#5415,10.);
#1718=VECTOR('',#5416,10.);
#1719=VECTOR('',#5417,10.);
#1720=VECTOR('',#5418,10.);
#1721=VECTOR('',#5419,10.);
#1722=VECTOR('',#5420,10.);
#1723=VECTOR('',#5421,10.);
#1724=VECTOR('',#5422,10.);
#1725=VECTOR('',#5425,10.);
#1726=VECTOR('',#5426,10.);
#1727=VECTOR('',#5429,10.);
#1728=VECTOR('',#5430,10.);
#1729=VECTOR('',#5433,10.);
#1730=VECTOR('',#5434,10.);
#1731=VECTOR('',#5437,10.);
#1732=VECTOR('',#5442,10.);
#1733=VECTOR('',#5443,10.);
#1734=VECTOR('',#5444,10.);
#1735=VECTOR('',#5447,10.);
#1736=VECTOR('',#5448,10.);
#1737=VECTOR('',#5449,10.);
#1738=VECTOR('',#5450,10.);
#1739=VECTOR('',#5451,10.);
#1740=VECTOR('',#5452,10.);
#1741=VECTOR('',#5453,10.);
#1742=VECTOR('',#5454,10.);
#1743=VECTOR('',#5457,10.);
#1744=VECTOR('',#5458,10.);
#1745=VECTOR('',#5461,10.);
#1746=VECTOR('',#5462,10.);
#1747=VECTOR('',#5465,10.);
#1748=VECTOR('',#5466,10.);
#1749=VECTOR('',#5467,10.);
#1750=VECTOR('',#5468,10.);
#1751=VECTOR('',#5469,10.);
#1752=VECTOR('',#5470,10.);
#1753=VECTOR('',#5471,10.);
#1754=VECTOR('',#5474,10.);
#1755=VECTOR('',#5475,10.);
#1756=VECTOR('',#5478,10.);
#1757=VECTOR('',#5479,10.);
#1758=VECTOR('',#5482,10.);
#1759=VECTOR('',#5487,10.);
#1760=VECTOR('',#5488,10.);
#1761=VECTOR('',#5489,10.);
#1762=VECTOR('',#5492,10.);
#1763=VECTOR('',#5493,10.);
#1764=VECTOR('',#5496,10.);
#1765=VECTOR('',#5497,10.);
#1766=VECTOR('',#5500,10.);
#1767=VECTOR('',#5505,10.);
#1768=VECTOR('',#5506,10.);
#1769=VECTOR('',#5507,10.);
#1770=VECTOR('',#5510,10.);
#1771=VECTOR('',#5511,10.);
#1772=VECTOR('',#5514,10.);
#1773=VECTOR('',#5515,10.);
#1774=VECTOR('',#5518,10.);
#1775=VECTOR('',#5521,10.);
#1776=VECTOR('',#5522,10.);
#1777=VECTOR('',#5523,10.);
#1778=VECTOR('',#5524,10.);
#1779=VECTOR('',#5525,10.);
#1780=VECTOR('',#5526,10.);
#1781=VECTOR('',#5527,10.);
#1782=VECTOR('',#5528,10.);
#1783=VECTOR('',#5529,10.);
#1784=VECTOR('',#5532,10.);
#1785=VECTOR('',#5533,10.);
#1786=VECTOR('',#5534,10.);
#1787=VECTOR('',#5535,10.);
#1788=VECTOR('',#5536,10.);
#1789=VECTOR('',#5537,10.);
#1790=VECTOR('',#5538,10.);
#1791=VECTOR('',#5539,10.);
#1792=VECTOR('',#5540,10.);
#1793=VECTOR('',#5541,10.);
#1794=VECTOR('',#5542,10.);
#1795=VECTOR('',#5543,10.);
#1796=VECTOR('',#5544,10.);
#1797=VECTOR('',#5545,10.);
#1798=VECTOR('',#5546,10.);
#1799=VECTOR('',#5549,10.);
#1800=VECTOR('',#5550,10.);
#1801=VECTOR('',#5551,10.);
#1802=VECTOR('',#5552,10.);
#1803=VECTOR('',#5553,10.);
#1804=VECTOR('',#5554,10.);
#1805=VECTOR('',#5555,10.);
#1806=VECTOR('',#5556,10.);
#1807=VECTOR('',#5557,10.);
#1808=VECTOR('',#5558,10.);
#1809=VECTOR('',#5561,10.);
#1810=VECTOR('',#5562,10.);
#1811=VECTOR('',#5565,10.);
#1812=VECTOR('',#5566,10.);
#1813=VECTOR('',#5567,10.);
#1814=VECTOR('',#5568,10.);
#1815=VECTOR('',#5569,10.);
#1816=VECTOR('',#5570,10.);
#1817=VECTOR('',#5571,10.);
#1818=VECTOR('',#5572,10.);
#1819=VECTOR('',#5573,10.);
#1820=VECTOR('',#5574,10.);
#1821=VECTOR('',#5575,10.);
#1822=VECTOR('',#5576,10.);
#1823=VECTOR('',#5577,10.);
#1824=VECTOR('',#5578,10.);
#1825=VECTOR('',#5579,10.);
#1826=VECTOR('',#5580,10.);
#1827=VECTOR('',#5581,10.);
#1828=VECTOR('',#5582,10.);
#1829=VECTOR('',#5587,10.);
#1830=VECTOR('',#5588,10.);
#1831=VECTOR('',#5589,10.);
#1832=VECTOR('',#5592,10.);
#1833=VECTOR('',#5593,10.);
#1834=VECTOR('',#5596,10.);
#1835=VECTOR('',#5597,10.);
#1836=VECTOR('',#5600,10.);
#1837=VECTOR('',#5601,10.);
#1838=VECTOR('',#5602,10.);
#1839=VECTOR('',#5603,10.);
#1840=VECTOR('',#5606,10.);
#1841=VECTOR('',#5607,10.);
#1842=VECTOR('',#5610,10.);
#1843=VECTOR('',#5611,10.);
#1844=VECTOR('',#5614,10.);
#1845=VECTOR('',#5615,10.);
#1846=VECTOR('',#5618,10.);
#1847=VECTOR('',#5619,10.);
#1848=VECTOR('',#5622,10.);
#1849=VECTOR('',#5623,10.);
#1850=VECTOR('',#5626,10.);
#1851=VECTOR('',#5631,10.);
#1852=VECTOR('',#5632,10.);
#1853=VECTOR('',#5633,10.);
#1854=VECTOR('',#5636,10.);
#1855=VECTOR('',#5637,10.);
#1856=VECTOR('',#5640,10.);
#1857=VECTOR('',#5641,10.);
#1858=VECTOR('',#5644,10.);
#1859=VECTOR('',#5645,10.);
#1860=VECTOR('',#5648,10.);
#1861=VECTOR('',#5649,10.);
#1862=VECTOR('',#5652,10.);
#1863=VECTOR('',#5653,10.);
#1864=VECTOR('',#5656,10.);
#1865=VECTOR('',#5657,10.);
#1866=VECTOR('',#5660,10.);
#1867=VECTOR('',#5663,10.);
#1868=VECTOR('',#5664,10.);
#1869=VECTOR('',#5667,10.);
#1870=VECTOR('',#5668,10.);
#1871=VECTOR('',#5671,10.);
#1872=VECTOR('',#5676,10.);
#1873=VECTOR('',#5677,10.);
#1874=VECTOR('',#5678,10.);
#1875=VECTOR('',#5681,10.);
#1876=VECTOR('',#5682,10.);
#1877=VECTOR('',#5685,10.);
#1878=VECTOR('',#5686,10.);
#1879=VECTOR('',#5689,10.);
#1880=VECTOR('',#5690,10.);
#1881=VECTOR('',#5693,10.);
#1882=VECTOR('',#5694,10.);
#1883=VECTOR('',#5697,10.);
#1884=VECTOR('',#5698,10.);
#1885=VECTOR('',#5701,10.);
#1886=VECTOR('',#5702,10.);
#1887=VECTOR('',#5705,10.);
#1888=VECTOR('',#5706,10.);
#1889=VECTOR('',#5709,10.);
#1890=VECTOR('',#5710,10.);
#1891=VECTOR('',#5713,10.);
#1892=VECTOR('',#5714,10.);
#1893=VECTOR('',#5717,10.);
#1894=VECTOR('',#5718,10.);
#1895=VECTOR('',#5721,10.);
#1896=VECTOR('',#5722,10.);
#1897=VECTOR('',#5725,10.);
#1898=VECTOR('',#5728,10.);
#1899=VECTOR('',#5729,10.);
#1900=VECTOR('',#5730,10.);
#1901=VECTOR('',#5731,10.);
#1902=VECTOR('',#5732,10.);
#1903=VECTOR('',#5733,10.);
#1904=VECTOR('',#5734,10.);
#1905=VECTOR('',#5735,10.);
#1906=VECTOR('',#5736,10.);
#1907=VECTOR('',#5737,10.);
#1908=VECTOR('',#5738,10.);
#1909=VECTOR('',#5739,10.);
#1910=VECTOR('',#5740,10.);
#1911=VECTOR('',#5741,10.);
#1912=VECTOR('',#5742,10.);
#1913=VECTOR('',#5743,10.);
#1914=VECTOR('',#5744,10.);
#1915=VECTOR('',#5745,10.);
#1916=VECTOR('',#5746,10.);
#1917=VECTOR('',#5747,10.);
#1918=VECTOR('',#5748,10.);
#1919=VECTOR('',#5751,10.);
#1920=VECTOR('',#5752,10.);
#1921=VECTOR('',#5753,10.);
#1922=VECTOR('',#5754,10.);
#1923=VECTOR('',#5755,10.);
#1924=VECTOR('',#5756,10.);
#1925=VECTOR('',#5757,10.);
#1926=VECTOR('',#5758,10.);
#1927=VECTOR('',#5759,10.);
#1928=VECTOR('',#5760,10.);
#1929=VECTOR('',#5761,10.);
#1930=VECTOR('',#5762,10.);
#1931=VECTOR('',#5763,10.);
#1932=VECTOR('',#5764,10.);
#1933=VECTOR('',#5765,10.);
#1934=VECTOR('',#5766,10.);
#1935=VECTOR('',#5767,10.);
#1936=VECTOR('',#5768,10.);
#1937=VECTOR('',#5769,10.);
#1938=VECTOR('',#5770,10.);
#1939=VECTOR('',#5771,10.);
#1940=VECTOR('',#5776,10.);
#1941=VECTOR('',#5777,10.);
#1942=VECTOR('',#5778,10.);
#1943=VECTOR('',#5779,10.);
#1944=VECTOR('',#5782,10.);
#1945=VECTOR('',#5783,10.);
#1946=VECTOR('',#5784,10.);
#1947=VECTOR('',#5787,10.);
#1948=VECTOR('',#5788,10.);
#1949=VECTOR('',#5791,10.);
#1950=VECTOR('',#5792,10.);
#1951=VECTOR('',#5793,10.);
#1952=VECTOR('',#5796,10.);
#1953=VECTOR('',#5797,10.);
#1954=VECTOR('',#5800,10.);
#1955=VECTOR('',#5801,10.);
#1956=VECTOR('',#5804,10.);
#1957=VECTOR('',#5805,10.);
#1958=VECTOR('',#5808,10.);
#1959=VECTOR('',#5809,10.);
#1960=VECTOR('',#5812,10.);
#1961=VECTOR('',#5813,10.);
#1962=VECTOR('',#5816,10.);
#1963=VECTOR('',#5817,10.);
#1964=VECTOR('',#5820,10.);
#1965=VECTOR('',#5837,3.00000004470348);
#1966=CIRCLE('',#4930,1.);
#1967=CIRCLE('',#4931,0.999999999999996);
#1968=CIRCLE('',#4933,1.);
#1969=CIRCLE('',#4934,3.);
#1970=CIRCLE('',#4935,2.);
#1971=CIRCLE('',#4937,1.);
#1972=CIRCLE('',#4939,1.);
#1973=CIRCLE('',#4940,3.);
#1974=CIRCLE('',#4941,2.);
#1975=CIRCLE('',#4943,1.);
#1976=CIRCLE('',#4945,1.);
#1977=CIRCLE('',#4946,3.);
#1978=CIRCLE('',#4947,2.);
#1979=CIRCLE('',#4949,1.);
#1980=CIRCLE('',#4951,2.);
#1981=CIRCLE('',#4952,3.);
#1982=CIRCLE('',#4953,2.);
#1983=CIRCLE('',#4956,1.);
#1984=CIRCLE('',#4958,3.);
#1985=CIRCLE('',#4961,3.);
#1986=CIRCLE('',#4964,3.);
#1987=CIRCLE('',#4967,3.);
#1988=CIRCLE('',#4970,3.);
#1989=CIRCLE('',#4971,3.);
#1990=CIRCLE('',#4976,3.00000004470348);
#1991=CIRCLE('',#4978,3.00000004470348);
#1992=VERTEX_POINT('',#5840);
#1993=VERTEX_POINT('',#5841);
#1994=VERTEX_POINT('',#5843);
#1995=VERTEX_POINT('',#5845);
#1996=VERTEX_POINT('',#5849);
#1997=VERTEX_POINT('',#5850);
#1998=VERTEX_POINT('',#5855);
#1999=VERTEX_POINT('',#5856);
#2000=VERTEX_POINT('',#5861);
#2001=VERTEX_POINT('',#5862);
#2002=VERTEX_POINT('',#5867);
#2003=VERTEX_POINT('',#5868);
#2004=VERTEX_POINT('',#5873);
#2005=VERTEX_POINT('',#5874);
#2006=VERTEX_POINT('',#5879);
#2007=VERTEX_POINT('',#5880);
#2008=VERTEX_POINT('',#5885);
#2009=VERTEX_POINT('',#5886);
#2010=VERTEX_POINT('',#5891);
#2011=VERTEX_POINT('',#5893);
#2012=VERTEX_POINT('',#5900);
#2013=VERTEX_POINT('',#5910);
#2014=VERTEX_POINT('',#5917);
#2015=VERTEX_POINT('',#5919);
#2016=VERTEX_POINT('',#5923);
#2017=VERTEX_POINT('',#5936);
#2018=VERTEX_POINT('',#5938);
#2019=VERTEX_POINT('',#5942);
#2020=VERTEX_POINT('',#5946);
#2021=VERTEX_POINT('',#5950);
#2022=VERTEX_POINT('',#5954);
#2023=VERTEX_POINT('',#5958);
#2024=VERTEX_POINT('',#5962);
#2025=VERTEX_POINT('',#5967);
#2026=VERTEX_POINT('',#5969);
#2027=VERTEX_POINT('',#5973);
#2028=VERTEX_POINT('',#5977);
#2029=VERTEX_POINT('',#5979);
#2030=VERTEX_POINT('',#5985);
#2031=VERTEX_POINT('',#5987);
#2032=VERTEX_POINT('',#5989);
#2033=VERTEX_POINT('',#5991);
#2034=VERTEX_POINT('',#5993);
#2035=VERTEX_POINT('',#5995);
#2036=VERTEX_POINT('',#5997);
#2037=VERTEX_POINT('',#5999);
#2038=VERTEX_POINT('',#6001);
#2039=VERTEX_POINT('',#6004);
#2040=VERTEX_POINT('',#6005);
#2041=VERTEX_POINT('',#6011);
#2042=VERTEX_POINT('',#6013);
#2043=VERTEX_POINT('',#6015);
#2044=VERTEX_POINT('',#6017);
#2045=VERTEX_POINT('',#6023);
#2046=VERTEX_POINT('',#6029);
#2047=VERTEX_POINT('',#6035);
#2048=VERTEX_POINT('',#6041);
#2049=VERTEX_POINT('',#6047);
#2050=VERTEX_POINT('',#6053);
#2051=VERTEX_POINT('',#6059);
#2052=VERTEX_POINT('',#6070);
#2053=VERTEX_POINT('',#6071);
#2054=VERTEX_POINT('',#6073);
#2055=VERTEX_POINT('',#6075);
#2056=VERTEX_POINT('',#6077);
#2057=VERTEX_POINT('',#6079);
#2058=VERTEX_POINT('',#6081);
#2059=VERTEX_POINT('',#6083);
#2060=VERTEX_POINT('',#6085);
#2061=VERTEX_POINT('',#6087);
#2062=VERTEX_POINT('',#6089);
#2063=VERTEX_POINT('',#6091);
#2064=VERTEX_POINT('',#6094);
#2065=VERTEX_POINT('',#6095);
#2066=VERTEX_POINT('',#6101);
#2067=VERTEX_POINT('',#6103);
#2068=VERTEX_POINT('',#6105);
#2069=VERTEX_POINT('',#6107);
#2070=VERTEX_POINT('',#6109);
#2071=VERTEX_POINT('',#6115);
#2072=VERTEX_POINT('',#6121);
#2073=VERTEX_POINT('',#6127);
#2074=VERTEX_POINT('',#6133);
#2075=VERTEX_POINT('',#6139);
#2076=VERTEX_POINT('',#6145);
#2077=VERTEX_POINT('',#6147);
#2078=VERTEX_POINT('',#6149);
#2079=VERTEX_POINT('',#6151);
#2080=VERTEX_POINT('',#6157);
#2081=VERTEX_POINT('',#6163);
#2082=VERTEX_POINT('',#6169);
#2083=VERTEX_POINT('',#6175);
#2084=VERTEX_POINT('',#6186);
#2085=VERTEX_POINT('',#6187);
#2086=VERTEX_POINT('',#6189);
#2087=VERTEX_POINT('',#6191);
#2088=VERTEX_POINT('',#6193);
#2089=VERTEX_POINT('',#6195);
#2090=VERTEX_POINT('',#6201);
#2091=VERTEX_POINT('',#6207);
#2092=VERTEX_POINT('',#6213);
#2093=VERTEX_POINT('',#6219);
#2094=VERTEX_POINT('',#6225);
#2095=VERTEX_POINT('',#6227);
#2096=VERTEX_POINT('',#6229);
#2097=VERTEX_POINT('',#6231);
#2098=VERTEX_POINT('',#6237);
#2099=VERTEX_POINT('',#6243);
#2100=VERTEX_POINT('',#6249);
#2101=VERTEX_POINT('',#6255);
#2102=VERTEX_POINT('',#6261);
#2103=VERTEX_POINT('',#6268);
#2104=VERTEX_POINT('',#6269);
#2105=VERTEX_POINT('',#6271);
#2106=VERTEX_POINT('',#6273);
#2107=VERTEX_POINT('',#6276);
#2108=VERTEX_POINT('',#6277);
#2109=VERTEX_POINT('',#6279);
#2110=VERTEX_POINT('',#6281);
#2111=VERTEX_POINT('',#6284);
#2112=VERTEX_POINT('',#6285);
#2113=VERTEX_POINT('',#6291);
#2114=VERTEX_POINT('',#6297);
#2115=VERTEX_POINT('',#6299);
#2116=VERTEX_POINT('',#6305);
#2117=VERTEX_POINT('',#6311);
#2118=VERTEX_POINT('',#6317);
#2119=VERTEX_POINT('',#6323);
#2120=VERTEX_POINT('',#6329);
#2121=VERTEX_POINT('',#6335);
#2122=VERTEX_POINT('',#6341);
#2123=VERTEX_POINT('',#6347);
#2124=VERTEX_POINT('',#6349);
#2125=VERTEX_POINT('',#6355);
#2126=VERTEX_POINT('',#6361);
#2127=VERTEX_POINT('',#6367);
#2128=VERTEX_POINT('',#6373);
#2129=VERTEX_POINT('',#6379);
#2130=VERTEX_POINT('',#6385);
#2131=VERTEX_POINT('',#6391);
#2132=VERTEX_POINT('',#6397);
#2133=VERTEX_POINT('',#6403);
#2134=VERTEX_POINT('',#6414);
#2135=VERTEX_POINT('',#6415);
#2136=VERTEX_POINT('',#6421);
#2137=VERTEX_POINT('',#6427);
#2138=VERTEX_POINT('',#6433);
#2139=VERTEX_POINT('',#6439);
#2140=VERTEX_POINT('',#6445);
#2141=VERTEX_POINT('',#6451);
#2142=VERTEX_POINT('',#6457);
#2143=VERTEX_POINT('',#6468);
#2144=VERTEX_POINT('',#6469);
#2145=VERTEX_POINT('',#6471);
#2146=VERTEX_POINT('',#6473);
#2147=VERTEX_POINT('',#6475);
#2148=VERTEX_POINT('',#6477);
#2149=VERTEX_POINT('',#6479);
#2150=VERTEX_POINT('',#6481);
#2151=VERTEX_POINT('',#6483);
#2152=VERTEX_POINT('',#6489);
#2153=VERTEX_POINT('',#6495);
#2154=VERTEX_POINT('',#6497);
#2155=VERTEX_POINT('',#6500);
#2156=VERTEX_POINT('',#6501);
#2157=VERTEX_POINT('',#6503);
#2158=VERTEX_POINT('',#6505);
#2159=VERTEX_POINT('',#6507);
#2160=VERTEX_POINT('',#6509);
#2161=VERTEX_POINT('',#6511);
#2162=VERTEX_POINT('',#6513);
#2163=VERTEX_POINT('',#6515);
#2164=VERTEX_POINT('',#6517);
#2165=VERTEX_POINT('',#6519);
#2166=VERTEX_POINT('',#6521);
#2167=VERTEX_POINT('',#6523);
#2168=VERTEX_POINT('',#6526);
#2169=VERTEX_POINT('',#6527);
#2170=VERTEX_POINT('',#6533);
#2171=VERTEX_POINT('',#6539);
#2172=VERTEX_POINT('',#6545);
#2173=VERTEX_POINT('',#6551);
#2174=VERTEX_POINT('',#6557);
#2175=VERTEX_POINT('',#6563);
#2176=VERTEX_POINT('',#6569);
#2177=VERTEX_POINT('',#6575);
#2178=VERTEX_POINT('',#6581);
#2179=VERTEX_POINT('',#6587);
#2180=VERTEX_POINT('',#6598);
#2181=VERTEX_POINT('',#6599);
#2182=VERTEX_POINT('',#6605);
#2183=VERTEX_POINT('',#6611);
#2184=VERTEX_POINT('',#6617);
#2185=VERTEX_POINT('',#6623);
#2186=VERTEX_POINT('',#6629);
#2187=VERTEX_POINT('',#6635);
#2188=VERTEX_POINT('',#6641);
#2189=VERTEX_POINT('',#6647);
#2190=VERTEX_POINT('',#6653);
#2191=VERTEX_POINT('',#6659);
#2192=VERTEX_POINT('',#6670);
#2193=VERTEX_POINT('',#6671);
#2194=VERTEX_POINT('',#6673);
#2195=VERTEX_POINT('',#6675);
#2196=VERTEX_POINT('',#6677);
#2197=VERTEX_POINT('',#6679);
#2198=VERTEX_POINT('',#6681);
#2199=VERTEX_POINT('',#6683);
#2200=VERTEX_POINT('',#6686);
#2201=VERTEX_POINT('',#6689);
#2202=VERTEX_POINT('',#6692);
#2203=VERTEX_POINT('',#6693);
#2204=VERTEX_POINT('',#6695);
#2205=VERTEX_POINT('',#6697);
#2206=VERTEX_POINT('',#6710);
#2207=VERTEX_POINT('',#6716);
#2208=VERTEX_POINT('',#6733);
#2209=VERTEX_POINT('',#6739);
#2210=VERTEX_POINT('',#6756);
#2211=VERTEX_POINT('',#6762);
#2212=VERTEX_POINT('',#6779);
#2213=VERTEX_POINT('',#6785);
#2214=VERTEX_POINT('',#6802);
#2215=VERTEX_POINT('',#6808);
#2216=VERTEX_POINT('',#6825);
#2217=VERTEX_POINT('',#6831);
#2218=VERTEX_POINT('',#6848);
#2219=VERTEX_POINT('',#6854);
#2220=VERTEX_POINT('',#6862);
#2221=VERTEX_POINT('',#6864);
#2222=VERTEX_POINT('',#6880);
#2223=VERTEX_POINT('',#6882);
#2224=VERTEX_POINT('',#6899);
#2225=VERTEX_POINT('',#6916);
#2226=VERTEX_POINT('',#6933);
#2227=VERTEX_POINT('',#6950);
#2228=VERTEX_POINT('',#6967);
#2229=VERTEX_POINT('',#6984);
#2230=VERTEX_POINT('',#7001);
#2231=VERTEX_POINT('',#7018);
#2232=VERTEX_POINT('',#7035);
#2233=VERTEX_POINT('',#7043);
#2234=VERTEX_POINT('',#7047);
#2235=VERTEX_POINT('',#7054);
#2236=VERTEX_POINT('',#7056);
#2237=VERTEX_POINT('',#7060);
#2238=VERTEX_POINT('',#7064);
#2239=VERTEX_POINT('',#7068);
#2240=VERTEX_POINT('',#7072);
#2241=VERTEX_POINT('',#7076);
#2242=VERTEX_POINT('',#7080);
#2243=VERTEX_POINT('',#7084);
#2244=VERTEX_POINT('',#7088);
#2245=VERTEX_POINT('',#7092);
#2246=VERTEX_POINT('',#7096);
#2247=VERTEX_POINT('',#7112);
#2248=VERTEX_POINT('',#7114);
#2249=VERTEX_POINT('',#7131);
#2250=VERTEX_POINT('',#7148);
#2251=VERTEX_POINT('',#7165);
#2252=VERTEX_POINT('',#7182);
#2253=VERTEX_POINT('',#7199);
#2254=VERTEX_POINT('',#7216);
#2255=VERTEX_POINT('',#7224);
#2256=VERTEX_POINT('',#7228);
#2257=VERTEX_POINT('',#7232);
#2258=VERTEX_POINT('',#7245);
#2259=VERTEX_POINT('',#7262);
#2260=VERTEX_POINT('',#7279);
#2261=VERTEX_POINT('',#7296);
#2262=VERTEX_POINT('',#7313);
#2263=VERTEX_POINT('',#7330);
#2264=VERTEX_POINT('',#7338);
#2265=VERTEX_POINT('',#7342);
#2266=VERTEX_POINT('',#7346);
#2267=VERTEX_POINT('',#7353);
#2268=VERTEX_POINT('',#7355);
#2269=VERTEX_POINT('',#7359);
#2270=VERTEX_POINT('',#7372);
#2271=VERTEX_POINT('',#7389);
#2272=VERTEX_POINT('',#7406);
#2273=VERTEX_POINT('',#7423);
#2274=VERTEX_POINT('',#7440);
#2275=VERTEX_POINT('',#7457);
#2276=VERTEX_POINT('',#7465);
#2277=VERTEX_POINT('',#7469);
#2278=VERTEX_POINT('',#7473);
#2279=VERTEX_POINT('',#7486);
#2280=VERTEX_POINT('',#7503);
#2281=VERTEX_POINT('',#7520);
#2282=VERTEX_POINT('',#7537);
#2283=VERTEX_POINT('',#7554);
#2284=VERTEX_POINT('',#7562);
#2285=VERTEX_POINT('',#7566);
#2286=VERTEX_POINT('',#7573);
#2287=VERTEX_POINT('',#7575);
#2288=VERTEX_POINT('',#7579);
#2289=VERTEX_POINT('',#7583);
#2290=VERTEX_POINT('',#7590);
#2291=VERTEX_POINT('',#7592);
#2292=VERTEX_POINT('',#7596);
#2293=VERTEX_POINT('',#7600);
#2294=VERTEX_POINT('',#7616);
#2295=VERTEX_POINT('',#7617);
#2296=VERTEX_POINT('',#7623);
#2297=VERTEX_POINT('',#7625);
#2298=VERTEX_POINT('',#7642);
#2299=VERTEX_POINT('',#7648);
#2300=VERTEX_POINT('',#7665);
#2301=VERTEX_POINT('',#7671);
#2302=VERTEX_POINT('',#7688);
#2303=VERTEX_POINT('',#7694);
#2304=VERTEX_POINT('',#7711);
#2305=VERTEX_POINT('',#7717);
#2306=VERTEX_POINT('',#7734);
#2307=VERTEX_POINT('',#7740);
#2308=VERTEX_POINT('',#7757);
#2309=VERTEX_POINT('',#7763);
#2310=VERTEX_POINT('',#7780);
#2311=VERTEX_POINT('',#7786);
#2312=VERTEX_POINT('',#7806);
#2313=VERTEX_POINT('',#7808);
#2314=VERTEX_POINT('',#7825);
#2315=VERTEX_POINT('',#7842);
#2316=VERTEX_POINT('',#7859);
#2317=VERTEX_POINT('',#7876);
#2318=VERTEX_POINT('',#7893);
#2319=VERTEX_POINT('',#7910);
#2320=VERTEX_POINT('',#7927);
#2321=VERTEX_POINT('',#7944);
#2322=VERTEX_POINT('',#7961);
#2323=VERTEX_POINT('',#7978);
#2324=VERTEX_POINT('',#7995);
#2325=VERTEX_POINT('',#8003);
#2326=VERTEX_POINT('',#8016);
#2327=VERTEX_POINT('',#8033);
#2328=VERTEX_POINT('',#8050);
#2329=VERTEX_POINT('',#8067);
#2330=VERTEX_POINT('',#8084);
#2331=VERTEX_POINT('',#8101);
#2332=VERTEX_POINT('',#8118);
#2333=VERTEX_POINT('',#8135);
#2334=VERTEX_POINT('',#8143);
#2335=VERTEX_POINT('',#8172);
#2336=VERTEX_POINT('',#8173);
#2337=VERTEX_POINT('',#8179);
#2338=VERTEX_POINT('',#8181);
#2339=VERTEX_POINT('',#8198);
#2340=VERTEX_POINT('',#8204);
#2341=VERTEX_POINT('',#8221);
#2342=VERTEX_POINT('',#8227);
#2343=VERTEX_POINT('',#8244);
#2344=VERTEX_POINT('',#8250);
#2345=VERTEX_POINT('',#8267);
#2346=VERTEX_POINT('',#8273);
#2347=VERTEX_POINT('',#8290);
#2348=VERTEX_POINT('',#8296);
#2349=VERTEX_POINT('',#8313);
#2350=VERTEX_POINT('',#8319);
#2351=VERTEX_POINT('',#8336);
#2352=VERTEX_POINT('',#8342);
#2353=VERTEX_POINT('',#8379);
#2354=VERTEX_POINT('',#8381);
#2355=VERTEX_POINT('',#8398);
#2356=VERTEX_POINT('',#8415);
#2357=VERTEX_POINT('',#8432);
#2358=VERTEX_POINT('',#8449);
#2359=VERTEX_POINT('',#8466);
#2360=VERTEX_POINT('',#8483);
#2361=VERTEX_POINT('',#8500);
#2362=VERTEX_POINT('',#8524);
#2363=VERTEX_POINT('',#8526);
#2364=VERTEX_POINT('',#8530);
#2365=VERTEX_POINT('',#8534);
#2366=VERTEX_POINT('',#8538);
#2367=VERTEX_POINT('',#8551);
#2368=VERTEX_POINT('',#8568);
#2369=VERTEX_POINT('',#8576);
#2370=VERTEX_POINT('',#8580);
#2371=VERTEX_POINT('',#8584);
#2372=VERTEX_POINT('',#8588);
#2373=VERTEX_POINT('',#8592);
#2374=VERTEX_POINT('',#8599);
#2375=VERTEX_POINT('',#8601);
#2376=VERTEX_POINT('',#8605);
#2377=VERTEX_POINT('',#8609);
#2378=VERTEX_POINT('',#8613);
#2379=VERTEX_POINT('',#8617);
#2380=VERTEX_POINT('',#8621);
#2381=VERTEX_POINT('',#8625);
#2382=VERTEX_POINT('',#8631);
#2383=VERTEX_POINT('',#8635);
#2384=VERTEX_POINT('',#8642);
#2385=VERTEX_POINT('',#8644);
#2386=VERTEX_POINT('',#8648);
#2387=VERTEX_POINT('',#8652);
#2388=VERTEX_POINT('',#8656);
#2389=VERTEX_POINT('',#8660);
#2390=VERTEX_POINT('',#8664);
#2391=VERTEX_POINT('',#8668);
#2392=VERTEX_POINT('',#8672);
#2393=VERTEX_POINT('',#8676);
#2394=VERTEX_POINT('',#8680);
#2395=VERTEX_POINT('',#8684);
#2396=VERTEX_POINT('',#8688);
#2397=VERTEX_POINT('',#8704);
#2398=VERTEX_POINT('',#8705);
#2399=VERTEX_POINT('',#8711);
#2400=VERTEX_POINT('',#8713);
#2401=VERTEX_POINT('',#8730);
#2402=VERTEX_POINT('',#8736);
#2403=VERTEX_POINT('',#8753);
#2404=VERTEX_POINT('',#8759);
#2405=VERTEX_POINT('',#8776);
#2406=VERTEX_POINT('',#8782);
#2407=VERTEX_POINT('',#8799);
#2408=VERTEX_POINT('',#8805);
#2409=VERTEX_POINT('',#8822);
#2410=VERTEX_POINT('',#8828);
#2411=VERTEX_POINT('',#8845);
#2412=VERTEX_POINT('',#8851);
#2413=VERTEX_POINT('',#8868);
#2414=VERTEX_POINT('',#8874);
#2415=VERTEX_POINT('',#8911);
#2416=VERTEX_POINT('',#8913);
#2417=VERTEX_POINT('',#8930);
#2418=VERTEX_POINT('',#8947);
#2419=VERTEX_POINT('',#8964);
#2420=VERTEX_POINT('',#8981);
#2421=VERTEX_POINT('',#8998);
#2422=VERTEX_POINT('',#9015);
#2423=VERTEX_POINT('',#9032);
#2424=VERTEX_POINT('',#9049);
#2425=VERTEX_POINT('',#9066);
#2426=VERTEX_POINT('',#9083);
#2427=VERTEX_POINT('',#9116);
#2428=VERTEX_POINT('',#9117);
#2429=VERTEX_POINT('',#9123);
#2430=VERTEX_POINT('',#9125);
#2431=VERTEX_POINT('',#9142);
#2432=VERTEX_POINT('',#9148);
#2433=VERTEX_POINT('',#9165);
#2434=VERTEX_POINT('',#9171);
#2435=VERTEX_POINT('',#9188);
#2436=VERTEX_POINT('',#9194);
#2437=VERTEX_POINT('',#9211);
#2438=VERTEX_POINT('',#9217);
#2439=VERTEX_POINT('',#9234);
#2440=VERTEX_POINT('',#9240);
#2441=VERTEX_POINT('',#9257);
#2442=VERTEX_POINT('',#9263);
#2443=VERTEX_POINT('',#9280);
#2444=VERTEX_POINT('',#9286);
#2445=VERTEX_POINT('',#9323);
#2446=VERTEX_POINT('',#9325);
#2447=VERTEX_POINT('',#9342);
#2448=VERTEX_POINT('',#9359);
#2449=VERTEX_POINT('',#9376);
#2450=VERTEX_POINT('',#9393);
#2451=VERTEX_POINT('',#9410);
#2452=VERTEX_POINT('',#9427);
#2453=VERTEX_POINT('',#9444);
#2454=VERTEX_POINT('',#9461);
#2455=VERTEX_POINT('',#9478);
#2456=VERTEX_POINT('',#9495);
#2457=VERTEX_POINT('',#9519);
#2458=VERTEX_POINT('',#9520);
#2459=VERTEX_POINT('',#9522);
#2460=VERTEX_POINT('',#9524);
#2461=VERTEX_POINT('',#9528);
#2462=VERTEX_POINT('',#9530);
#2463=VERTEX_POINT('',#9537);
#2464=VERTEX_POINT('',#9539);
#2465=VERTEX_POINT('',#9543);
#2466=VERTEX_POINT('',#9547);
#2467=VERTEX_POINT('',#9551);
#2468=VERTEX_POINT('',#9555);
#2469=VERTEX_POINT('',#9559);
#2470=VERTEX_POINT('',#9563);
#2471=EDGE_CURVE('',#1992,#1993,#1966,.T.);
#2472=EDGE_CURVE('',#1993,#1994,#1112,.T.);
#2473=EDGE_CURVE('',#1994,#1995,#1967,.T.);
#2474=EDGE_CURVE('',#1995,#1992,#1113,.T.);
#2475=EDGE_CURVE('',#1996,#1997,#1968,.T.);
#2476=EDGE_CURVE('',#1997,#1993,#1969,.T.);
#2477=EDGE_CURVE('',#1992,#1996,#1970,.T.);
#2478=EDGE_CURVE('',#1998,#1999,#1971,.T.);
#2479=EDGE_CURVE('',#1999,#1997,#1114,.T.);
#2480=EDGE_CURVE('',#1996,#1998,#1115,.T.);
#2481=EDGE_CURVE('',#2000,#2001,#1972,.T.);
#2482=EDGE_CURVE('',#2001,#1999,#1973,.T.);
#2483=EDGE_CURVE('',#1998,#2000,#1974,.T.);
#2484=EDGE_CURVE('',#2002,#2003,#1975,.T.);
#2485=EDGE_CURVE('',#2003,#2001,#1116,.T.);
#2486=EDGE_CURVE('',#2000,#2002,#1117,.T.);
#2487=EDGE_CURVE('',#2004,#2005,#1976,.T.);
#2488=EDGE_CURVE('',#2005,#2003,#1977,.T.);
#2489=EDGE_CURVE('',#2002,#2004,#1978,.T.);
#2490=EDGE_CURVE('',#2006,#2007,#1979,.T.);
#2491=EDGE_CURVE('',#2007,#2005,#1118,.T.);
#2492=EDGE_CURVE('',#2004,#2006,#1119,.T.);
#2493=EDGE_CURVE('',#2008,#2009,#287,.T.);
#2494=EDGE_CURVE('',#2009,#2010,#1980,.T.);
#2495=EDGE_CURVE('',#2010,#2011,#288,.T.);
#2496=EDGE_CURVE('',#2011,#2012,#289,.T.);
#2497=EDGE_CURVE('',#2012,#2007,#1981,.T.);
#2498=EDGE_CURVE('',#2006,#2013,#1982,.T.);
#2499=EDGE_CURVE('',#2013,#2008,#290,.T.);
#2500=EDGE_CURVE('',#2014,#1995,#286,.T.);
#2501=EDGE_CURVE('',#1994,#2015,#1120,.T.);
#2502=EDGE_CURVE('',#2015,#2014,#1983,.T.);
#2503=EDGE_CURVE('',#2016,#2014,#291,.T.);
#2504=EDGE_CURVE('',#2015,#2016,#1984,.T.);
#2505=EDGE_CURVE('',#2017,#1993,#1121,.T.);
#2506=EDGE_CURVE('',#2017,#2018,#1122,.T.);
#2507=EDGE_CURVE('',#2015,#2018,#1123,.T.);
#2508=EDGE_CURVE('',#1997,#2019,#1124,.T.);
#2509=EDGE_CURVE('',#2019,#2017,#1985,.T.);
#2510=EDGE_CURVE('',#2020,#1999,#1125,.T.);
#2511=EDGE_CURVE('',#2020,#2019,#1126,.T.);
#2512=EDGE_CURVE('',#2001,#2021,#1127,.T.);
#2513=EDGE_CURVE('',#2021,#2020,#1986,.T.);
#2514=EDGE_CURVE('',#2022,#2003,#1128,.T.);
#2515=EDGE_CURVE('',#2022,#2021,#1129,.T.);
#2516=EDGE_CURVE('',#2005,#2023,#1130,.T.);
#2517=EDGE_CURVE('',#2023,#2022,#1987,.T.);
#2518=EDGE_CURVE('',#2024,#2007,#1131,.T.);
#2519=EDGE_CURVE('',#2024,#2023,#1132,.T.);
#2520=EDGE_CURVE('',#2018,#2024,#1988,.T.);
#2521=EDGE_CURVE('',#2012,#2025,#1133,.T.);
#2522=EDGE_CURVE('',#2025,#2026,#1989,.T.);
#2523=EDGE_CURVE('',#2026,#2016,#1134,.T.);
#2524=EDGE_CURVE('',#2011,#2027,#1135,.T.);
#2525=EDGE_CURVE('',#2027,#2025,#1136,.T.);
#2526=EDGE_CURVE('',#2028,#2010,#1137,.T.);
#2527=EDGE_CURVE('',#2028,#2029,#1138,.T.);
#2528=EDGE_CURVE('',#2029,#2027,#1139,.T.);
#2529=EDGE_CURVE('',#2009,#2028,#1140,.T.);
#2530=EDGE_CURVE('',#1995,#2030,#1141,.T.);
#2531=EDGE_CURVE('',#2030,#2031,#1142,.T.);
#2532=EDGE_CURVE('',#2031,#2032,#1143,.T.);
#2533=EDGE_CURVE('',#2032,#2033,#1144,.T.);
#2534=EDGE_CURVE('',#2033,#2034,#1145,.T.);
#2535=EDGE_CURVE('',#2034,#2035,#1146,.T.);
#2536=EDGE_CURVE('',#2035,#2036,#1147,.T.);
#2537=EDGE_CURVE('',#2036,#2037,#1148,.T.);
#2538=EDGE_CURVE('',#2037,#2038,#1149,.T.);
#2539=EDGE_CURVE('',#2038,#2013,#1150,.T.);
#2540=EDGE_CURVE('',#2039,#2040,#292,.T.);
#2541=EDGE_CURVE('',#2040,#2041,#1151,.T.);
#2542=EDGE_CURVE('',#2041,#2042,#1152,.T.);
#2543=EDGE_CURVE('',#2042,#2043,#1153,.T.);
#2544=EDGE_CURVE('',#2043,#2044,#293,.T.);
#2545=EDGE_CURVE('',#2044,#2045,#294,.T.);
#2546=EDGE_CURVE('',#2045,#2046,#295,.T.);
#2547=EDGE_CURVE('',#2046,#2047,#296,.T.);
#2548=EDGE_CURVE('',#2047,#2048,#297,.T.);
#2549=EDGE_CURVE('',#2048,#2049,#298,.T.);
#2550=EDGE_CURVE('',#2049,#2050,#299,.T.);
#2551=EDGE_CURVE('',#2050,#2051,#300,.T.);
#2552=EDGE_CURVE('',#2051,#2039,#301,.T.);
#2553=EDGE_CURVE('',#2052,#2053,#1154,.T.);
#2554=EDGE_CURVE('',#2053,#2054,#1155,.T.);
#2555=EDGE_CURVE('',#2054,#2055,#1156,.T.);
#2556=EDGE_CURVE('',#2055,#2056,#1157,.T.);
#2557=EDGE_CURVE('',#2056,#2057,#1158,.T.);
#2558=EDGE_CURVE('',#2057,#2058,#1159,.T.);
#2559=EDGE_CURVE('',#2058,#2059,#1160,.T.);
#2560=EDGE_CURVE('',#2059,#2060,#1161,.T.);
#2561=EDGE_CURVE('',#2060,#2061,#1162,.T.);
#2562=EDGE_CURVE('',#2061,#2062,#1163,.T.);
#2563=EDGE_CURVE('',#2062,#2063,#1164,.T.);
#2564=EDGE_CURVE('',#2063,#2052,#1165,.T.);
#2565=EDGE_CURVE('',#2064,#2065,#302,.T.);
#2566=EDGE_CURVE('',#2065,#2066,#1166,.T.);
#2567=EDGE_CURVE('',#2066,#2067,#1167,.T.);
#2568=EDGE_CURVE('',#2067,#2068,#1168,.T.);
#2569=EDGE_CURVE('',#2068,#2069,#1169,.T.);
#2570=EDGE_CURVE('',#2069,#2070,#303,.T.);
#2571=EDGE_CURVE('',#2070,#2071,#304,.T.);
#2572=EDGE_CURVE('',#2071,#2072,#305,.T.);
#2573=EDGE_CURVE('',#2072,#2073,#306,.T.);
#2574=EDGE_CURVE('',#2073,#2074,#307,.T.);
#2575=EDGE_CURVE('',#2074,#2075,#308,.T.);
#2576=EDGE_CURVE('',#2075,#2076,#1170,.T.);
#2577=EDGE_CURVE('',#2076,#2077,#1171,.T.);
#2578=EDGE_CURVE('',#2077,#2078,#1172,.T.);
#2579=EDGE_CURVE('',#2078,#2079,#309,.T.);
#2580=EDGE_CURVE('',#2079,#2080,#310,.T.);
#2581=EDGE_CURVE('',#2080,#2081,#311,.T.);
#2582=EDGE_CURVE('',#2081,#2082,#312,.T.);
#2583=EDGE_CURVE('',#2082,#2083,#313,.T.);
#2584=EDGE_CURVE('',#2083,#2064,#314,.T.);
#2585=EDGE_CURVE('',#2084,#2085,#1173,.T.);
#2586=EDGE_CURVE('',#2085,#2086,#1174,.T.);
#2587=EDGE_CURVE('',#2086,#2087,#1175,.T.);
#2588=EDGE_CURVE('',#2087,#2088,#1176,.T.);
#2589=EDGE_CURVE('',#2088,#2089,#315,.T.);
#2590=EDGE_CURVE('',#2089,#2090,#316,.T.);
#2591=EDGE_CURVE('',#2090,#2091,#317,.T.);
#2592=EDGE_CURVE('',#2091,#2092,#318,.T.);
#2593=EDGE_CURVE('',#2092,#2093,#319,.T.);
#2594=EDGE_CURVE('',#2093,#2094,#1177,.T.);
#2595=EDGE_CURVE('',#2094,#2095,#1178,.T.);
#2596=EDGE_CURVE('',#2095,#2096,#1179,.T.);
#2597=EDGE_CURVE('',#2096,#2097,#320,.T.);
#2598=EDGE_CURVE('',#2097,#2098,#321,.T.);
#2599=EDGE_CURVE('',#2098,#2099,#322,.T.);
#2600=EDGE_CURVE('',#2099,#2100,#323,.T.);
#2601=EDGE_CURVE('',#2100,#2101,#324,.T.);
#2602=EDGE_CURVE('',#2101,#2102,#325,.T.);
#2603=EDGE_CURVE('',#2102,#2084,#1180,.T.);
#2604=EDGE_CURVE('',#2103,#2104,#1181,.T.);
#2605=EDGE_CURVE('',#2104,#2105,#1182,.T.);
#2606=EDGE_CURVE('',#2105,#2106,#1183,.T.);
#2607=EDGE_CURVE('',#2106,#2103,#1184,.T.);
#2608=EDGE_CURVE('',#2107,#2108,#1185,.T.);
#2609=EDGE_CURVE('',#2108,#2109,#1186,.T.);
#2610=EDGE_CURVE('',#2109,#2110,#1187,.T.);
#2611=EDGE_CURVE('',#2110,#2107,#1188,.T.);
#2612=EDGE_CURVE('',#2111,#2112,#326,.T.);
#2613=EDGE_CURVE('',#2112,#2113,#327,.T.);
#2614=EDGE_CURVE('',#2113,#2114,#1189,.T.);
#2615=EDGE_CURVE('',#2114,#2115,#328,.T.);
#2616=EDGE_CURVE('',#2115,#2116,#329,.T.);
#2617=EDGE_CURVE('',#2116,#2117,#330,.T.);
#2618=EDGE_CURVE('',#2117,#2118,#331,.T.);
#2619=EDGE_CURVE('',#2118,#2119,#332,.T.);
#2620=EDGE_CURVE('',#2119,#2120,#333,.T.);
#2621=EDGE_CURVE('',#2120,#2121,#334,.T.);
#2622=EDGE_CURVE('',#2121,#2122,#335,.T.);
#2623=EDGE_CURVE('',#2122,#2123,#1190,.T.);
#2624=EDGE_CURVE('',#2123,#2124,#336,.T.);
#2625=EDGE_CURVE('',#2124,#2125,#337,.T.);
#2626=EDGE_CURVE('',#2125,#2126,#338,.T.);
#2627=EDGE_CURVE('',#2126,#2127,#339,.T.);
#2628=EDGE_CURVE('',#2127,#2128,#340,.T.);
#2629=EDGE_CURVE('',#2128,#2129,#341,.T.);
#2630=EDGE_CURVE('',#2129,#2130,#342,.T.);
#2631=EDGE_CURVE('',#2130,#2131,#343,.T.);
#2632=EDGE_CURVE('',#2131,#2132,#344,.T.);
#2633=EDGE_CURVE('',#2132,#2133,#345,.T.);
#2634=EDGE_CURVE('',#2133,#2111,#346,.T.);
#2635=EDGE_CURVE('',#2134,#2135,#347,.T.);
#2636=EDGE_CURVE('',#2135,#2136,#348,.T.);
#2637=EDGE_CURVE('',#2136,#2137,#349,.T.);
#2638=EDGE_CURVE('',#2137,#2138,#350,.T.);
#2639=EDGE_CURVE('',#2138,#2139,#351,.T.);
#2640=EDGE_CURVE('',#2139,#2140,#352,.T.);
#2641=EDGE_CURVE('',#2140,#2141,#353,.T.);
#2642=EDGE_CURVE('',#2141,#2142,#354,.T.);
#2643=EDGE_CURVE('',#2142,#2134,#355,.T.);
#2644=EDGE_CURVE('',#2143,#2144,#1191,.T.);
#2645=EDGE_CURVE('',#2144,#2145,#1192,.T.);
#2646=EDGE_CURVE('',#2145,#2146,#1193,.T.);
#2647=EDGE_CURVE('',#2146,#2147,#1194,.T.);
#2648=EDGE_CURVE('',#2147,#2148,#1195,.T.);
#2649=EDGE_CURVE('',#2148,#2149,#1196,.T.);
#2650=EDGE_CURVE('',#2149,#2150,#1197,.T.);
#2651=EDGE_CURVE('',#2150,#2151,#356,.T.);
#2652=EDGE_CURVE('',#2151,#2152,#357,.T.);
#2653=EDGE_CURVE('',#2152,#2153,#1198,.T.);
#2654=EDGE_CURVE('',#2153,#2154,#1199,.T.);
#2655=EDGE_CURVE('',#2154,#2143,#1200,.T.);
#2656=EDGE_CURVE('',#2155,#2156,#1201,.T.);
#2657=EDGE_CURVE('',#2156,#2157,#1202,.T.);
#2658=EDGE_CURVE('',#2157,#2158,#1203,.T.);
#2659=EDGE_CURVE('',#2158,#2159,#1204,.T.);
#2660=EDGE_CURVE('',#2159,#2160,#1205,.T.);
#2661=EDGE_CURVE('',#2160,#2161,#1206,.T.);
#2662=EDGE_CURVE('',#2161,#2162,#1207,.T.);
#2663=EDGE_CURVE('',#2162,#2163,#1208,.T.);
#2664=EDGE_CURVE('',#2163,#2164,#1209,.T.);
#2665=EDGE_CURVE('',#2164,#2165,#1210,.T.);
#2666=EDGE_CURVE('',#2165,#2166,#1211,.T.);
#2667=EDGE_CURVE('',#2166,#2167,#1212,.T.);
#2668=EDGE_CURVE('',#2167,#2155,#1213,.T.);
#2669=EDGE_CURVE('',#2168,#2169,#358,.T.);
#2670=EDGE_CURVE('',#2169,#2170,#359,.T.);
#2671=EDGE_CURVE('',#2170,#2171,#360,.T.);
#2672=EDGE_CURVE('',#2171,#2172,#361,.T.);
#2673=EDGE_CURVE('',#2172,#2173,#362,.T.);
#2674=EDGE_CURVE('',#2173,#2174,#363,.T.);
#2675=EDGE_CURVE('',#2174,#2175,#364,.T.);
#2676=EDGE_CURVE('',#2175,#2176,#365,.T.);
#2677=EDGE_CURVE('',#2176,#2177,#366,.T.);
#2678=EDGE_CURVE('',#2177,#2178,#367,.T.);
#2679=EDGE_CURVE('',#2178,#2179,#368,.T.);
#2680=EDGE_CURVE('',#2179,#2168,#369,.T.);
#2681=EDGE_CURVE('',#2180,#2181,#370,.T.);
#2682=EDGE_CURVE('',#2181,#2182,#371,.T.);
#2683=EDGE_CURVE('',#2182,#2183,#372,.T.);
#2684=EDGE_CURVE('',#2183,#2184,#373,.T.);
#2685=EDGE_CURVE('',#2184,#2185,#374,.T.);
#2686=EDGE_CURVE('',#2185,#2186,#375,.T.);
#2687=EDGE_CURVE('',#2186,#2187,#376,.T.);
#2688=EDGE_CURVE('',#2187,#2188,#377,.T.);
#2689=EDGE_CURVE('',#2188,#2189,#378,.T.);
#2690=EDGE_CURVE('',#2189,#2190,#379,.T.);
#2691=EDGE_CURVE('',#2190,#2191,#380,.T.);
#2692=EDGE_CURVE('',#2191,#2180,#381,.T.);
#2693=EDGE_CURVE('',#2192,#2193,#1214,.T.);
#2694=EDGE_CURVE('',#2193,#2194,#1215,.T.);
#2695=EDGE_CURVE('',#2194,#2195,#1216,.T.);
#2696=EDGE_CURVE('',#2195,#2196,#1217,.T.);
#2697=EDGE_CURVE('',#2196,#2197,#1218,.T.);
#2698=EDGE_CURVE('',#2197,#2198,#1219,.T.);
#2699=EDGE_CURVE('',#2198,#2199,#1220,.T.);
#2700=EDGE_CURVE('',#2199,#2192,#1221,.T.);
#2701=EDGE_CURVE('',#2200,#2200,#1990,.T.);
#2702=EDGE_CURVE('',#2201,#2201,#1991,.T.);
#2703=EDGE_CURVE('',#2202,#2203,#1222,.T.);
#2704=EDGE_CURVE('',#2202,#2204,#1223,.T.);
#2705=EDGE_CURVE('',#2204,#2205,#1224,.T.);
#2706=EDGE_CURVE('',#2203,#2205,#1225,.T.);
#2707=EDGE_CURVE('',#2206,#2202,#382,.T.);
#2708=EDGE_CURVE('',#2206,#2207,#1226,.T.);
#2709=EDGE_CURVE('',#2207,#2204,#383,.T.);
#2710=EDGE_CURVE('',#2208,#2206,#384,.T.);
#2711=EDGE_CURVE('',#2208,#2209,#1227,.T.);
#2712=EDGE_CURVE('',#2209,#2207,#385,.T.);
#2713=EDGE_CURVE('',#2210,#2208,#386,.T.);
#2714=EDGE_CURVE('',#2210,#2211,#1228,.T.);
#2715=EDGE_CURVE('',#2211,#2209,#387,.T.);
#2716=EDGE_CURVE('',#2212,#2210,#388,.T.);
#2717=EDGE_CURVE('',#2212,#2213,#1229,.T.);
#2718=EDGE_CURVE('',#2213,#2211,#389,.T.);
#2719=EDGE_CURVE('',#2214,#2212,#390,.T.);
#2720=EDGE_CURVE('',#2214,#2215,#1230,.T.);
#2721=EDGE_CURVE('',#2215,#2213,#391,.T.);
#2722=EDGE_CURVE('',#2216,#2214,#392,.T.);
#2723=EDGE_CURVE('',#2216,#2217,#1231,.T.);
#2724=EDGE_CURVE('',#2217,#2215,#393,.T.);
#2725=EDGE_CURVE('',#2218,#2216,#394,.T.);
#2726=EDGE_CURVE('',#2218,#2219,#1232,.T.);
#2727=EDGE_CURVE('',#2219,#2217,#395,.T.);
#2728=EDGE_CURVE('',#2220,#2218,#1233,.T.);
#2729=EDGE_CURVE('',#2220,#2221,#1234,.T.);
#2730=EDGE_CURVE('',#2221,#2219,#1235,.T.);
#2731=EDGE_CURVE('',#2203,#2220,#1236,.T.);
#2732=EDGE_CURVE('',#2205,#2221,#1237,.T.);
#2733=EDGE_CURVE('',#2039,#2222,#1238,.T.);
#2734=EDGE_CURVE('',#2222,#2223,#396,.T.);
#2735=EDGE_CURVE('',#2040,#2223,#1239,.T.);
#2736=EDGE_CURVE('',#2051,#2224,#1240,.T.);
#2737=EDGE_CURVE('',#2224,#2222,#397,.T.);
#2738=EDGE_CURVE('',#2050,#2225,#1241,.T.);
#2739=EDGE_CURVE('',#2225,#2224,#398,.T.);
#2740=EDGE_CURVE('',#2049,#2226,#1242,.T.);
#2741=EDGE_CURVE('',#2226,#2225,#399,.T.);
#2742=EDGE_CURVE('',#2048,#2227,#1243,.T.);
#2743=EDGE_CURVE('',#2227,#2226,#400,.T.);
#2744=EDGE_CURVE('',#2047,#2228,#1244,.T.);
#2745=EDGE_CURVE('',#2228,#2227,#401,.T.);
#2746=EDGE_CURVE('',#2046,#2229,#1245,.T.);
#2747=EDGE_CURVE('',#2229,#2228,#402,.T.);
#2748=EDGE_CURVE('',#2045,#2230,#1246,.T.);
#2749=EDGE_CURVE('',#2230,#2229,#403,.T.);
#2750=EDGE_CURVE('',#2044,#2231,#1247,.T.);
#2751=EDGE_CURVE('',#2231,#2230,#404,.T.);
#2752=EDGE_CURVE('',#2043,#2232,#1248,.T.);
#2753=EDGE_CURVE('',#2232,#2231,#405,.T.);
#2754=EDGE_CURVE('',#2042,#2233,#1249,.T.);
#2755=EDGE_CURVE('',#2233,#2232,#1250,.T.);
#2756=EDGE_CURVE('',#2041,#2234,#1251,.T.);
#2757=EDGE_CURVE('',#2234,#2233,#1252,.T.);
#2758=EDGE_CURVE('',#2223,#2234,#1253,.T.);
#2759=EDGE_CURVE('',#2052,#2235,#1254,.T.);
#2760=EDGE_CURVE('',#2235,#2236,#1255,.T.);
#2761=EDGE_CURVE('',#2053,#2236,#1256,.T.);
#2762=EDGE_CURVE('',#2063,#2237,#1257,.T.);
#2763=EDGE_CURVE('',#2237,#2235,#1258,.T.);
#2764=EDGE_CURVE('',#2062,#2238,#1259,.T.);
#2765=EDGE_CURVE('',#2238,#2237,#1260,.T.);
#2766=EDGE_CURVE('',#2061,#2239,#1261,.T.);
#2767=EDGE_CURVE('',#2239,#2238,#1262,.T.);
#2768=EDGE_CURVE('',#2060,#2240,#1263,.T.);
#2769=EDGE_CURVE('',#2240,#2239,#1264,.T.);
#2770=EDGE_CURVE('',#2059,#2241,#1265,.T.);
#2771=EDGE_CURVE('',#2241,#2240,#1266,.T.);
#2772=EDGE_CURVE('',#2058,#2242,#1267,.T.);
#2773=EDGE_CURVE('',#2242,#2241,#1268,.T.);
#2774=EDGE_CURVE('',#2057,#2243,#1269,.T.);
#2775=EDGE_CURVE('',#2243,#2242,#1270,.T.);
#2776=EDGE_CURVE('',#2056,#2244,#1271,.T.);
#2777=EDGE_CURVE('',#2244,#2243,#1272,.T.);
#2778=EDGE_CURVE('',#2055,#2245,#1273,.T.);
#2779=EDGE_CURVE('',#2245,#2244,#1274,.T.);
#2780=EDGE_CURVE('',#2054,#2246,#1275,.T.);
#2781=EDGE_CURVE('',#2246,#2245,#1276,.T.);
#2782=EDGE_CURVE('',#2236,#2246,#1277,.T.);
#2783=EDGE_CURVE('',#2064,#2247,#1278,.T.);
#2784=EDGE_CURVE('',#2247,#2248,#406,.T.);
#2785=EDGE_CURVE('',#2065,#2248,#1279,.T.);
#2786=EDGE_CURVE('',#2083,#2249,#1280,.T.);
#2787=EDGE_CURVE('',#2249,#2247,#407,.T.);
#2788=EDGE_CURVE('',#2082,#2250,#1281,.T.);
#2789=EDGE_CURVE('',#2250,#2249,#408,.T.);
#2790=EDGE_CURVE('',#2081,#2251,#1282,.T.);
#2791=EDGE_CURVE('',#2251,#2250,#409,.T.);
#2792=EDGE_CURVE('',#2080,#2252,#1283,.T.);
#2793=EDGE_CURVE('',#2252,#2251,#410,.T.);
#2794=EDGE_CURVE('',#2079,#2253,#1284,.T.);
#2795=EDGE_CURVE('',#2253,#2252,#411,.T.);
#2796=EDGE_CURVE('',#2078,#2254,#1285,.T.);
#2797=EDGE_CURVE('',#2254,#2253,#412,.T.);
#2798=EDGE_CURVE('',#2077,#2255,#1286,.T.);
#2799=EDGE_CURVE('',#2255,#2254,#1287,.T.);
#2800=EDGE_CURVE('',#2076,#2256,#1288,.T.);
#2801=EDGE_CURVE('',#2256,#2255,#1289,.T.);
#2802=EDGE_CURVE('',#2075,#2257,#1290,.T.);
#2803=EDGE_CURVE('',#2257,#2256,#1291,.T.);
#2804=EDGE_CURVE('',#2074,#2258,#1292,.T.);
#2805=EDGE_CURVE('',#2258,#2257,#413,.T.);
#2806=EDGE_CURVE('',#2073,#2259,#1293,.T.);
#2807=EDGE_CURVE('',#2259,#2258,#414,.T.);
#2808=EDGE_CURVE('',#2072,#2260,#1294,.T.);
#2809=EDGE_CURVE('',#2260,#2259,#415,.T.);
#2810=EDGE_CURVE('',#2071,#2261,#1295,.T.);
#2811=EDGE_CURVE('',#2261,#2260,#416,.T.);
#2812=EDGE_CURVE('',#2070,#2262,#1296,.T.);
#2813=EDGE_CURVE('',#2262,#2261,#417,.T.);
#2814=EDGE_CURVE('',#2069,#2263,#1297,.T.);
#2815=EDGE_CURVE('',#2263,#2262,#418,.T.);
#2816=EDGE_CURVE('',#2068,#2264,#1298,.T.);
#2817=EDGE_CURVE('',#2264,#2263,#1299,.T.);
#2818=EDGE_CURVE('',#2067,#2265,#1300,.T.);
#2819=EDGE_CURVE('',#2265,#2264,#1301,.T.);
#2820=EDGE_CURVE('',#2066,#2266,#1302,.T.);
#2821=EDGE_CURVE('',#2266,#2265,#1303,.T.);
#2822=EDGE_CURVE('',#2248,#2266,#1304,.T.);
#2823=EDGE_CURVE('',#2084,#2267,#1305,.T.);
#2824=EDGE_CURVE('',#2267,#2268,#1306,.T.);
#2825=EDGE_CURVE('',#2085,#2268,#1307,.T.);
#2826=EDGE_CURVE('',#2102,#2269,#1308,.T.);
#2827=EDGE_CURVE('',#2269,#2267,#1309,.T.);
#2828=EDGE_CURVE('',#2101,#2270,#1310,.T.);
#2829=EDGE_CURVE('',#2270,#2269,#419,.T.);
#2830=EDGE_CURVE('',#2100,#2271,#1311,.T.);
#2831=EDGE_CURVE('',#2271,#2270,#420,.T.);
#2832=EDGE_CURVE('',#2099,#2272,#1312,.T.);
#2833=EDGE_CURVE('',#2272,#2271,#421,.T.);
#2834=EDGE_CURVE('',#2098,#2273,#1313,.T.);
#2835=EDGE_CURVE('',#2273,#2272,#422,.T.);
#2836=EDGE_CURVE('',#2097,#2274,#1314,.T.);
#2837=EDGE_CURVE('',#2274,#2273,#423,.T.);
#2838=EDGE_CURVE('',#2096,#2275,#1315,.T.);
#2839=EDGE_CURVE('',#2275,#2274,#424,.T.);
#2840=EDGE_CURVE('',#2095,#2276,#1316,.T.);
#2841=EDGE_CURVE('',#2276,#2275,#1317,.T.);
#2842=EDGE_CURVE('',#2094,#2277,#1318,.T.);
#2843=EDGE_CURVE('',#2277,#2276,#1319,.T.);
#2844=EDGE_CURVE('',#2093,#2278,#1320,.T.);
#2845=EDGE_CURVE('',#2278,#2277,#1321,.T.);
#2846=EDGE_CURVE('',#2092,#2279,#1322,.T.);
#2847=EDGE_CURVE('',#2279,#2278,#425,.T.);
#2848=EDGE_CURVE('',#2091,#2280,#1323,.T.);
#2849=EDGE_CURVE('',#2280,#2279,#426,.T.);
#2850=EDGE_CURVE('',#2090,#2281,#1324,.T.);
#2851=EDGE_CURVE('',#2281,#2280,#427,.T.);
#2852=EDGE_CURVE('',#2089,#2282,#1325,.T.);
#2853=EDGE_CURVE('',#2282,#2281,#428,.T.);
#2854=EDGE_CURVE('',#2088,#2283,#1326,.T.);
#2855=EDGE_CURVE('',#2283,#2282,#429,.T.);
#2856=EDGE_CURVE('',#2087,#2284,#1327,.T.);
#2857=EDGE_CURVE('',#2284,#2283,#1328,.T.);
#2858=EDGE_CURVE('',#2086,#2285,#1329,.T.);
#2859=EDGE_CURVE('',#2285,#2284,#1330,.T.);
#2860=EDGE_CURVE('',#2268,#2285,#1331,.T.);
#2861=EDGE_CURVE('',#2103,#2286,#1332,.T.);
#2862=EDGE_CURVE('',#2286,#2287,#1333,.T.);
#2863=EDGE_CURVE('',#2104,#2287,#1334,.T.);
#2864=EDGE_CURVE('',#2106,#2288,#1335,.T.);
#2865=EDGE_CURVE('',#2288,#2286,#1336,.T.);
#2866=EDGE_CURVE('',#2105,#2289,#1337,.T.);
#2867=EDGE_CURVE('',#2289,#2288,#1338,.T.);
#2868=EDGE_CURVE('',#2287,#2289,#1339,.T.);
#2869=EDGE_CURVE('',#2107,#2290,#1340,.T.);
#2870=EDGE_CURVE('',#2290,#2291,#1341,.T.);
#2871=EDGE_CURVE('',#2108,#2291,#1342,.T.);
#2872=EDGE_CURVE('',#2110,#2292,#1343,.T.);
#2873=EDGE_CURVE('',#2292,#2290,#1344,.T.);
#2874=EDGE_CURVE('',#2109,#2293,#1345,.T.);
#2875=EDGE_CURVE('',#2293,#2292,#1346,.T.);
#2876=EDGE_CURVE('',#2291,#2293,#1347,.T.);
#2877=EDGE_CURVE('',#2294,#2295,#430,.T.);
#2878=EDGE_CURVE('',#2294,#2296,#1348,.T.);
#2879=EDGE_CURVE('',#2296,#2297,#431,.T.);
#2880=EDGE_CURVE('',#2295,#2297,#1349,.T.);
#2881=EDGE_CURVE('',#2298,#2294,#432,.T.);
#2882=EDGE_CURVE('',#2298,#2299,#1350,.T.);
#2883=EDGE_CURVE('',#2299,#2296,#433,.T.);
#2884=EDGE_CURVE('',#2300,#2298,#434,.T.);
#2885=EDGE_CURVE('',#2300,#2301,#1351,.T.);
#2886=EDGE_CURVE('',#2301,#2299,#435,.T.);
#2887=EDGE_CURVE('',#2302,#2300,#436,.T.);
#2888=EDGE_CURVE('',#2302,#2303,#1352,.T.);
#2889=EDGE_CURVE('',#2303,#2301,#437,.T.);
#2890=EDGE_CURVE('',#2304,#2302,#438,.T.);
#2891=EDGE_CURVE('',#2304,#2305,#1353,.T.);
#2892=EDGE_CURVE('',#2305,#2303,#439,.T.);
#2893=EDGE_CURVE('',#2306,#2304,#440,.T.);
#2894=EDGE_CURVE('',#2306,#2307,#1354,.T.);
#2895=EDGE_CURVE('',#2307,#2305,#441,.T.);
#2896=EDGE_CURVE('',#2308,#2306,#442,.T.);
#2897=EDGE_CURVE('',#2308,#2309,#1355,.T.);
#2898=EDGE_CURVE('',#2309,#2307,#443,.T.);
#2899=EDGE_CURVE('',#2310,#2308,#444,.T.);
#2900=EDGE_CURVE('',#2310,#2311,#1356,.T.);
#2901=EDGE_CURVE('',#2311,#2309,#445,.T.);
#2902=EDGE_CURVE('',#2295,#2310,#1357,.T.);
#2903=EDGE_CURVE('',#2297,#2311,#1358,.T.);
#2904=EDGE_CURVE('',#2111,#2312,#1359,.T.);
#2905=EDGE_CURVE('',#2312,#2313,#446,.T.);
#2906=EDGE_CURVE('',#2112,#2313,#1360,.T.);
#2907=EDGE_CURVE('',#2133,#2314,#1361,.T.);
#2908=EDGE_CURVE('',#2314,#2312,#447,.T.);
#2909=EDGE_CURVE('',#2132,#2315,#1362,.T.);
#2910=EDGE_CURVE('',#2315,#2314,#448,.T.);
#2911=EDGE_CURVE('',#2131,#2316,#1363,.T.);
#2912=EDGE_CURVE('',#2316,#2315,#449,.T.);
#2913=EDGE_CURVE('',#2130,#2317,#1364,.T.);
#2914=EDGE_CURVE('',#2317,#2316,#450,.T.);
#2915=EDGE_CURVE('',#2129,#2318,#1365,.T.);
#2916=EDGE_CURVE('',#2318,#2317,#451,.T.);
#2917=EDGE_CURVE('',#2128,#2319,#1366,.T.);
#2918=EDGE_CURVE('',#2319,#2318,#452,.T.);
#2919=EDGE_CURVE('',#2127,#2320,#1367,.T.);
#2920=EDGE_CURVE('',#2320,#2319,#453,.T.);
#2921=EDGE_CURVE('',#2126,#2321,#1368,.T.);
#2922=EDGE_CURVE('',#2321,#2320,#454,.T.);
#2923=EDGE_CURVE('',#2125,#2322,#1369,.T.);
#2924=EDGE_CURVE('',#2322,#2321,#455,.T.);
#2925=EDGE_CURVE('',#2124,#2323,#1370,.T.);
#2926=EDGE_CURVE('',#2323,#2322,#456,.T.);
#2927=EDGE_CURVE('',#2123,#2324,#1371,.T.);
#2928=EDGE_CURVE('',#2324,#2323,#457,.T.);
#2929=EDGE_CURVE('',#2122,#2325,#1372,.T.);
#2930=EDGE_CURVE('',#2325,#2324,#1373,.T.);
#2931=EDGE_CURVE('',#2121,#2326,#1374,.T.);
#2932=EDGE_CURVE('',#2326,#2325,#458,.T.);
#2933=EDGE_CURVE('',#2120,#2327,#1375,.T.);
#2934=EDGE_CURVE('',#2327,#2326,#459,.T.);
#2935=EDGE_CURVE('',#2119,#2328,#1376,.T.);
#2936=EDGE_CURVE('',#2328,#2327,#460,.T.);
#2937=EDGE_CURVE('',#2118,#2329,#1377,.T.);
#2938=EDGE_CURVE('',#2329,#2328,#461,.T.);
#2939=EDGE_CURVE('',#2117,#2330,#1378,.T.);
#2940=EDGE_CURVE('',#2330,#2329,#462,.T.);
#2941=EDGE_CURVE('',#2116,#2331,#1379,.T.);
#2942=EDGE_CURVE('',#2331,#2330,#463,.T.);
#2943=EDGE_CURVE('',#2115,#2332,#1380,.T.);
#2944=EDGE_CURVE('',#2332,#2331,#464,.T.);
#2945=EDGE_CURVE('',#2114,#2333,#1381,.T.);
#2946=EDGE_CURVE('',#2333,#2332,#465,.T.);
#2947=EDGE_CURVE('',#2113,#2334,#1382,.T.);
#2948=EDGE_CURVE('',#2334,#2333,#1383,.T.);
#2949=EDGE_CURVE('',#2313,#2334,#466,.T.);
#2950=EDGE_CURVE('',#2335,#2336,#467,.T.);
#2951=EDGE_CURVE('',#2335,#2337,#1384,.T.);
#2952=EDGE_CURVE('',#2337,#2338,#468,.T.);
#2953=EDGE_CURVE('',#2336,#2338,#1385,.T.);
#2954=EDGE_CURVE('',#2339,#2335,#469,.T.);
#2955=EDGE_CURVE('',#2339,#2340,#1386,.T.);
#2956=EDGE_CURVE('',#2340,#2337,#470,.T.);
#2957=EDGE_CURVE('',#2341,#2339,#471,.T.);
#2958=EDGE_CURVE('',#2341,#2342,#1387,.T.);
#2959=EDGE_CURVE('',#2342,#2340,#472,.T.);
#2960=EDGE_CURVE('',#2343,#2341,#473,.T.);
#2961=EDGE_CURVE('',#2343,#2344,#1388,.T.);
#2962=EDGE_CURVE('',#2344,#2342,#474,.T.);
#2963=EDGE_CURVE('',#2345,#2343,#475,.T.);
#2964=EDGE_CURVE('',#2345,#2346,#1389,.T.);
#2965=EDGE_CURVE('',#2346,#2344,#476,.T.);
#2966=EDGE_CURVE('',#2347,#2345,#477,.T.);
#2967=EDGE_CURVE('',#2347,#2348,#1390,.T.);
#2968=EDGE_CURVE('',#2348,#2346,#478,.T.);
#2969=EDGE_CURVE('',#2349,#2347,#479,.T.);
#2970=EDGE_CURVE('',#2349,#2350,#1391,.T.);
#2971=EDGE_CURVE('',#2350,#2348,#480,.T.);
#2972=EDGE_CURVE('',#2351,#2349,#481,.T.);
#2973=EDGE_CURVE('',#2351,#2352,#1392,.T.);
#2974=EDGE_CURVE('',#2352,#2350,#482,.T.);
#2975=EDGE_CURVE('',#2336,#2351,#483,.T.);
#2976=EDGE_CURVE('',#2338,#2352,#484,.T.);
#2977=EDGE_CURVE('',#2134,#2353,#1393,.T.);
#2978=EDGE_CURVE('',#2353,#2354,#485,.T.);
#2979=EDGE_CURVE('',#2135,#2354,#1394,.T.);
#2980=EDGE_CURVE('',#2142,#2355,#1395,.T.);
#2981=EDGE_CURVE('',#2355,#2353,#486,.T.);
#2982=EDGE_CURVE('',#2141,#2356,#1396,.T.);
#2983=EDGE_CURVE('',#2356,#2355,#487,.T.);
#2984=EDGE_CURVE('',#2140,#2357,#1397,.T.);
#2985=EDGE_CURVE('',#2357,#2356,#488,.T.);
#2986=EDGE_CURVE('',#2139,#2358,#1398,.T.);
#2987=EDGE_CURVE('',#2358,#2357,#489,.T.);
#2988=EDGE_CURVE('',#2138,#2359,#1399,.T.);
#2989=EDGE_CURVE('',#2359,#2358,#490,.T.);
#2990=EDGE_CURVE('',#2137,#2360,#1400,.T.);
#2991=EDGE_CURVE('',#2360,#2359,#491,.T.);
#2992=EDGE_CURVE('',#2136,#2361,#1401,.T.);
#2993=EDGE_CURVE('',#2361,#2360,#492,.T.);
#2994=EDGE_CURVE('',#2354,#2361,#493,.T.);
#2995=EDGE_CURVE('',#2143,#2362,#1402,.T.);
#2996=EDGE_CURVE('',#2362,#2363,#1403,.T.);
#2997=EDGE_CURVE('',#2144,#2363,#1404,.T.);
#2998=EDGE_CURVE('',#2154,#2364,#1405,.T.);
#2999=EDGE_CURVE('',#2364,#2362,#1406,.T.);
#3000=EDGE_CURVE('',#2153,#2365,#1407,.T.);
#3001=EDGE_CURVE('',#2365,#2364,#1408,.T.);
#3002=EDGE_CURVE('',#2152,#2366,#1409,.T.);
#3003=EDGE_CURVE('',#2366,#2365,#1410,.T.);
#3004=EDGE_CURVE('',#2151,#2367,#1411,.T.);
#3005=EDGE_CURVE('',#2367,#2366,#494,.T.);
#3006=EDGE_CURVE('',#2150,#2368,#1412,.T.);
#3007=EDGE_CURVE('',#2368,#2367,#495,.T.);
#3008=EDGE_CURVE('',#2149,#2369,#1413,.T.);
#3009=EDGE_CURVE('',#2369,#2368,#1414,.T.);
#3010=EDGE_CURVE('',#2148,#2370,#1415,.T.);
#3011=EDGE_CURVE('',#2370,#2369,#1416,.T.);
#3012=EDGE_CURVE('',#2147,#2371,#1417,.T.);
#3013=EDGE_CURVE('',#2371,#2370,#1418,.T.);
#3014=EDGE_CURVE('',#2146,#2372,#1419,.T.);
#3015=EDGE_CURVE('',#2372,#2371,#1420,.T.);
#3016=EDGE_CURVE('',#2145,#2373,#1421,.T.);
#3017=EDGE_CURVE('',#2373,#2372,#1422,.T.);
#3018=EDGE_CURVE('',#2363,#2373,#1423,.T.);
#3019=EDGE_CURVE('',#2036,#2374,#1424,.T.);
#3020=EDGE_CURVE('',#2374,#2375,#1425,.T.);
#3021=EDGE_CURVE('',#2037,#2375,#1426,.T.);
#3022=EDGE_CURVE('',#2035,#2376,#1427,.T.);
#3023=EDGE_CURVE('',#2376,#2374,#1428,.T.);
#3024=EDGE_CURVE('',#2034,#2377,#1429,.T.);
#3025=EDGE_CURVE('',#2377,#2376,#1430,.T.);
#3026=EDGE_CURVE('',#2033,#2378,#1431,.T.);
#3027=EDGE_CURVE('',#2378,#2377,#1432,.T.);
#3028=EDGE_CURVE('',#2032,#2379,#1433,.T.);
#3029=EDGE_CURVE('',#2379,#2378,#1434,.T.);
#3030=EDGE_CURVE('',#2031,#2380,#1435,.T.);
#3031=EDGE_CURVE('',#2380,#2379,#1436,.T.);
#3032=EDGE_CURVE('',#2030,#2381,#1437,.T.);
#3033=EDGE_CURVE('',#2381,#2380,#1438,.T.);
#3034=EDGE_CURVE('',#2026,#2381,#1439,.T.);
#3035=EDGE_CURVE('',#2008,#2382,#1440,.T.);
#3036=EDGE_CURVE('',#2382,#2029,#1441,.T.);
#3037=EDGE_CURVE('',#2038,#2383,#1442,.T.);
#3038=EDGE_CURVE('',#2383,#2382,#1443,.T.);
#3039=EDGE_CURVE('',#2375,#2383,#1444,.T.);
#3040=EDGE_CURVE('',#2155,#2384,#1445,.T.);
#3041=EDGE_CURVE('',#2384,#2385,#1446,.T.);
#3042=EDGE_CURVE('',#2156,#2385,#1447,.T.);
#3043=EDGE_CURVE('',#2167,#2386,#1448,.T.);
#3044=EDGE_CURVE('',#2386,#2384,#1449,.T.);
#3045=EDGE_CURVE('',#2166,#2387,#1450,.T.);
#3046=EDGE_CURVE('',#2387,#2386,#1451,.T.);
#3047=EDGE_CURVE('',#2165,#2388,#1452,.T.);
#3048=EDGE_CURVE('',#2388,#2387,#1453,.T.);
#3049=EDGE_CURVE('',#2164,#2389,#1454,.T.);
#3050=EDGE_CURVE('',#2389,#2388,#1455,.T.);
#3051=EDGE_CURVE('',#2163,#2390,#1456,.T.);
#3052=EDGE_CURVE('',#2390,#2389,#1457,.T.);
#3053=EDGE_CURVE('',#2162,#2391,#1458,.T.);
#3054=EDGE_CURVE('',#2391,#2390,#1459,.T.);
#3055=EDGE_CURVE('',#2161,#2392,#1460,.T.);
#3056=EDGE_CURVE('',#2392,#2391,#1461,.T.);
#3057=EDGE_CURVE('',#2160,#2393,#1462,.T.);
#3058=EDGE_CURVE('',#2393,#2392,#1463,.T.);
#3059=EDGE_CURVE('',#2159,#2394,#1464,.T.);
#3060=EDGE_CURVE('',#2394,#2393,#1465,.T.);
#3061=EDGE_CURVE('',#2158,#2395,#1466,.T.);
#3062=EDGE_CURVE('',#2395,#2394,#1467,.T.);
#3063=EDGE_CURVE('',#2157,#2396,#1468,.T.);
#3064=EDGE_CURVE('',#2396,#2395,#1469,.T.);
#3065=EDGE_CURVE('',#2385,#2396,#1470,.T.);
#3066=EDGE_CURVE('',#2397,#2398,#496,.T.);
#3067=EDGE_CURVE('',#2397,#2399,#1471,.T.);
#3068=EDGE_CURVE('',#2399,#2400,#497,.T.);
#3069=EDGE_CURVE('',#2398,#2400,#1472,.T.);
#3070=EDGE_CURVE('',#2401,#2397,#498,.T.);
#3071=EDGE_CURVE('',#2401,#2402,#1473,.T.);
#3072=EDGE_CURVE('',#2402,#2399,#499,.T.);
#3073=EDGE_CURVE('',#2403,#2401,#500,.T.);
#3074=EDGE_CURVE('',#2403,#2404,#1474,.T.);
#3075=EDGE_CURVE('',#2404,#2402,#501,.T.);
#3076=EDGE_CURVE('',#2405,#2403,#502,.T.);
#3077=EDGE_CURVE('',#2405,#2406,#1475,.T.);
#3078=EDGE_CURVE('',#2406,#2404,#503,.T.);
#3079=EDGE_CURVE('',#2407,#2405,#504,.T.);
#3080=EDGE_CURVE('',#2407,#2408,#1476,.T.);
#3081=EDGE_CURVE('',#2408,#2406,#505,.T.);
#3082=EDGE_CURVE('',#2409,#2407,#506,.T.);
#3083=EDGE_CURVE('',#2409,#2410,#1477,.T.);
#3084=EDGE_CURVE('',#2410,#2408,#507,.T.);
#3085=EDGE_CURVE('',#2411,#2409,#508,.T.);
#3086=EDGE_CURVE('',#2411,#2412,#1478,.T.);
#3087=EDGE_CURVE('',#2412,#2410,#509,.T.);
#3088=EDGE_CURVE('',#2413,#2411,#510,.T.);
#3089=EDGE_CURVE('',#2413,#2414,#1479,.T.);
#3090=EDGE_CURVE('',#2414,#2412,#511,.T.);
#3091=EDGE_CURVE('',#2398,#2413,#512,.T.);
#3092=EDGE_CURVE('',#2400,#2414,#513,.T.);
#3093=EDGE_CURVE('',#2168,#2415,#1480,.T.);
#3094=EDGE_CURVE('',#2415,#2416,#514,.T.);
#3095=EDGE_CURVE('',#2169,#2416,#1481,.T.);
#3096=EDGE_CURVE('',#2179,#2417,#1482,.T.);
#3097=EDGE_CURVE('',#2417,#2415,#515,.T.);
#3098=EDGE_CURVE('',#2178,#2418,#1483,.T.);
#3099=EDGE_CURVE('',#2418,#2417,#516,.T.);
#3100=EDGE_CURVE('',#2177,#2419,#1484,.T.);
#3101=EDGE_CURVE('',#2419,#2418,#517,.T.);
#3102=EDGE_CURVE('',#2176,#2420,#1485,.T.);
#3103=EDGE_CURVE('',#2420,#2419,#518,.T.);
#3104=EDGE_CURVE('',#2175,#2421,#1486,.T.);
#3105=EDGE_CURVE('',#2421,#2420,#519,.T.);
#3106=EDGE_CURVE('',#2174,#2422,#1487,.T.);
#3107=EDGE_CURVE('',#2422,#2421,#520,.T.);
#3108=EDGE_CURVE('',#2173,#2423,#1488,.T.);
#3109=EDGE_CURVE('',#2423,#2422,#521,.T.);
#3110=EDGE_CURVE('',#2172,#2424,#1489,.T.);
#3111=EDGE_CURVE('',#2424,#2423,#522,.T.);
#3112=EDGE_CURVE('',#2171,#2425,#1490,.T.);
#3113=EDGE_CURVE('',#2425,#2424,#523,.T.);
#3114=EDGE_CURVE('',#2170,#2426,#1491,.T.);
#3115=EDGE_CURVE('',#2426,#2425,#524,.T.);
#3116=EDGE_CURVE('',#2416,#2426,#525,.T.);
#3117=EDGE_CURVE('',#2427,#2428,#526,.T.);
#3118=EDGE_CURVE('',#2427,#2429,#1492,.T.);
#3119=EDGE_CURVE('',#2429,#2430,#527,.T.);
#3120=EDGE_CURVE('',#2428,#2430,#1493,.T.);
#3121=EDGE_CURVE('',#2431,#2427,#528,.T.);
#3122=EDGE_CURVE('',#2431,#2432,#1494,.T.);
#3123=EDGE_CURVE('',#2432,#2429,#529,.T.);
#3124=EDGE_CURVE('',#2433,#2431,#530,.T.);
#3125=EDGE_CURVE('',#2433,#2434,#1495,.T.);
#3126=EDGE_CURVE('',#2434,#2432,#531,.T.);
#3127=EDGE_CURVE('',#2435,#2433,#532,.T.);
#3128=EDGE_CURVE('',#2435,#2436,#1496,.T.);
#3129=EDGE_CURVE('',#2436,#2434,#533,.T.);
#3130=EDGE_CURVE('',#2437,#2435,#534,.T.);
#3131=EDGE_CURVE('',#2437,#2438,#1497,.T.);
#3132=EDGE_CURVE('',#2438,#2436,#535,.T.);
#3133=EDGE_CURVE('',#2439,#2437,#536,.T.);
#3134=EDGE_CURVE('',#2439,#2440,#1498,.T.);
#3135=EDGE_CURVE('',#2440,#2438,#537,.T.);
#3136=EDGE_CURVE('',#2441,#2439,#538,.T.);
#3137=EDGE_CURVE('',#2441,#2442,#1499,.T.);
#3138=EDGE_CURVE('',#2442,#2440,#539,.T.);
#3139=EDGE_CURVE('',#2443,#2441,#540,.T.);
#3140=EDGE_CURVE('',#2443,#2444,#1500,.T.);
#3141=EDGE_CURVE('',#2444,#2442,#541,.T.);
#3142=EDGE_CURVE('',#2428,#2443,#542,.T.);
#3143=EDGE_CURVE('',#2430,#2444,#543,.T.);
#3144=EDGE_CURVE('',#2180,#2445,#1501,.T.);
#3145=EDGE_CURVE('',#2445,#2446,#544,.T.);
#3146=EDGE_CURVE('',#2181,#2446,#1502,.T.);
#3147=EDGE_CURVE('',#2191,#2447,#1503,.T.);
#3148=EDGE_CURVE('',#2447,#2445,#545,.T.);
#3149=EDGE_CURVE('',#2190,#2448,#1504,.T.);
#3150=EDGE_CURVE('',#2448,#2447,#546,.T.);
#3151=EDGE_CURVE('',#2189,#2449,#1505,.T.);
#3152=EDGE_CURVE('',#2449,#2448,#547,.T.);
#3153=EDGE_CURVE('',#2188,#2450,#1506,.T.);
#3154=EDGE_CURVE('',#2450,#2449,#548,.T.);
#3155=EDGE_CURVE('',#2187,#2451,#1507,.T.);
#3156=EDGE_CURVE('',#2451,#2450,#549,.T.);
#3157=EDGE_CURVE('',#2186,#2452,#1508,.T.);
#3158=EDGE_CURVE('',#2452,#2451,#550,.T.);
#3159=EDGE_CURVE('',#2185,#2453,#1509,.T.);
#3160=EDGE_CURVE('',#2453,#2452,#551,.T.);
#3161=EDGE_CURVE('',#2184,#2454,#1510,.T.);
#3162=EDGE_CURVE('',#2454,#2453,#552,.T.);
#3163=EDGE_CURVE('',#2183,#2455,#1511,.T.);
#3164=EDGE_CURVE('',#2455,#2454,#553,.T.);
#3165=EDGE_CURVE('',#2182,#2456,#1512,.T.);
#3166=EDGE_CURVE('',#2456,#2455,#554,.T.);
#3167=EDGE_CURVE('',#2446,#2456,#555,.T.);
#3168=EDGE_CURVE('',#2457,#2458,#1513,.T.);
#3169=EDGE_CURVE('',#2457,#2459,#1514,.T.);
#3170=EDGE_CURVE('',#2459,#2460,#1515,.T.);
#3171=EDGE_CURVE('',#2458,#2460,#1516,.T.);
#3172=EDGE_CURVE('',#2461,#2457,#1517,.T.);
#3173=EDGE_CURVE('',#2461,#2462,#1518,.T.);
#3174=EDGE_CURVE('',#2462,#2459,#1519,.T.);
#3175=EDGE_CURVE('',#2458,#2461,#1520,.T.);
#3176=EDGE_CURVE('',#2460,#2462,#1521,.T.);
#3177=EDGE_CURVE('',#2192,#2463,#1522,.T.);
#3178=EDGE_CURVE('',#2463,#2464,#1523,.T.);
#3179=EDGE_CURVE('',#2193,#2464,#1524,.T.);
#3180=EDGE_CURVE('',#2199,#2465,#1525,.T.);
#3181=EDGE_CURVE('',#2465,#2463,#1526,.T.);
#3182=EDGE_CURVE('',#2198,#2466,#1527,.T.);
#3183=EDGE_CURVE('',#2466,#2465,#1528,.T.);
#3184=EDGE_CURVE('',#2197,#2467,#1529,.T.);
#3185=EDGE_CURVE('',#2467,#2466,#1530,.T.);
#3186=EDGE_CURVE('',#2196,#2468,#1531,.T.);
#3187=EDGE_CURVE('',#2468,#2467,#1532,.T.);
#3188=EDGE_CURVE('',#2195,#2469,#1533,.T.);
#3189=EDGE_CURVE('',#2469,#2468,#1534,.T.);
#3190=EDGE_CURVE('',#2194,#2470,#1535,.T.);
#3191=EDGE_CURVE('',#2470,#2469,#1536,.T.);
#3192=EDGE_CURVE('',#2464,#2470,#1537,.T.);
#3193=EDGE_CURVE('',#2200,#2201,#1538,.T.);
#3194=ORIENTED_EDGE('',*,*,#2471,.T.);
#3195=ORIENTED_EDGE('',*,*,#2472,.T.);
#3196=ORIENTED_EDGE('',*,*,#2473,.T.);
#3197=ORIENTED_EDGE('',*,*,#2474,.T.);
#3198=ORIENTED_EDGE('',*,*,#2475,.T.);
#3199=ORIENTED_EDGE('',*,*,#2476,.T.);
#3200=ORIENTED_EDGE('',*,*,#2471,.F.);
#3201=ORIENTED_EDGE('',*,*,#2477,.T.);
#3202=ORIENTED_EDGE('',*,*,#2478,.T.);
#3203=ORIENTED_EDGE('',*,*,#2479,.T.);
#3204=ORIENTED_EDGE('',*,*,#2475,.F.);
#3205=ORIENTED_EDGE('',*,*,#2480,.T.);
#3206=ORIENTED_EDGE('',*,*,#2481,.T.);
#3207=ORIENTED_EDGE('',*,*,#2482,.T.);
#3208=ORIENTED_EDGE('',*,*,#2478,.F.);
#3209=ORIENTED_EDGE('',*,*,#2483,.T.);
#3210=ORIENTED_EDGE('',*,*,#2484,.T.);
#3211=ORIENTED_EDGE('',*,*,#2485,.T.);
#3212=ORIENTED_EDGE('',*,*,#2481,.F.);
#3213=ORIENTED_EDGE('',*,*,#2486,.T.);
#3214=ORIENTED_EDGE('',*,*,#2487,.T.);
#3215=ORIENTED_EDGE('',*,*,#2488,.T.);
#3216=ORIENTED_EDGE('',*,*,#2484,.F.);
#3217=ORIENTED_EDGE('',*,*,#2489,.T.);
#3218=ORIENTED_EDGE('',*,*,#2490,.T.);
#3219=ORIENTED_EDGE('',*,*,#2491,.T.);
#3220=ORIENTED_EDGE('',*,*,#2487,.F.);
#3221=ORIENTED_EDGE('',*,*,#2492,.T.);
#3222=ORIENTED_EDGE('',*,*,#2493,.T.);
#3223=ORIENTED_EDGE('',*,*,#2494,.T.);
#3224=ORIENTED_EDGE('',*,*,#2495,.T.);
#3225=ORIENTED_EDGE('',*,*,#2496,.T.);
#3226=ORIENTED_EDGE('',*,*,#2497,.T.);
#3227=ORIENTED_EDGE('',*,*,#2490,.F.);
#3228=ORIENTED_EDGE('',*,*,#2498,.T.);
#3229=ORIENTED_EDGE('',*,*,#2499,.T.);
#3230=ORIENTED_EDGE('',*,*,#2500,.T.);
#3231=ORIENTED_EDGE('',*,*,#2473,.F.);
#3232=ORIENTED_EDGE('',*,*,#2501,.T.);
#3233=ORIENTED_EDGE('',*,*,#2502,.T.);
#3234=ORIENTED_EDGE('',*,*,#2503,.T.);
#3235=ORIENTED_EDGE('',*,*,#2502,.F.);
#3236=ORIENTED_EDGE('',*,*,#2504,.T.);
#3237=ORIENTED_EDGE('',*,*,#2501,.F.);
#3238=ORIENTED_EDGE('',*,*,#2472,.F.);
#3239=ORIENTED_EDGE('',*,*,#2505,.F.);
#3240=ORIENTED_EDGE('',*,*,#2506,.T.);
#3241=ORIENTED_EDGE('',*,*,#2507,.F.);
#3242=ORIENTED_EDGE('',*,*,#2476,.F.);
#3243=ORIENTED_EDGE('',*,*,#2508,.T.);
#3244=ORIENTED_EDGE('',*,*,#2509,.T.);
#3245=ORIENTED_EDGE('',*,*,#2505,.T.);
#3246=ORIENTED_EDGE('',*,*,#2479,.F.);
#3247=ORIENTED_EDGE('',*,*,#2510,.F.);
#3248=ORIENTED_EDGE('',*,*,#2511,.T.);
#3249=ORIENTED_EDGE('',*,*,#2508,.F.);
#3250=ORIENTED_EDGE('',*,*,#2482,.F.);
#3251=ORIENTED_EDGE('',*,*,#2512,.T.);
#3252=ORIENTED_EDGE('',*,*,#2513,.T.);
#3253=ORIENTED_EDGE('',*,*,#2510,.T.);
#3254=ORIENTED_EDGE('',*,*,#2485,.F.);
#3255=ORIENTED_EDGE('',*,*,#2514,.F.);
#3256=ORIENTED_EDGE('',*,*,#2515,.T.);
#3257=ORIENTED_EDGE('',*,*,#2512,.F.);
#3258=ORIENTED_EDGE('',*,*,#2488,.F.);
#3259=ORIENTED_EDGE('',*,*,#2516,.T.);
#3260=ORIENTED_EDGE('',*,*,#2517,.T.);
#3261=ORIENTED_EDGE('',*,*,#2514,.T.);
#3262=ORIENTED_EDGE('',*,*,#2491,.F.);
#3263=ORIENTED_EDGE('',*,*,#2518,.F.);
#3264=ORIENTED_EDGE('',*,*,#2519,.T.);
#3265=ORIENTED_EDGE('',*,*,#2516,.F.);
#3266=ORIENTED_EDGE('',*,*,#2504,.F.);
#3267=ORIENTED_EDGE('',*,*,#2507,.T.);
#3268=ORIENTED_EDGE('',*,*,#2520,.T.);
#3269=ORIENTED_EDGE('',*,*,#2518,.T.);
#3270=ORIENTED_EDGE('',*,*,#2497,.F.);
#3271=ORIENTED_EDGE('',*,*,#2521,.T.);
#3272=ORIENTED_EDGE('',*,*,#2522,.T.);
#3273=ORIENTED_EDGE('',*,*,#2523,.T.);
#3274=ORIENTED_EDGE('',*,*,#2496,.F.);
#3275=ORIENTED_EDGE('',*,*,#2524,.T.);
#3276=ORIENTED_EDGE('',*,*,#2525,.T.);
#3277=ORIENTED_EDGE('',*,*,#2521,.F.);
#3278=ORIENTED_EDGE('',*,*,#2495,.F.);
#3279=ORIENTED_EDGE('',*,*,#2526,.F.);
#3280=ORIENTED_EDGE('',*,*,#2527,.T.);
#3281=ORIENTED_EDGE('',*,*,#2528,.T.);
#3282=ORIENTED_EDGE('',*,*,#2524,.F.);
#3283=ORIENTED_EDGE('',*,*,#2494,.F.);
#3284=ORIENTED_EDGE('',*,*,#2529,.T.);
#3285=ORIENTED_EDGE('',*,*,#2526,.T.);
#3286=ORIENTED_EDGE('',*,*,#2474,.F.);
#3287=ORIENTED_EDGE('',*,*,#2530,.T.);
#3288=ORIENTED_EDGE('',*,*,#2531,.T.);
#3289=ORIENTED_EDGE('',*,*,#2532,.T.);
#3290=ORIENTED_EDGE('',*,*,#2533,.T.);
#3291=ORIENTED_EDGE('',*,*,#2534,.T.);
#3292=ORIENTED_EDGE('',*,*,#2535,.T.);
#3293=ORIENTED_EDGE('',*,*,#2536,.T.);
#3294=ORIENTED_EDGE('',*,*,#2537,.T.);
#3295=ORIENTED_EDGE('',*,*,#2538,.T.);
#3296=ORIENTED_EDGE('',*,*,#2539,.T.);
#3297=ORIENTED_EDGE('',*,*,#2498,.F.);
#3298=ORIENTED_EDGE('',*,*,#2492,.F.);
#3299=ORIENTED_EDGE('',*,*,#2489,.F.);
#3300=ORIENTED_EDGE('',*,*,#2486,.F.);
#3301=ORIENTED_EDGE('',*,*,#2483,.F.);
#3302=ORIENTED_EDGE('',*,*,#2480,.F.);
#3303=ORIENTED_EDGE('',*,*,#2477,.F.);
#3304=ORIENTED_EDGE('',*,*,#2540,.T.);
#3305=ORIENTED_EDGE('',*,*,#2541,.T.);
#3306=ORIENTED_EDGE('',*,*,#2542,.T.);
#3307=ORIENTED_EDGE('',*,*,#2543,.T.);
#3308=ORIENTED_EDGE('',*,*,#2544,.T.);
#3309=ORIENTED_EDGE('',*,*,#2545,.T.);
#3310=ORIENTED_EDGE('',*,*,#2546,.T.);
#3311=ORIENTED_EDGE('',*,*,#2547,.T.);
#3312=ORIENTED_EDGE('',*,*,#2548,.T.);
#3313=ORIENTED_EDGE('',*,*,#2549,.T.);
#3314=ORIENTED_EDGE('',*,*,#2550,.T.);
#3315=ORIENTED_EDGE('',*,*,#2551,.T.);
#3316=ORIENTED_EDGE('',*,*,#2552,.T.);
#3317=ORIENTED_EDGE('',*,*,#2553,.T.);
#3318=ORIENTED_EDGE('',*,*,#2554,.T.);
#3319=ORIENTED_EDGE('',*,*,#2555,.T.);
#3320=ORIENTED_EDGE('',*,*,#2556,.T.);
#3321=ORIENTED_EDGE('',*,*,#2557,.T.);
#3322=ORIENTED_EDGE('',*,*,#2558,.T.);
#3323=ORIENTED_EDGE('',*,*,#2559,.T.);
#3324=ORIENTED_EDGE('',*,*,#2560,.T.);
#3325=ORIENTED_EDGE('',*,*,#2561,.T.);
#3326=ORIENTED_EDGE('',*,*,#2562,.T.);
#3327=ORIENTED_EDGE('',*,*,#2563,.T.);
#3328=ORIENTED_EDGE('',*,*,#2564,.T.);
#3329=ORIENTED_EDGE('',*,*,#2565,.T.);
#3330=ORIENTED_EDGE('',*,*,#2566,.T.);
#3331=ORIENTED_EDGE('',*,*,#2567,.T.);
#3332=ORIENTED_EDGE('',*,*,#2568,.T.);
#3333=ORIENTED_EDGE('',*,*,#2569,.T.);
#3334=ORIENTED_EDGE('',*,*,#2570,.T.);
#3335=ORIENTED_EDGE('',*,*,#2571,.T.);
#3336=ORIENTED_EDGE('',*,*,#2572,.T.);
#3337=ORIENTED_EDGE('',*,*,#2573,.T.);
#3338=ORIENTED_EDGE('',*,*,#2574,.T.);
#3339=ORIENTED_EDGE('',*,*,#2575,.T.);
#3340=ORIENTED_EDGE('',*,*,#2576,.T.);
#3341=ORIENTED_EDGE('',*,*,#2577,.T.);
#3342=ORIENTED_EDGE('',*,*,#2578,.T.);
#3343=ORIENTED_EDGE('',*,*,#2579,.T.);
#3344=ORIENTED_EDGE('',*,*,#2580,.T.);
#3345=ORIENTED_EDGE('',*,*,#2581,.T.);
#3346=ORIENTED_EDGE('',*,*,#2582,.T.);
#3347=ORIENTED_EDGE('',*,*,#2583,.T.);
#3348=ORIENTED_EDGE('',*,*,#2584,.T.);
#3349=ORIENTED_EDGE('',*,*,#2585,.T.);
#3350=ORIENTED_EDGE('',*,*,#2586,.T.);
#3351=ORIENTED_EDGE('',*,*,#2587,.T.);
#3352=ORIENTED_EDGE('',*,*,#2588,.T.);
#3353=ORIENTED_EDGE('',*,*,#2589,.T.);
#3354=ORIENTED_EDGE('',*,*,#2590,.T.);
#3355=ORIENTED_EDGE('',*,*,#2591,.T.);
#3356=ORIENTED_EDGE('',*,*,#2592,.T.);
#3357=ORIENTED_EDGE('',*,*,#2593,.T.);
#3358=ORIENTED_EDGE('',*,*,#2594,.T.);
#3359=ORIENTED_EDGE('',*,*,#2595,.T.);
#3360=ORIENTED_EDGE('',*,*,#2596,.T.);
#3361=ORIENTED_EDGE('',*,*,#2597,.T.);
#3362=ORIENTED_EDGE('',*,*,#2598,.T.);
#3363=ORIENTED_EDGE('',*,*,#2599,.T.);
#3364=ORIENTED_EDGE('',*,*,#2600,.T.);
#3365=ORIENTED_EDGE('',*,*,#2601,.T.);
#3366=ORIENTED_EDGE('',*,*,#2602,.T.);
#3367=ORIENTED_EDGE('',*,*,#2603,.T.);
#3368=ORIENTED_EDGE('',*,*,#2604,.T.);
#3369=ORIENTED_EDGE('',*,*,#2605,.T.);
#3370=ORIENTED_EDGE('',*,*,#2606,.T.);
#3371=ORIENTED_EDGE('',*,*,#2607,.T.);
#3372=ORIENTED_EDGE('',*,*,#2608,.T.);
#3373=ORIENTED_EDGE('',*,*,#2609,.T.);
#3374=ORIENTED_EDGE('',*,*,#2610,.T.);
#3375=ORIENTED_EDGE('',*,*,#2611,.T.);
#3376=ORIENTED_EDGE('',*,*,#2612,.T.);
#3377=ORIENTED_EDGE('',*,*,#2613,.T.);
#3378=ORIENTED_EDGE('',*,*,#2614,.T.);
#3379=ORIENTED_EDGE('',*,*,#2615,.T.);
#3380=ORIENTED_EDGE('',*,*,#2616,.T.);
#3381=ORIENTED_EDGE('',*,*,#2617,.T.);
#3382=ORIENTED_EDGE('',*,*,#2618,.T.);
#3383=ORIENTED_EDGE('',*,*,#2619,.T.);
#3384=ORIENTED_EDGE('',*,*,#2620,.T.);
#3385=ORIENTED_EDGE('',*,*,#2621,.T.);
#3386=ORIENTED_EDGE('',*,*,#2622,.T.);
#3387=ORIENTED_EDGE('',*,*,#2623,.T.);
#3388=ORIENTED_EDGE('',*,*,#2624,.T.);
#3389=ORIENTED_EDGE('',*,*,#2625,.T.);
#3390=ORIENTED_EDGE('',*,*,#2626,.T.);
#3391=ORIENTED_EDGE('',*,*,#2627,.T.);
#3392=ORIENTED_EDGE('',*,*,#2628,.T.);
#3393=ORIENTED_EDGE('',*,*,#2629,.T.);
#3394=ORIENTED_EDGE('',*,*,#2630,.T.);
#3395=ORIENTED_EDGE('',*,*,#2631,.T.);
#3396=ORIENTED_EDGE('',*,*,#2632,.T.);
#3397=ORIENTED_EDGE('',*,*,#2633,.T.);
#3398=ORIENTED_EDGE('',*,*,#2634,.T.);
#3399=ORIENTED_EDGE('',*,*,#2635,.T.);
#3400=ORIENTED_EDGE('',*,*,#2636,.T.);
#3401=ORIENTED_EDGE('',*,*,#2637,.T.);
#3402=ORIENTED_EDGE('',*,*,#2638,.T.);
#3403=ORIENTED_EDGE('',*,*,#2639,.T.);
#3404=ORIENTED_EDGE('',*,*,#2640,.T.);
#3405=ORIENTED_EDGE('',*,*,#2641,.T.);
#3406=ORIENTED_EDGE('',*,*,#2642,.T.);
#3407=ORIENTED_EDGE('',*,*,#2643,.T.);
#3408=ORIENTED_EDGE('',*,*,#2644,.T.);
#3409=ORIENTED_EDGE('',*,*,#2645,.T.);
#3410=ORIENTED_EDGE('',*,*,#2646,.T.);
#3411=ORIENTED_EDGE('',*,*,#2647,.T.);
#3412=ORIENTED_EDGE('',*,*,#2648,.T.);
#3413=ORIENTED_EDGE('',*,*,#2649,.T.);
#3414=ORIENTED_EDGE('',*,*,#2650,.T.);
#3415=ORIENTED_EDGE('',*,*,#2651,.T.);
#3416=ORIENTED_EDGE('',*,*,#2652,.T.);
#3417=ORIENTED_EDGE('',*,*,#2653,.T.);
#3418=ORIENTED_EDGE('',*,*,#2654,.T.);
#3419=ORIENTED_EDGE('',*,*,#2655,.T.);
#3420=ORIENTED_EDGE('',*,*,#2656,.T.);
#3421=ORIENTED_EDGE('',*,*,#2657,.T.);
#3422=ORIENTED_EDGE('',*,*,#2658,.T.);
#3423=ORIENTED_EDGE('',*,*,#2659,.T.);
#3424=ORIENTED_EDGE('',*,*,#2660,.T.);
#3425=ORIENTED_EDGE('',*,*,#2661,.T.);
#3426=ORIENTED_EDGE('',*,*,#2662,.T.);
#3427=ORIENTED_EDGE('',*,*,#2663,.T.);
#3428=ORIENTED_EDGE('',*,*,#2664,.T.);
#3429=ORIENTED_EDGE('',*,*,#2665,.T.);
#3430=ORIENTED_EDGE('',*,*,#2666,.T.);
#3431=ORIENTED_EDGE('',*,*,#2667,.T.);
#3432=ORIENTED_EDGE('',*,*,#2668,.T.);
#3433=ORIENTED_EDGE('',*,*,#2669,.T.);
#3434=ORIENTED_EDGE('',*,*,#2670,.T.);
#3435=ORIENTED_EDGE('',*,*,#2671,.T.);
#3436=ORIENTED_EDGE('',*,*,#2672,.T.);
#3437=ORIENTED_EDGE('',*,*,#2673,.T.);
#3438=ORIENTED_EDGE('',*,*,#2674,.T.);
#3439=ORIENTED_EDGE('',*,*,#2675,.T.);
#3440=ORIENTED_EDGE('',*,*,#2676,.T.);
#3441=ORIENTED_EDGE('',*,*,#2677,.T.);
#3442=ORIENTED_EDGE('',*,*,#2678,.T.);
#3443=ORIENTED_EDGE('',*,*,#2679,.T.);
#3444=ORIENTED_EDGE('',*,*,#2680,.T.);
#3445=ORIENTED_EDGE('',*,*,#2681,.T.);
#3446=ORIENTED_EDGE('',*,*,#2682,.T.);
#3447=ORIENTED_EDGE('',*,*,#2683,.T.);
#3448=ORIENTED_EDGE('',*,*,#2684,.T.);
#3449=ORIENTED_EDGE('',*,*,#2685,.T.);
#3450=ORIENTED_EDGE('',*,*,#2686,.T.);
#3451=ORIENTED_EDGE('',*,*,#2687,.T.);
#3452=ORIENTED_EDGE('',*,*,#2688,.T.);
#3453=ORIENTED_EDGE('',*,*,#2689,.T.);
#3454=ORIENTED_EDGE('',*,*,#2690,.T.);
#3455=ORIENTED_EDGE('',*,*,#2691,.T.);
#3456=ORIENTED_EDGE('',*,*,#2692,.T.);
#3457=ORIENTED_EDGE('',*,*,#2693,.T.);
#3458=ORIENTED_EDGE('',*,*,#2694,.T.);
#3459=ORIENTED_EDGE('',*,*,#2695,.T.);
#3460=ORIENTED_EDGE('',*,*,#2696,.T.);
#3461=ORIENTED_EDGE('',*,*,#2697,.T.);
#3462=ORIENTED_EDGE('',*,*,#2698,.T.);
#3463=ORIENTED_EDGE('',*,*,#2699,.T.);
#3464=ORIENTED_EDGE('',*,*,#2700,.T.);
#3465=ORIENTED_EDGE('',*,*,#2701,.T.);
#3466=ORIENTED_EDGE('',*,*,#2513,.F.);
#3467=ORIENTED_EDGE('',*,*,#2515,.F.);
#3468=ORIENTED_EDGE('',*,*,#2517,.F.);
#3469=ORIENTED_EDGE('',*,*,#2519,.F.);
#3470=ORIENTED_EDGE('',*,*,#2520,.F.);
#3471=ORIENTED_EDGE('',*,*,#2506,.F.);
#3472=ORIENTED_EDGE('',*,*,#2509,.F.);
#3473=ORIENTED_EDGE('',*,*,#2511,.F.);
#3474=ORIENTED_EDGE('',*,*,#2702,.F.);
#3475=ORIENTED_EDGE('',*,*,#2703,.F.);
#3476=ORIENTED_EDGE('',*,*,#2704,.T.);
#3477=ORIENTED_EDGE('',*,*,#2705,.T.);
#3478=ORIENTED_EDGE('',*,*,#2706,.F.);
#3479=ORIENTED_EDGE('',*,*,#2707,.F.);
#3480=ORIENTED_EDGE('',*,*,#2708,.T.);
#3481=ORIENTED_EDGE('',*,*,#2709,.T.);
#3482=ORIENTED_EDGE('',*,*,#2704,.F.);
#3483=ORIENTED_EDGE('',*,*,#2710,.F.);
#3484=ORIENTED_EDGE('',*,*,#2711,.T.);
#3485=ORIENTED_EDGE('',*,*,#2712,.T.);
#3486=ORIENTED_EDGE('',*,*,#2708,.F.);
#3487=ORIENTED_EDGE('',*,*,#2713,.F.);
#3488=ORIENTED_EDGE('',*,*,#2714,.T.);
#3489=ORIENTED_EDGE('',*,*,#2715,.T.);
#3490=ORIENTED_EDGE('',*,*,#2711,.F.);
#3491=ORIENTED_EDGE('',*,*,#2716,.F.);
#3492=ORIENTED_EDGE('',*,*,#2717,.T.);
#3493=ORIENTED_EDGE('',*,*,#2718,.T.);
#3494=ORIENTED_EDGE('',*,*,#2714,.F.);
#3495=ORIENTED_EDGE('',*,*,#2719,.F.);
#3496=ORIENTED_EDGE('',*,*,#2720,.T.);
#3497=ORIENTED_EDGE('',*,*,#2721,.T.);
#3498=ORIENTED_EDGE('',*,*,#2717,.F.);
#3499=ORIENTED_EDGE('',*,*,#2722,.F.);
#3500=ORIENTED_EDGE('',*,*,#2723,.T.);
#3501=ORIENTED_EDGE('',*,*,#2724,.T.);
#3502=ORIENTED_EDGE('',*,*,#2720,.F.);
#3503=ORIENTED_EDGE('',*,*,#2725,.F.);
#3504=ORIENTED_EDGE('',*,*,#2726,.T.);
#3505=ORIENTED_EDGE('',*,*,#2727,.T.);
#3506=ORIENTED_EDGE('',*,*,#2723,.F.);
#3507=ORIENTED_EDGE('',*,*,#2728,.F.);
#3508=ORIENTED_EDGE('',*,*,#2729,.T.);
#3509=ORIENTED_EDGE('',*,*,#2730,.T.);
#3510=ORIENTED_EDGE('',*,*,#2726,.F.);
#3511=ORIENTED_EDGE('',*,*,#2731,.F.);
#3512=ORIENTED_EDGE('',*,*,#2706,.T.);
#3513=ORIENTED_EDGE('',*,*,#2732,.T.);
#3514=ORIENTED_EDGE('',*,*,#2729,.F.);
#3515=ORIENTED_EDGE('',*,*,#2540,.F.);
#3516=ORIENTED_EDGE('',*,*,#2733,.T.);
#3517=ORIENTED_EDGE('',*,*,#2734,.T.);
#3518=ORIENTED_EDGE('',*,*,#2735,.F.);
#3519=ORIENTED_EDGE('',*,*,#2552,.F.);
#3520=ORIENTED_EDGE('',*,*,#2736,.T.);
#3521=ORIENTED_EDGE('',*,*,#2737,.T.);
#3522=ORIENTED_EDGE('',*,*,#2733,.F.);
#3523=ORIENTED_EDGE('',*,*,#2551,.F.);
#3524=ORIENTED_EDGE('',*,*,#2738,.T.);
#3525=ORIENTED_EDGE('',*,*,#2739,.T.);
#3526=ORIENTED_EDGE('',*,*,#2736,.F.);
#3527=ORIENTED_EDGE('',*,*,#2550,.F.);
#3528=ORIENTED_EDGE('',*,*,#2740,.T.);
#3529=ORIENTED_EDGE('',*,*,#2741,.T.);
#3530=ORIENTED_EDGE('',*,*,#2738,.F.);
#3531=ORIENTED_EDGE('',*,*,#2549,.F.);
#3532=ORIENTED_EDGE('',*,*,#2742,.T.);
#3533=ORIENTED_EDGE('',*,*,#2743,.T.);
#3534=ORIENTED_EDGE('',*,*,#2740,.F.);
#3535=ORIENTED_EDGE('',*,*,#2548,.F.);
#3536=ORIENTED_EDGE('',*,*,#2744,.T.);
#3537=ORIENTED_EDGE('',*,*,#2745,.T.);
#3538=ORIENTED_EDGE('',*,*,#2742,.F.);
#3539=ORIENTED_EDGE('',*,*,#2547,.F.);
#3540=ORIENTED_EDGE('',*,*,#2746,.T.);
#3541=ORIENTED_EDGE('',*,*,#2747,.T.);
#3542=ORIENTED_EDGE('',*,*,#2744,.F.);
#3543=ORIENTED_EDGE('',*,*,#2546,.F.);
#3544=ORIENTED_EDGE('',*,*,#2748,.T.);
#3545=ORIENTED_EDGE('',*,*,#2749,.T.);
#3546=ORIENTED_EDGE('',*,*,#2746,.F.);
#3547=ORIENTED_EDGE('',*,*,#2545,.F.);
#3548=ORIENTED_EDGE('',*,*,#2750,.T.);
#3549=ORIENTED_EDGE('',*,*,#2751,.T.);
#3550=ORIENTED_EDGE('',*,*,#2748,.F.);
#3551=ORIENTED_EDGE('',*,*,#2544,.F.);
#3552=ORIENTED_EDGE('',*,*,#2752,.T.);
#3553=ORIENTED_EDGE('',*,*,#2753,.T.);
#3554=ORIENTED_EDGE('',*,*,#2750,.F.);
#3555=ORIENTED_EDGE('',*,*,#2543,.F.);
#3556=ORIENTED_EDGE('',*,*,#2754,.T.);
#3557=ORIENTED_EDGE('',*,*,#2755,.T.);
#3558=ORIENTED_EDGE('',*,*,#2752,.F.);
#3559=ORIENTED_EDGE('',*,*,#2542,.F.);
#3560=ORIENTED_EDGE('',*,*,#2756,.T.);
#3561=ORIENTED_EDGE('',*,*,#2757,.T.);
#3562=ORIENTED_EDGE('',*,*,#2754,.F.);
#3563=ORIENTED_EDGE('',*,*,#2541,.F.);
#3564=ORIENTED_EDGE('',*,*,#2735,.T.);
#3565=ORIENTED_EDGE('',*,*,#2758,.T.);
#3566=ORIENTED_EDGE('',*,*,#2756,.F.);
#3567=ORIENTED_EDGE('',*,*,#2758,.F.);
#3568=ORIENTED_EDGE('',*,*,#2734,.F.);
#3569=ORIENTED_EDGE('',*,*,#2737,.F.);
#3570=ORIENTED_EDGE('',*,*,#2739,.F.);
#3571=ORIENTED_EDGE('',*,*,#2741,.F.);
#3572=ORIENTED_EDGE('',*,*,#2743,.F.);
#3573=ORIENTED_EDGE('',*,*,#2745,.F.);
#3574=ORIENTED_EDGE('',*,*,#2747,.F.);
#3575=ORIENTED_EDGE('',*,*,#2749,.F.);
#3576=ORIENTED_EDGE('',*,*,#2751,.F.);
#3577=ORIENTED_EDGE('',*,*,#2753,.F.);
#3578=ORIENTED_EDGE('',*,*,#2755,.F.);
#3579=ORIENTED_EDGE('',*,*,#2757,.F.);
#3580=ORIENTED_EDGE('',*,*,#2732,.F.);
#3581=ORIENTED_EDGE('',*,*,#2705,.F.);
#3582=ORIENTED_EDGE('',*,*,#2709,.F.);
#3583=ORIENTED_EDGE('',*,*,#2712,.F.);
#3584=ORIENTED_EDGE('',*,*,#2715,.F.);
#3585=ORIENTED_EDGE('',*,*,#2718,.F.);
#3586=ORIENTED_EDGE('',*,*,#2721,.F.);
#3587=ORIENTED_EDGE('',*,*,#2724,.F.);
#3588=ORIENTED_EDGE('',*,*,#2727,.F.);
#3589=ORIENTED_EDGE('',*,*,#2730,.F.);
#3590=ORIENTED_EDGE('',*,*,#2553,.F.);
#3591=ORIENTED_EDGE('',*,*,#2759,.T.);
#3592=ORIENTED_EDGE('',*,*,#2760,.T.);
#3593=ORIENTED_EDGE('',*,*,#2761,.F.);
#3594=ORIENTED_EDGE('',*,*,#2564,.F.);
#3595=ORIENTED_EDGE('',*,*,#2762,.T.);
#3596=ORIENTED_EDGE('',*,*,#2763,.T.);
#3597=ORIENTED_EDGE('',*,*,#2759,.F.);
#3598=ORIENTED_EDGE('',*,*,#2563,.F.);
#3599=ORIENTED_EDGE('',*,*,#2764,.T.);
#3600=ORIENTED_EDGE('',*,*,#2765,.T.);
#3601=ORIENTED_EDGE('',*,*,#2762,.F.);
#3602=ORIENTED_EDGE('',*,*,#2562,.F.);
#3603=ORIENTED_EDGE('',*,*,#2766,.T.);
#3604=ORIENTED_EDGE('',*,*,#2767,.T.);
#3605=ORIENTED_EDGE('',*,*,#2764,.F.);
#3606=ORIENTED_EDGE('',*,*,#2561,.F.);
#3607=ORIENTED_EDGE('',*,*,#2768,.T.);
#3608=ORIENTED_EDGE('',*,*,#2769,.T.);
#3609=ORIENTED_EDGE('',*,*,#2766,.F.);
#3610=ORIENTED_EDGE('',*,*,#2560,.F.);
#3611=ORIENTED_EDGE('',*,*,#2770,.T.);
#3612=ORIENTED_EDGE('',*,*,#2771,.T.);
#3613=ORIENTED_EDGE('',*,*,#2768,.F.);
#3614=ORIENTED_EDGE('',*,*,#2559,.F.);
#3615=ORIENTED_EDGE('',*,*,#2772,.T.);
#3616=ORIENTED_EDGE('',*,*,#2773,.T.);
#3617=ORIENTED_EDGE('',*,*,#2770,.F.);
#3618=ORIENTED_EDGE('',*,*,#2558,.F.);
#3619=ORIENTED_EDGE('',*,*,#2774,.T.);
#3620=ORIENTED_EDGE('',*,*,#2775,.T.);
#3621=ORIENTED_EDGE('',*,*,#2772,.F.);
#3622=ORIENTED_EDGE('',*,*,#2557,.F.);
#3623=ORIENTED_EDGE('',*,*,#2776,.T.);
#3624=ORIENTED_EDGE('',*,*,#2777,.T.);
#3625=ORIENTED_EDGE('',*,*,#2774,.F.);
#3626=ORIENTED_EDGE('',*,*,#2556,.F.);
#3627=ORIENTED_EDGE('',*,*,#2778,.T.);
#3628=ORIENTED_EDGE('',*,*,#2779,.T.);
#3629=ORIENTED_EDGE('',*,*,#2776,.F.);
#3630=ORIENTED_EDGE('',*,*,#2555,.F.);
#3631=ORIENTED_EDGE('',*,*,#2780,.T.);
#3632=ORIENTED_EDGE('',*,*,#2781,.T.);
#3633=ORIENTED_EDGE('',*,*,#2778,.F.);
#3634=ORIENTED_EDGE('',*,*,#2554,.F.);
#3635=ORIENTED_EDGE('',*,*,#2761,.T.);
#3636=ORIENTED_EDGE('',*,*,#2782,.T.);
#3637=ORIENTED_EDGE('',*,*,#2780,.F.);
#3638=ORIENTED_EDGE('',*,*,#2782,.F.);
#3639=ORIENTED_EDGE('',*,*,#2760,.F.);
#3640=ORIENTED_EDGE('',*,*,#2763,.F.);
#3641=ORIENTED_EDGE('',*,*,#2765,.F.);
#3642=ORIENTED_EDGE('',*,*,#2767,.F.);
#3643=ORIENTED_EDGE('',*,*,#2769,.F.);
#3644=ORIENTED_EDGE('',*,*,#2771,.F.);
#3645=ORIENTED_EDGE('',*,*,#2773,.F.);
#3646=ORIENTED_EDGE('',*,*,#2775,.F.);
#3647=ORIENTED_EDGE('',*,*,#2777,.F.);
#3648=ORIENTED_EDGE('',*,*,#2779,.F.);
#3649=ORIENTED_EDGE('',*,*,#2781,.F.);
#3650=ORIENTED_EDGE('',*,*,#2565,.F.);
#3651=ORIENTED_EDGE('',*,*,#2783,.T.);
#3652=ORIENTED_EDGE('',*,*,#2784,.T.);
#3653=ORIENTED_EDGE('',*,*,#2785,.F.);
#3654=ORIENTED_EDGE('',*,*,#2584,.F.);
#3655=ORIENTED_EDGE('',*,*,#2786,.T.);
#3656=ORIENTED_EDGE('',*,*,#2787,.T.);
#3657=ORIENTED_EDGE('',*,*,#2783,.F.);
#3658=ORIENTED_EDGE('',*,*,#2583,.F.);
#3659=ORIENTED_EDGE('',*,*,#2788,.T.);
#3660=ORIENTED_EDGE('',*,*,#2789,.T.);
#3661=ORIENTED_EDGE('',*,*,#2786,.F.);
#3662=ORIENTED_EDGE('',*,*,#2582,.F.);
#3663=ORIENTED_EDGE('',*,*,#2790,.T.);
#3664=ORIENTED_EDGE('',*,*,#2791,.T.);
#3665=ORIENTED_EDGE('',*,*,#2788,.F.);
#3666=ORIENTED_EDGE('',*,*,#2581,.F.);
#3667=ORIENTED_EDGE('',*,*,#2792,.T.);
#3668=ORIENTED_EDGE('',*,*,#2793,.T.);
#3669=ORIENTED_EDGE('',*,*,#2790,.F.);
#3670=ORIENTED_EDGE('',*,*,#2580,.F.);
#3671=ORIENTED_EDGE('',*,*,#2794,.T.);
#3672=ORIENTED_EDGE('',*,*,#2795,.T.);
#3673=ORIENTED_EDGE('',*,*,#2792,.F.);
#3674=ORIENTED_EDGE('',*,*,#2579,.F.);
#3675=ORIENTED_EDGE('',*,*,#2796,.T.);
#3676=ORIENTED_EDGE('',*,*,#2797,.T.);
#3677=ORIENTED_EDGE('',*,*,#2794,.F.);
#3678=ORIENTED_EDGE('',*,*,#2578,.F.);
#3679=ORIENTED_EDGE('',*,*,#2798,.T.);
#3680=ORIENTED_EDGE('',*,*,#2799,.T.);
#3681=ORIENTED_EDGE('',*,*,#2796,.F.);
#3682=ORIENTED_EDGE('',*,*,#2577,.F.);
#3683=ORIENTED_EDGE('',*,*,#2800,.T.);
#3684=ORIENTED_EDGE('',*,*,#2801,.T.);
#3685=ORIENTED_EDGE('',*,*,#2798,.F.);
#3686=ORIENTED_EDGE('',*,*,#2576,.F.);
#3687=ORIENTED_EDGE('',*,*,#2802,.T.);
#3688=ORIENTED_EDGE('',*,*,#2803,.T.);
#3689=ORIENTED_EDGE('',*,*,#2800,.F.);
#3690=ORIENTED_EDGE('',*,*,#2575,.F.);
#3691=ORIENTED_EDGE('',*,*,#2804,.T.);
#3692=ORIENTED_EDGE('',*,*,#2805,.T.);
#3693=ORIENTED_EDGE('',*,*,#2802,.F.);
#3694=ORIENTED_EDGE('',*,*,#2574,.F.);
#3695=ORIENTED_EDGE('',*,*,#2806,.T.);
#3696=ORIENTED_EDGE('',*,*,#2807,.T.);
#3697=ORIENTED_EDGE('',*,*,#2804,.F.);
#3698=ORIENTED_EDGE('',*,*,#2573,.F.);
#3699=ORIENTED_EDGE('',*,*,#2808,.T.);
#3700=ORIENTED_EDGE('',*,*,#2809,.T.);
#3701=ORIENTED_EDGE('',*,*,#2806,.F.);
#3702=ORIENTED_EDGE('',*,*,#2572,.F.);
#3703=ORIENTED_EDGE('',*,*,#2810,.T.);
#3704=ORIENTED_EDGE('',*,*,#2811,.T.);
#3705=ORIENTED_EDGE('',*,*,#2808,.F.);
#3706=ORIENTED_EDGE('',*,*,#2571,.F.);
#3707=ORIENTED_EDGE('',*,*,#2812,.T.);
#3708=ORIENTED_EDGE('',*,*,#2813,.T.);
#3709=ORIENTED_EDGE('',*,*,#2810,.F.);
#3710=ORIENTED_EDGE('',*,*,#2570,.F.);
#3711=ORIENTED_EDGE('',*,*,#2814,.T.);
#3712=ORIENTED_EDGE('',*,*,#2815,.T.);
#3713=ORIENTED_EDGE('',*,*,#2812,.F.);
#3714=ORIENTED_EDGE('',*,*,#2569,.F.);
#3715=ORIENTED_EDGE('',*,*,#2816,.T.);
#3716=ORIENTED_EDGE('',*,*,#2817,.T.);
#3717=ORIENTED_EDGE('',*,*,#2814,.F.);
#3718=ORIENTED_EDGE('',*,*,#2568,.F.);
#3719=ORIENTED_EDGE('',*,*,#2818,.T.);
#3720=ORIENTED_EDGE('',*,*,#2819,.T.);
#3721=ORIENTED_EDGE('',*,*,#2816,.F.);
#3722=ORIENTED_EDGE('',*,*,#2567,.F.);
#3723=ORIENTED_EDGE('',*,*,#2820,.T.);
#3724=ORIENTED_EDGE('',*,*,#2821,.T.);
#3725=ORIENTED_EDGE('',*,*,#2818,.F.);
#3726=ORIENTED_EDGE('',*,*,#2566,.F.);
#3727=ORIENTED_EDGE('',*,*,#2785,.T.);
#3728=ORIENTED_EDGE('',*,*,#2822,.T.);
#3729=ORIENTED_EDGE('',*,*,#2820,.F.);
#3730=ORIENTED_EDGE('',*,*,#2822,.F.);
#3731=ORIENTED_EDGE('',*,*,#2784,.F.);
#3732=ORIENTED_EDGE('',*,*,#2787,.F.);
#3733=ORIENTED_EDGE('',*,*,#2789,.F.);
#3734=ORIENTED_EDGE('',*,*,#2791,.F.);
#3735=ORIENTED_EDGE('',*,*,#2793,.F.);
#3736=ORIENTED_EDGE('',*,*,#2795,.F.);
#3737=ORIENTED_EDGE('',*,*,#2797,.F.);
#3738=ORIENTED_EDGE('',*,*,#2799,.F.);
#3739=ORIENTED_EDGE('',*,*,#2801,.F.);
#3740=ORIENTED_EDGE('',*,*,#2803,.F.);
#3741=ORIENTED_EDGE('',*,*,#2805,.F.);
#3742=ORIENTED_EDGE('',*,*,#2807,.F.);
#3743=ORIENTED_EDGE('',*,*,#2809,.F.);
#3744=ORIENTED_EDGE('',*,*,#2811,.F.);
#3745=ORIENTED_EDGE('',*,*,#2813,.F.);
#3746=ORIENTED_EDGE('',*,*,#2815,.F.);
#3747=ORIENTED_EDGE('',*,*,#2817,.F.);
#3748=ORIENTED_EDGE('',*,*,#2819,.F.);
#3749=ORIENTED_EDGE('',*,*,#2821,.F.);
#3750=ORIENTED_EDGE('',*,*,#2585,.F.);
#3751=ORIENTED_EDGE('',*,*,#2823,.T.);
#3752=ORIENTED_EDGE('',*,*,#2824,.T.);
#3753=ORIENTED_EDGE('',*,*,#2825,.F.);
#3754=ORIENTED_EDGE('',*,*,#2603,.F.);
#3755=ORIENTED_EDGE('',*,*,#2826,.T.);
#3756=ORIENTED_EDGE('',*,*,#2827,.T.);
#3757=ORIENTED_EDGE('',*,*,#2823,.F.);
#3758=ORIENTED_EDGE('',*,*,#2602,.F.);
#3759=ORIENTED_EDGE('',*,*,#2828,.T.);
#3760=ORIENTED_EDGE('',*,*,#2829,.T.);
#3761=ORIENTED_EDGE('',*,*,#2826,.F.);
#3762=ORIENTED_EDGE('',*,*,#2601,.F.);
#3763=ORIENTED_EDGE('',*,*,#2830,.T.);
#3764=ORIENTED_EDGE('',*,*,#2831,.T.);
#3765=ORIENTED_EDGE('',*,*,#2828,.F.);
#3766=ORIENTED_EDGE('',*,*,#2600,.F.);
#3767=ORIENTED_EDGE('',*,*,#2832,.T.);
#3768=ORIENTED_EDGE('',*,*,#2833,.T.);
#3769=ORIENTED_EDGE('',*,*,#2830,.F.);
#3770=ORIENTED_EDGE('',*,*,#2599,.F.);
#3771=ORIENTED_EDGE('',*,*,#2834,.T.);
#3772=ORIENTED_EDGE('',*,*,#2835,.T.);
#3773=ORIENTED_EDGE('',*,*,#2832,.F.);
#3774=ORIENTED_EDGE('',*,*,#2598,.F.);
#3775=ORIENTED_EDGE('',*,*,#2836,.T.);
#3776=ORIENTED_EDGE('',*,*,#2837,.T.);
#3777=ORIENTED_EDGE('',*,*,#2834,.F.);
#3778=ORIENTED_EDGE('',*,*,#2597,.F.);
#3779=ORIENTED_EDGE('',*,*,#2838,.T.);
#3780=ORIENTED_EDGE('',*,*,#2839,.T.);
#3781=ORIENTED_EDGE('',*,*,#2836,.F.);
#3782=ORIENTED_EDGE('',*,*,#2596,.F.);
#3783=ORIENTED_EDGE('',*,*,#2840,.T.);
#3784=ORIENTED_EDGE('',*,*,#2841,.T.);
#3785=ORIENTED_EDGE('',*,*,#2838,.F.);
#3786=ORIENTED_EDGE('',*,*,#2595,.F.);
#3787=ORIENTED_EDGE('',*,*,#2842,.T.);
#3788=ORIENTED_EDGE('',*,*,#2843,.T.);
#3789=ORIENTED_EDGE('',*,*,#2840,.F.);
#3790=ORIENTED_EDGE('',*,*,#2594,.F.);
#3791=ORIENTED_EDGE('',*,*,#2844,.T.);
#3792=ORIENTED_EDGE('',*,*,#2845,.T.);
#3793=ORIENTED_EDGE('',*,*,#2842,.F.);
#3794=ORIENTED_EDGE('',*,*,#2593,.F.);
#3795=ORIENTED_EDGE('',*,*,#2846,.T.);
#3796=ORIENTED_EDGE('',*,*,#2847,.T.);
#3797=ORIENTED_EDGE('',*,*,#2844,.F.);
#3798=ORIENTED_EDGE('',*,*,#2592,.F.);
#3799=ORIENTED_EDGE('',*,*,#2848,.T.);
#3800=ORIENTED_EDGE('',*,*,#2849,.T.);
#3801=ORIENTED_EDGE('',*,*,#2846,.F.);
#3802=ORIENTED_EDGE('',*,*,#2591,.F.);
#3803=ORIENTED_EDGE('',*,*,#2850,.T.);
#3804=ORIENTED_EDGE('',*,*,#2851,.T.);
#3805=ORIENTED_EDGE('',*,*,#2848,.F.);
#3806=ORIENTED_EDGE('',*,*,#2590,.F.);
#3807=ORIENTED_EDGE('',*,*,#2852,.T.);
#3808=ORIENTED_EDGE('',*,*,#2853,.T.);
#3809=ORIENTED_EDGE('',*,*,#2850,.F.);
#3810=ORIENTED_EDGE('',*,*,#2589,.F.);
#3811=ORIENTED_EDGE('',*,*,#2854,.T.);
#3812=ORIENTED_EDGE('',*,*,#2855,.T.);
#3813=ORIENTED_EDGE('',*,*,#2852,.F.);
#3814=ORIENTED_EDGE('',*,*,#2588,.F.);
#3815=ORIENTED_EDGE('',*,*,#2856,.T.);
#3816=ORIENTED_EDGE('',*,*,#2857,.T.);
#3817=ORIENTED_EDGE('',*,*,#2854,.F.);
#3818=ORIENTED_EDGE('',*,*,#2587,.F.);
#3819=ORIENTED_EDGE('',*,*,#2858,.T.);
#3820=ORIENTED_EDGE('',*,*,#2859,.T.);
#3821=ORIENTED_EDGE('',*,*,#2856,.F.);
#3822=ORIENTED_EDGE('',*,*,#2586,.F.);
#3823=ORIENTED_EDGE('',*,*,#2825,.T.);
#3824=ORIENTED_EDGE('',*,*,#2860,.T.);
#3825=ORIENTED_EDGE('',*,*,#2858,.F.);
#3826=ORIENTED_EDGE('',*,*,#2860,.F.);
#3827=ORIENTED_EDGE('',*,*,#2824,.F.);
#3828=ORIENTED_EDGE('',*,*,#2827,.F.);
#3829=ORIENTED_EDGE('',*,*,#2829,.F.);
#3830=ORIENTED_EDGE('',*,*,#2831,.F.);
#3831=ORIENTED_EDGE('',*,*,#2833,.F.);
#3832=ORIENTED_EDGE('',*,*,#2835,.F.);
#3833=ORIENTED_EDGE('',*,*,#2837,.F.);
#3834=ORIENTED_EDGE('',*,*,#2839,.F.);
#3835=ORIENTED_EDGE('',*,*,#2841,.F.);
#3836=ORIENTED_EDGE('',*,*,#2843,.F.);
#3837=ORIENTED_EDGE('',*,*,#2845,.F.);
#3838=ORIENTED_EDGE('',*,*,#2847,.F.);
#3839=ORIENTED_EDGE('',*,*,#2849,.F.);
#3840=ORIENTED_EDGE('',*,*,#2851,.F.);
#3841=ORIENTED_EDGE('',*,*,#2853,.F.);
#3842=ORIENTED_EDGE('',*,*,#2855,.F.);
#3843=ORIENTED_EDGE('',*,*,#2857,.F.);
#3844=ORIENTED_EDGE('',*,*,#2859,.F.);
#3845=ORIENTED_EDGE('',*,*,#2604,.F.);
#3846=ORIENTED_EDGE('',*,*,#2861,.T.);
#3847=ORIENTED_EDGE('',*,*,#2862,.T.);
#3848=ORIENTED_EDGE('',*,*,#2863,.F.);
#3849=ORIENTED_EDGE('',*,*,#2607,.F.);
#3850=ORIENTED_EDGE('',*,*,#2864,.T.);
#3851=ORIENTED_EDGE('',*,*,#2865,.T.);
#3852=ORIENTED_EDGE('',*,*,#2861,.F.);
#3853=ORIENTED_EDGE('',*,*,#2606,.F.);
#3854=ORIENTED_EDGE('',*,*,#2866,.T.);
#3855=ORIENTED_EDGE('',*,*,#2867,.T.);
#3856=ORIENTED_EDGE('',*,*,#2864,.F.);
#3857=ORIENTED_EDGE('',*,*,#2605,.F.);
#3858=ORIENTED_EDGE('',*,*,#2863,.T.);
#3859=ORIENTED_EDGE('',*,*,#2868,.T.);
#3860=ORIENTED_EDGE('',*,*,#2866,.F.);
#3861=ORIENTED_EDGE('',*,*,#2868,.F.);
#3862=ORIENTED_EDGE('',*,*,#2862,.F.);
#3863=ORIENTED_EDGE('',*,*,#2865,.F.);
#3864=ORIENTED_EDGE('',*,*,#2867,.F.);
#3865=ORIENTED_EDGE('',*,*,#2608,.F.);
#3866=ORIENTED_EDGE('',*,*,#2869,.T.);
#3867=ORIENTED_EDGE('',*,*,#2870,.T.);
#3868=ORIENTED_EDGE('',*,*,#2871,.F.);
#3869=ORIENTED_EDGE('',*,*,#2611,.F.);
#3870=ORIENTED_EDGE('',*,*,#2872,.T.);
#3871=ORIENTED_EDGE('',*,*,#2873,.T.);
#3872=ORIENTED_EDGE('',*,*,#2869,.F.);
#3873=ORIENTED_EDGE('',*,*,#2610,.F.);
#3874=ORIENTED_EDGE('',*,*,#2874,.T.);
#3875=ORIENTED_EDGE('',*,*,#2875,.T.);
#3876=ORIENTED_EDGE('',*,*,#2872,.F.);
#3877=ORIENTED_EDGE('',*,*,#2609,.F.);
#3878=ORIENTED_EDGE('',*,*,#2871,.T.);
#3879=ORIENTED_EDGE('',*,*,#2876,.T.);
#3880=ORIENTED_EDGE('',*,*,#2874,.F.);
#3881=ORIENTED_EDGE('',*,*,#2876,.F.);
#3882=ORIENTED_EDGE('',*,*,#2870,.F.);
#3883=ORIENTED_EDGE('',*,*,#2873,.F.);
#3884=ORIENTED_EDGE('',*,*,#2875,.F.);
#3885=ORIENTED_EDGE('',*,*,#2877,.F.);
#3886=ORIENTED_EDGE('',*,*,#2878,.T.);
#3887=ORIENTED_EDGE('',*,*,#2879,.T.);
#3888=ORIENTED_EDGE('',*,*,#2880,.F.);
#3889=ORIENTED_EDGE('',*,*,#2881,.F.);
#3890=ORIENTED_EDGE('',*,*,#2882,.T.);
#3891=ORIENTED_EDGE('',*,*,#2883,.T.);
#3892=ORIENTED_EDGE('',*,*,#2878,.F.);
#3893=ORIENTED_EDGE('',*,*,#2884,.F.);
#3894=ORIENTED_EDGE('',*,*,#2885,.T.);
#3895=ORIENTED_EDGE('',*,*,#2886,.T.);
#3896=ORIENTED_EDGE('',*,*,#2882,.F.);
#3897=ORIENTED_EDGE('',*,*,#2887,.F.);
#3898=ORIENTED_EDGE('',*,*,#2888,.T.);
#3899=ORIENTED_EDGE('',*,*,#2889,.T.);
#3900=ORIENTED_EDGE('',*,*,#2885,.F.);
#3901=ORIENTED_EDGE('',*,*,#2890,.F.);
#3902=ORIENTED_EDGE('',*,*,#2891,.T.);
#3903=ORIENTED_EDGE('',*,*,#2892,.T.);
#3904=ORIENTED_EDGE('',*,*,#2888,.F.);
#3905=ORIENTED_EDGE('',*,*,#2893,.F.);
#3906=ORIENTED_EDGE('',*,*,#2894,.T.);
#3907=ORIENTED_EDGE('',*,*,#2895,.T.);
#3908=ORIENTED_EDGE('',*,*,#2891,.F.);
#3909=ORIENTED_EDGE('',*,*,#2896,.F.);
#3910=ORIENTED_EDGE('',*,*,#2897,.T.);
#3911=ORIENTED_EDGE('',*,*,#2898,.T.);
#3912=ORIENTED_EDGE('',*,*,#2894,.F.);
#3913=ORIENTED_EDGE('',*,*,#2899,.F.);
#3914=ORIENTED_EDGE('',*,*,#2900,.T.);
#3915=ORIENTED_EDGE('',*,*,#2901,.T.);
#3916=ORIENTED_EDGE('',*,*,#2897,.F.);
#3917=ORIENTED_EDGE('',*,*,#2902,.F.);
#3918=ORIENTED_EDGE('',*,*,#2880,.T.);
#3919=ORIENTED_EDGE('',*,*,#2903,.T.);
#3920=ORIENTED_EDGE('',*,*,#2900,.F.);
#3921=ORIENTED_EDGE('',*,*,#2612,.F.);
#3922=ORIENTED_EDGE('',*,*,#2904,.T.);
#3923=ORIENTED_EDGE('',*,*,#2905,.T.);
#3924=ORIENTED_EDGE('',*,*,#2906,.F.);
#3925=ORIENTED_EDGE('',*,*,#2634,.F.);
#3926=ORIENTED_EDGE('',*,*,#2907,.T.);
#3927=ORIENTED_EDGE('',*,*,#2908,.T.);
#3928=ORIENTED_EDGE('',*,*,#2904,.F.);
#3929=ORIENTED_EDGE('',*,*,#2633,.F.);
#3930=ORIENTED_EDGE('',*,*,#2909,.T.);
#3931=ORIENTED_EDGE('',*,*,#2910,.T.);
#3932=ORIENTED_EDGE('',*,*,#2907,.F.);
#3933=ORIENTED_EDGE('',*,*,#2632,.F.);
#3934=ORIENTED_EDGE('',*,*,#2911,.T.);
#3935=ORIENTED_EDGE('',*,*,#2912,.T.);
#3936=ORIENTED_EDGE('',*,*,#2909,.F.);
#3937=ORIENTED_EDGE('',*,*,#2631,.F.);
#3938=ORIENTED_EDGE('',*,*,#2913,.T.);
#3939=ORIENTED_EDGE('',*,*,#2914,.T.);
#3940=ORIENTED_EDGE('',*,*,#2911,.F.);
#3941=ORIENTED_EDGE('',*,*,#2630,.F.);
#3942=ORIENTED_EDGE('',*,*,#2915,.T.);
#3943=ORIENTED_EDGE('',*,*,#2916,.T.);
#3944=ORIENTED_EDGE('',*,*,#2913,.F.);
#3945=ORIENTED_EDGE('',*,*,#2629,.F.);
#3946=ORIENTED_EDGE('',*,*,#2917,.T.);
#3947=ORIENTED_EDGE('',*,*,#2918,.T.);
#3948=ORIENTED_EDGE('',*,*,#2915,.F.);
#3949=ORIENTED_EDGE('',*,*,#2628,.F.);
#3950=ORIENTED_EDGE('',*,*,#2919,.T.);
#3951=ORIENTED_EDGE('',*,*,#2920,.T.);
#3952=ORIENTED_EDGE('',*,*,#2917,.F.);
#3953=ORIENTED_EDGE('',*,*,#2627,.F.);
#3954=ORIENTED_EDGE('',*,*,#2921,.T.);
#3955=ORIENTED_EDGE('',*,*,#2922,.T.);
#3956=ORIENTED_EDGE('',*,*,#2919,.F.);
#3957=ORIENTED_EDGE('',*,*,#2626,.F.);
#3958=ORIENTED_EDGE('',*,*,#2923,.T.);
#3959=ORIENTED_EDGE('',*,*,#2924,.T.);
#3960=ORIENTED_EDGE('',*,*,#2921,.F.);
#3961=ORIENTED_EDGE('',*,*,#2625,.F.);
#3962=ORIENTED_EDGE('',*,*,#2925,.T.);
#3963=ORIENTED_EDGE('',*,*,#2926,.T.);
#3964=ORIENTED_EDGE('',*,*,#2923,.F.);
#3965=ORIENTED_EDGE('',*,*,#2624,.F.);
#3966=ORIENTED_EDGE('',*,*,#2927,.T.);
#3967=ORIENTED_EDGE('',*,*,#2928,.T.);
#3968=ORIENTED_EDGE('',*,*,#2925,.F.);
#3969=ORIENTED_EDGE('',*,*,#2623,.F.);
#3970=ORIENTED_EDGE('',*,*,#2929,.T.);
#3971=ORIENTED_EDGE('',*,*,#2930,.T.);
#3972=ORIENTED_EDGE('',*,*,#2927,.F.);
#3973=ORIENTED_EDGE('',*,*,#2622,.F.);
#3974=ORIENTED_EDGE('',*,*,#2931,.T.);
#3975=ORIENTED_EDGE('',*,*,#2932,.T.);
#3976=ORIENTED_EDGE('',*,*,#2929,.F.);
#3977=ORIENTED_EDGE('',*,*,#2621,.F.);
#3978=ORIENTED_EDGE('',*,*,#2933,.T.);
#3979=ORIENTED_EDGE('',*,*,#2934,.T.);
#3980=ORIENTED_EDGE('',*,*,#2931,.F.);
#3981=ORIENTED_EDGE('',*,*,#2620,.F.);
#3982=ORIENTED_EDGE('',*,*,#2935,.T.);
#3983=ORIENTED_EDGE('',*,*,#2936,.T.);
#3984=ORIENTED_EDGE('',*,*,#2933,.F.);
#3985=ORIENTED_EDGE('',*,*,#2619,.F.);
#3986=ORIENTED_EDGE('',*,*,#2937,.T.);
#3987=ORIENTED_EDGE('',*,*,#2938,.T.);
#3988=ORIENTED_EDGE('',*,*,#2935,.F.);
#3989=ORIENTED_EDGE('',*,*,#2618,.F.);
#3990=ORIENTED_EDGE('',*,*,#2939,.T.);
#3991=ORIENTED_EDGE('',*,*,#2940,.T.);
#3992=ORIENTED_EDGE('',*,*,#2937,.F.);
#3993=ORIENTED_EDGE('',*,*,#2617,.F.);
#3994=ORIENTED_EDGE('',*,*,#2941,.T.);
#3995=ORIENTED_EDGE('',*,*,#2942,.T.);
#3996=ORIENTED_EDGE('',*,*,#2939,.F.);
#3997=ORIENTED_EDGE('',*,*,#2616,.F.);
#3998=ORIENTED_EDGE('',*,*,#2943,.T.);
#3999=ORIENTED_EDGE('',*,*,#2944,.T.);
#4000=ORIENTED_EDGE('',*,*,#2941,.F.);
#4001=ORIENTED_EDGE('',*,*,#2615,.F.);
#4002=ORIENTED_EDGE('',*,*,#2945,.T.);
#4003=ORIENTED_EDGE('',*,*,#2946,.T.);
#4004=ORIENTED_EDGE('',*,*,#2943,.F.);
#4005=ORIENTED_EDGE('',*,*,#2614,.F.);
#4006=ORIENTED_EDGE('',*,*,#2947,.T.);
#4007=ORIENTED_EDGE('',*,*,#2948,.T.);
#4008=ORIENTED_EDGE('',*,*,#2945,.F.);
#4009=ORIENTED_EDGE('',*,*,#2613,.F.);
#4010=ORIENTED_EDGE('',*,*,#2906,.T.);
#4011=ORIENTED_EDGE('',*,*,#2949,.T.);
#4012=ORIENTED_EDGE('',*,*,#2947,.F.);
#4013=ORIENTED_EDGE('',*,*,#2949,.F.);
#4014=ORIENTED_EDGE('',*,*,#2905,.F.);
#4015=ORIENTED_EDGE('',*,*,#2908,.F.);
#4016=ORIENTED_EDGE('',*,*,#2910,.F.);
#4017=ORIENTED_EDGE('',*,*,#2912,.F.);
#4018=ORIENTED_EDGE('',*,*,#2914,.F.);
#4019=ORIENTED_EDGE('',*,*,#2916,.F.);
#4020=ORIENTED_EDGE('',*,*,#2918,.F.);
#4021=ORIENTED_EDGE('',*,*,#2920,.F.);
#4022=ORIENTED_EDGE('',*,*,#2922,.F.);
#4023=ORIENTED_EDGE('',*,*,#2924,.F.);
#4024=ORIENTED_EDGE('',*,*,#2926,.F.);
#4025=ORIENTED_EDGE('',*,*,#2928,.F.);
#4026=ORIENTED_EDGE('',*,*,#2930,.F.);
#4027=ORIENTED_EDGE('',*,*,#2932,.F.);
#4028=ORIENTED_EDGE('',*,*,#2934,.F.);
#4029=ORIENTED_EDGE('',*,*,#2936,.F.);
#4030=ORIENTED_EDGE('',*,*,#2938,.F.);
#4031=ORIENTED_EDGE('',*,*,#2940,.F.);
#4032=ORIENTED_EDGE('',*,*,#2942,.F.);
#4033=ORIENTED_EDGE('',*,*,#2944,.F.);
#4034=ORIENTED_EDGE('',*,*,#2946,.F.);
#4035=ORIENTED_EDGE('',*,*,#2948,.F.);
#4036=ORIENTED_EDGE('',*,*,#2903,.F.);
#4037=ORIENTED_EDGE('',*,*,#2879,.F.);
#4038=ORIENTED_EDGE('',*,*,#2883,.F.);
#4039=ORIENTED_EDGE('',*,*,#2886,.F.);
#4040=ORIENTED_EDGE('',*,*,#2889,.F.);
#4041=ORIENTED_EDGE('',*,*,#2892,.F.);
#4042=ORIENTED_EDGE('',*,*,#2895,.F.);
#4043=ORIENTED_EDGE('',*,*,#2898,.F.);
#4044=ORIENTED_EDGE('',*,*,#2901,.F.);
#4045=ORIENTED_EDGE('',*,*,#2950,.F.);
#4046=ORIENTED_EDGE('',*,*,#2951,.T.);
#4047=ORIENTED_EDGE('',*,*,#2952,.T.);
#4048=ORIENTED_EDGE('',*,*,#2953,.F.);
#4049=ORIENTED_EDGE('',*,*,#2954,.F.);
#4050=ORIENTED_EDGE('',*,*,#2955,.T.);
#4051=ORIENTED_EDGE('',*,*,#2956,.T.);
#4052=ORIENTED_EDGE('',*,*,#2951,.F.);
#4053=ORIENTED_EDGE('',*,*,#2957,.F.);
#4054=ORIENTED_EDGE('',*,*,#2958,.T.);
#4055=ORIENTED_EDGE('',*,*,#2959,.T.);
#4056=ORIENTED_EDGE('',*,*,#2955,.F.);
#4057=ORIENTED_EDGE('',*,*,#2960,.F.);
#4058=ORIENTED_EDGE('',*,*,#2961,.T.);
#4059=ORIENTED_EDGE('',*,*,#2962,.T.);
#4060=ORIENTED_EDGE('',*,*,#2958,.F.);
#4061=ORIENTED_EDGE('',*,*,#2963,.F.);
#4062=ORIENTED_EDGE('',*,*,#2964,.T.);
#4063=ORIENTED_EDGE('',*,*,#2965,.T.);
#4064=ORIENTED_EDGE('',*,*,#2961,.F.);
#4065=ORIENTED_EDGE('',*,*,#2966,.F.);
#4066=ORIENTED_EDGE('',*,*,#2967,.T.);
#4067=ORIENTED_EDGE('',*,*,#2968,.T.);
#4068=ORIENTED_EDGE('',*,*,#2964,.F.);
#4069=ORIENTED_EDGE('',*,*,#2969,.F.);
#4070=ORIENTED_EDGE('',*,*,#2970,.T.);
#4071=ORIENTED_EDGE('',*,*,#2971,.T.);
#4072=ORIENTED_EDGE('',*,*,#2967,.F.);
#4073=ORIENTED_EDGE('',*,*,#2972,.F.);
#4074=ORIENTED_EDGE('',*,*,#2973,.T.);
#4075=ORIENTED_EDGE('',*,*,#2974,.T.);
#4076=ORIENTED_EDGE('',*,*,#2970,.F.);
#4077=ORIENTED_EDGE('',*,*,#2975,.F.);
#4078=ORIENTED_EDGE('',*,*,#2953,.T.);
#4079=ORIENTED_EDGE('',*,*,#2976,.T.);
#4080=ORIENTED_EDGE('',*,*,#2973,.F.);
#4081=ORIENTED_EDGE('',*,*,#2635,.F.);
#4082=ORIENTED_EDGE('',*,*,#2977,.T.);
#4083=ORIENTED_EDGE('',*,*,#2978,.T.);
#4084=ORIENTED_EDGE('',*,*,#2979,.F.);
#4085=ORIENTED_EDGE('',*,*,#2643,.F.);
#4086=ORIENTED_EDGE('',*,*,#2980,.T.);
#4087=ORIENTED_EDGE('',*,*,#2981,.T.);
#4088=ORIENTED_EDGE('',*,*,#2977,.F.);
#4089=ORIENTED_EDGE('',*,*,#2642,.F.);
#4090=ORIENTED_EDGE('',*,*,#2982,.T.);
#4091=ORIENTED_EDGE('',*,*,#2983,.T.);
#4092=ORIENTED_EDGE('',*,*,#2980,.F.);
#4093=ORIENTED_EDGE('',*,*,#2641,.F.);
#4094=ORIENTED_EDGE('',*,*,#2984,.T.);
#4095=ORIENTED_EDGE('',*,*,#2985,.T.);
#4096=ORIENTED_EDGE('',*,*,#2982,.F.);
#4097=ORIENTED_EDGE('',*,*,#2640,.F.);
#4098=ORIENTED_EDGE('',*,*,#2986,.T.);
#4099=ORIENTED_EDGE('',*,*,#2987,.T.);
#4100=ORIENTED_EDGE('',*,*,#2984,.F.);
#4101=ORIENTED_EDGE('',*,*,#2639,.F.);
#4102=ORIENTED_EDGE('',*,*,#2988,.T.);
#4103=ORIENTED_EDGE('',*,*,#2989,.T.);
#4104=ORIENTED_EDGE('',*,*,#2986,.F.);
#4105=ORIENTED_EDGE('',*,*,#2638,.F.);
#4106=ORIENTED_EDGE('',*,*,#2990,.T.);
#4107=ORIENTED_EDGE('',*,*,#2991,.T.);
#4108=ORIENTED_EDGE('',*,*,#2988,.F.);
#4109=ORIENTED_EDGE('',*,*,#2637,.F.);
#4110=ORIENTED_EDGE('',*,*,#2992,.T.);
#4111=ORIENTED_EDGE('',*,*,#2993,.T.);
#4112=ORIENTED_EDGE('',*,*,#2990,.F.);
#4113=ORIENTED_EDGE('',*,*,#2636,.F.);
#4114=ORIENTED_EDGE('',*,*,#2979,.T.);
#4115=ORIENTED_EDGE('',*,*,#2994,.T.);
#4116=ORIENTED_EDGE('',*,*,#2992,.F.);
#4117=ORIENTED_EDGE('',*,*,#2994,.F.);
#4118=ORIENTED_EDGE('',*,*,#2978,.F.);
#4119=ORIENTED_EDGE('',*,*,#2981,.F.);
#4120=ORIENTED_EDGE('',*,*,#2983,.F.);
#4121=ORIENTED_EDGE('',*,*,#2985,.F.);
#4122=ORIENTED_EDGE('',*,*,#2987,.F.);
#4123=ORIENTED_EDGE('',*,*,#2989,.F.);
#4124=ORIENTED_EDGE('',*,*,#2991,.F.);
#4125=ORIENTED_EDGE('',*,*,#2993,.F.);
#4126=ORIENTED_EDGE('',*,*,#2976,.F.);
#4127=ORIENTED_EDGE('',*,*,#2952,.F.);
#4128=ORIENTED_EDGE('',*,*,#2956,.F.);
#4129=ORIENTED_EDGE('',*,*,#2959,.F.);
#4130=ORIENTED_EDGE('',*,*,#2962,.F.);
#4131=ORIENTED_EDGE('',*,*,#2965,.F.);
#4132=ORIENTED_EDGE('',*,*,#2968,.F.);
#4133=ORIENTED_EDGE('',*,*,#2971,.F.);
#4134=ORIENTED_EDGE('',*,*,#2974,.F.);
#4135=ORIENTED_EDGE('',*,*,#2644,.F.);
#4136=ORIENTED_EDGE('',*,*,#2995,.T.);
#4137=ORIENTED_EDGE('',*,*,#2996,.T.);
#4138=ORIENTED_EDGE('',*,*,#2997,.F.);
#4139=ORIENTED_EDGE('',*,*,#2655,.F.);
#4140=ORIENTED_EDGE('',*,*,#2998,.T.);
#4141=ORIENTED_EDGE('',*,*,#2999,.T.);
#4142=ORIENTED_EDGE('',*,*,#2995,.F.);
#4143=ORIENTED_EDGE('',*,*,#2654,.F.);
#4144=ORIENTED_EDGE('',*,*,#3000,.T.);
#4145=ORIENTED_EDGE('',*,*,#3001,.T.);
#4146=ORIENTED_EDGE('',*,*,#2998,.F.);
#4147=ORIENTED_EDGE('',*,*,#2653,.F.);
#4148=ORIENTED_EDGE('',*,*,#3002,.T.);
#4149=ORIENTED_EDGE('',*,*,#3003,.T.);
#4150=ORIENTED_EDGE('',*,*,#3000,.F.);
#4151=ORIENTED_EDGE('',*,*,#2652,.F.);
#4152=ORIENTED_EDGE('',*,*,#3004,.T.);
#4153=ORIENTED_EDGE('',*,*,#3005,.T.);
#4154=ORIENTED_EDGE('',*,*,#3002,.F.);
#4155=ORIENTED_EDGE('',*,*,#2651,.F.);
#4156=ORIENTED_EDGE('',*,*,#3006,.T.);
#4157=ORIENTED_EDGE('',*,*,#3007,.T.);
#4158=ORIENTED_EDGE('',*,*,#3004,.F.);
#4159=ORIENTED_EDGE('',*,*,#2650,.F.);
#4160=ORIENTED_EDGE('',*,*,#3008,.T.);
#4161=ORIENTED_EDGE('',*,*,#3009,.T.);
#4162=ORIENTED_EDGE('',*,*,#3006,.F.);
#4163=ORIENTED_EDGE('',*,*,#2649,.F.);
#4164=ORIENTED_EDGE('',*,*,#3010,.T.);
#4165=ORIENTED_EDGE('',*,*,#3011,.T.);
#4166=ORIENTED_EDGE('',*,*,#3008,.F.);
#4167=ORIENTED_EDGE('',*,*,#2648,.F.);
#4168=ORIENTED_EDGE('',*,*,#3012,.T.);
#4169=ORIENTED_EDGE('',*,*,#3013,.T.);
#4170=ORIENTED_EDGE('',*,*,#3010,.F.);
#4171=ORIENTED_EDGE('',*,*,#2647,.F.);
#4172=ORIENTED_EDGE('',*,*,#3014,.T.);
#4173=ORIENTED_EDGE('',*,*,#3015,.T.);
#4174=ORIENTED_EDGE('',*,*,#3012,.F.);
#4175=ORIENTED_EDGE('',*,*,#2646,.F.);
#4176=ORIENTED_EDGE('',*,*,#3016,.T.);
#4177=ORIENTED_EDGE('',*,*,#3017,.T.);
#4178=ORIENTED_EDGE('',*,*,#3014,.F.);
#4179=ORIENTED_EDGE('',*,*,#2645,.F.);
#4180=ORIENTED_EDGE('',*,*,#2997,.T.);
#4181=ORIENTED_EDGE('',*,*,#3018,.T.);
#4182=ORIENTED_EDGE('',*,*,#3016,.F.);
#4183=ORIENTED_EDGE('',*,*,#3018,.F.);
#4184=ORIENTED_EDGE('',*,*,#2996,.F.);
#4185=ORIENTED_EDGE('',*,*,#2999,.F.);
#4186=ORIENTED_EDGE('',*,*,#3001,.F.);
#4187=ORIENTED_EDGE('',*,*,#3003,.F.);
#4188=ORIENTED_EDGE('',*,*,#3005,.F.);
#4189=ORIENTED_EDGE('',*,*,#3007,.F.);
#4190=ORIENTED_EDGE('',*,*,#3009,.F.);
#4191=ORIENTED_EDGE('',*,*,#3011,.F.);
#4192=ORIENTED_EDGE('',*,*,#3013,.F.);
#4193=ORIENTED_EDGE('',*,*,#3015,.F.);
#4194=ORIENTED_EDGE('',*,*,#3017,.F.);
#4195=ORIENTED_EDGE('',*,*,#2537,.F.);
#4196=ORIENTED_EDGE('',*,*,#3019,.T.);
#4197=ORIENTED_EDGE('',*,*,#3020,.T.);
#4198=ORIENTED_EDGE('',*,*,#3021,.F.);
#4199=ORIENTED_EDGE('',*,*,#2536,.F.);
#4200=ORIENTED_EDGE('',*,*,#3022,.T.);
#4201=ORIENTED_EDGE('',*,*,#3023,.T.);
#4202=ORIENTED_EDGE('',*,*,#3019,.F.);
#4203=ORIENTED_EDGE('',*,*,#2535,.F.);
#4204=ORIENTED_EDGE('',*,*,#3024,.T.);
#4205=ORIENTED_EDGE('',*,*,#3025,.T.);
#4206=ORIENTED_EDGE('',*,*,#3022,.F.);
#4207=ORIENTED_EDGE('',*,*,#2534,.F.);
#4208=ORIENTED_EDGE('',*,*,#3026,.T.);
#4209=ORIENTED_EDGE('',*,*,#3027,.T.);
#4210=ORIENTED_EDGE('',*,*,#3024,.F.);
#4211=ORIENTED_EDGE('',*,*,#2533,.F.);
#4212=ORIENTED_EDGE('',*,*,#3028,.T.);
#4213=ORIENTED_EDGE('',*,*,#3029,.T.);
#4214=ORIENTED_EDGE('',*,*,#3026,.F.);
#4215=ORIENTED_EDGE('',*,*,#2532,.F.);
#4216=ORIENTED_EDGE('',*,*,#3030,.T.);
#4217=ORIENTED_EDGE('',*,*,#3031,.T.);
#4218=ORIENTED_EDGE('',*,*,#3028,.F.);
#4219=ORIENTED_EDGE('',*,*,#2531,.F.);
#4220=ORIENTED_EDGE('',*,*,#3032,.T.);
#4221=ORIENTED_EDGE('',*,*,#3033,.T.);
#4222=ORIENTED_EDGE('',*,*,#3030,.F.);
#4223=ORIENTED_EDGE('',*,*,#2503,.F.);
#4224=ORIENTED_EDGE('',*,*,#2523,.F.);
#4225=ORIENTED_EDGE('',*,*,#3034,.T.);
#4226=ORIENTED_EDGE('',*,*,#3032,.F.);
#4227=ORIENTED_EDGE('',*,*,#2530,.F.);
#4228=ORIENTED_EDGE('',*,*,#2500,.F.);
#4229=ORIENTED_EDGE('',*,*,#2493,.F.);
#4230=ORIENTED_EDGE('',*,*,#3035,.T.);
#4231=ORIENTED_EDGE('',*,*,#3036,.T.);
#4232=ORIENTED_EDGE('',*,*,#2527,.F.);
#4233=ORIENTED_EDGE('',*,*,#2529,.F.);
#4234=ORIENTED_EDGE('',*,*,#2499,.F.);
#4235=ORIENTED_EDGE('',*,*,#2539,.F.);
#4236=ORIENTED_EDGE('',*,*,#3037,.T.);
#4237=ORIENTED_EDGE('',*,*,#3038,.T.);
#4238=ORIENTED_EDGE('',*,*,#3035,.F.);
#4239=ORIENTED_EDGE('',*,*,#2538,.F.);
#4240=ORIENTED_EDGE('',*,*,#3021,.T.);
#4241=ORIENTED_EDGE('',*,*,#3039,.T.);
#4242=ORIENTED_EDGE('',*,*,#3037,.F.);
#4243=ORIENTED_EDGE('',*,*,#2522,.F.);
#4244=ORIENTED_EDGE('',*,*,#2525,.F.);
#4245=ORIENTED_EDGE('',*,*,#2528,.F.);
#4246=ORIENTED_EDGE('',*,*,#3036,.F.);
#4247=ORIENTED_EDGE('',*,*,#3038,.F.);
#4248=ORIENTED_EDGE('',*,*,#3039,.F.);
#4249=ORIENTED_EDGE('',*,*,#3020,.F.);
#4250=ORIENTED_EDGE('',*,*,#3023,.F.);
#4251=ORIENTED_EDGE('',*,*,#3025,.F.);
#4252=ORIENTED_EDGE('',*,*,#3027,.F.);
#4253=ORIENTED_EDGE('',*,*,#3029,.F.);
#4254=ORIENTED_EDGE('',*,*,#3031,.F.);
#4255=ORIENTED_EDGE('',*,*,#3033,.F.);
#4256=ORIENTED_EDGE('',*,*,#3034,.F.);
#4257=ORIENTED_EDGE('',*,*,#2656,.F.);
#4258=ORIENTED_EDGE('',*,*,#3040,.T.);
#4259=ORIENTED_EDGE('',*,*,#3041,.T.);
#4260=ORIENTED_EDGE('',*,*,#3042,.F.);
#4261=ORIENTED_EDGE('',*,*,#2668,.F.);
#4262=ORIENTED_EDGE('',*,*,#3043,.T.);
#4263=ORIENTED_EDGE('',*,*,#3044,.T.);
#4264=ORIENTED_EDGE('',*,*,#3040,.F.);
#4265=ORIENTED_EDGE('',*,*,#2667,.F.);
#4266=ORIENTED_EDGE('',*,*,#3045,.T.);
#4267=ORIENTED_EDGE('',*,*,#3046,.T.);
#4268=ORIENTED_EDGE('',*,*,#3043,.F.);
#4269=ORIENTED_EDGE('',*,*,#2666,.F.);
#4270=ORIENTED_EDGE('',*,*,#3047,.T.);
#4271=ORIENTED_EDGE('',*,*,#3048,.T.);
#4272=ORIENTED_EDGE('',*,*,#3045,.F.);
#4273=ORIENTED_EDGE('',*,*,#2665,.F.);
#4274=ORIENTED_EDGE('',*,*,#3049,.T.);
#4275=ORIENTED_EDGE('',*,*,#3050,.T.);
#4276=ORIENTED_EDGE('',*,*,#3047,.F.);
#4277=ORIENTED_EDGE('',*,*,#2664,.F.);
#4278=ORIENTED_EDGE('',*,*,#3051,.T.);
#4279=ORIENTED_EDGE('',*,*,#3052,.T.);
#4280=ORIENTED_EDGE('',*,*,#3049,.F.);
#4281=ORIENTED_EDGE('',*,*,#2663,.F.);
#4282=ORIENTED_EDGE('',*,*,#3053,.T.);
#4283=ORIENTED_EDGE('',*,*,#3054,.T.);
#4284=ORIENTED_EDGE('',*,*,#3051,.F.);
#4285=ORIENTED_EDGE('',*,*,#2662,.F.);
#4286=ORIENTED_EDGE('',*,*,#3055,.T.);
#4287=ORIENTED_EDGE('',*,*,#3056,.T.);
#4288=ORIENTED_EDGE('',*,*,#3053,.F.);
#4289=ORIENTED_EDGE('',*,*,#2661,.F.);
#4290=ORIENTED_EDGE('',*,*,#3057,.T.);
#4291=ORIENTED_EDGE('',*,*,#3058,.T.);
#4292=ORIENTED_EDGE('',*,*,#3055,.F.);
#4293=ORIENTED_EDGE('',*,*,#2660,.F.);
#4294=ORIENTED_EDGE('',*,*,#3059,.T.);
#4295=ORIENTED_EDGE('',*,*,#3060,.T.);
#4296=ORIENTED_EDGE('',*,*,#3057,.F.);
#4297=ORIENTED_EDGE('',*,*,#2659,.F.);
#4298=ORIENTED_EDGE('',*,*,#3061,.T.);
#4299=ORIENTED_EDGE('',*,*,#3062,.T.);
#4300=ORIENTED_EDGE('',*,*,#3059,.F.);
#4301=ORIENTED_EDGE('',*,*,#2658,.F.);
#4302=ORIENTED_EDGE('',*,*,#3063,.T.);
#4303=ORIENTED_EDGE('',*,*,#3064,.T.);
#4304=ORIENTED_EDGE('',*,*,#3061,.F.);
#4305=ORIENTED_EDGE('',*,*,#2657,.F.);
#4306=ORIENTED_EDGE('',*,*,#3042,.T.);
#4307=ORIENTED_EDGE('',*,*,#3065,.T.);
#4308=ORIENTED_EDGE('',*,*,#3063,.F.);
#4309=ORIENTED_EDGE('',*,*,#3065,.F.);
#4310=ORIENTED_EDGE('',*,*,#3041,.F.);
#4311=ORIENTED_EDGE('',*,*,#3044,.F.);
#4312=ORIENTED_EDGE('',*,*,#3046,.F.);
#4313=ORIENTED_EDGE('',*,*,#3048,.F.);
#4314=ORIENTED_EDGE('',*,*,#3050,.F.);
#4315=ORIENTED_EDGE('',*,*,#3052,.F.);
#4316=ORIENTED_EDGE('',*,*,#3054,.F.);
#4317=ORIENTED_EDGE('',*,*,#3056,.F.);
#4318=ORIENTED_EDGE('',*,*,#3058,.F.);
#4319=ORIENTED_EDGE('',*,*,#3060,.F.);
#4320=ORIENTED_EDGE('',*,*,#3062,.F.);
#4321=ORIENTED_EDGE('',*,*,#3064,.F.);
#4322=ORIENTED_EDGE('',*,*,#3066,.F.);
#4323=ORIENTED_EDGE('',*,*,#3067,.T.);
#4324=ORIENTED_EDGE('',*,*,#3068,.T.);
#4325=ORIENTED_EDGE('',*,*,#3069,.F.);
#4326=ORIENTED_EDGE('',*,*,#3070,.F.);
#4327=ORIENTED_EDGE('',*,*,#3071,.T.);
#4328=ORIENTED_EDGE('',*,*,#3072,.T.);
#4329=ORIENTED_EDGE('',*,*,#3067,.F.);
#4330=ORIENTED_EDGE('',*,*,#3073,.F.);
#4331=ORIENTED_EDGE('',*,*,#3074,.T.);
#4332=ORIENTED_EDGE('',*,*,#3075,.T.);
#4333=ORIENTED_EDGE('',*,*,#3071,.F.);
#4334=ORIENTED_EDGE('',*,*,#3076,.F.);
#4335=ORIENTED_EDGE('',*,*,#3077,.T.);
#4336=ORIENTED_EDGE('',*,*,#3078,.T.);
#4337=ORIENTED_EDGE('',*,*,#3074,.F.);
#4338=ORIENTED_EDGE('',*,*,#3079,.F.);
#4339=ORIENTED_EDGE('',*,*,#3080,.T.);
#4340=ORIENTED_EDGE('',*,*,#3081,.T.);
#4341=ORIENTED_EDGE('',*,*,#3077,.F.);
#4342=ORIENTED_EDGE('',*,*,#3082,.F.);
#4343=ORIENTED_EDGE('',*,*,#3083,.T.);
#4344=ORIENTED_EDGE('',*,*,#3084,.T.);
#4345=ORIENTED_EDGE('',*,*,#3080,.F.);
#4346=ORIENTED_EDGE('',*,*,#3085,.F.);
#4347=ORIENTED_EDGE('',*,*,#3086,.T.);
#4348=ORIENTED_EDGE('',*,*,#3087,.T.);
#4349=ORIENTED_EDGE('',*,*,#3083,.F.);
#4350=ORIENTED_EDGE('',*,*,#3088,.F.);
#4351=ORIENTED_EDGE('',*,*,#3089,.T.);
#4352=ORIENTED_EDGE('',*,*,#3090,.T.);
#4353=ORIENTED_EDGE('',*,*,#3086,.F.);
#4354=ORIENTED_EDGE('',*,*,#3091,.F.);
#4355=ORIENTED_EDGE('',*,*,#3069,.T.);
#4356=ORIENTED_EDGE('',*,*,#3092,.T.);
#4357=ORIENTED_EDGE('',*,*,#3089,.F.);
#4358=ORIENTED_EDGE('',*,*,#2669,.F.);
#4359=ORIENTED_EDGE('',*,*,#3093,.T.);
#4360=ORIENTED_EDGE('',*,*,#3094,.T.);
#4361=ORIENTED_EDGE('',*,*,#3095,.F.);
#4362=ORIENTED_EDGE('',*,*,#2680,.F.);
#4363=ORIENTED_EDGE('',*,*,#3096,.T.);
#4364=ORIENTED_EDGE('',*,*,#3097,.T.);
#4365=ORIENTED_EDGE('',*,*,#3093,.F.);
#4366=ORIENTED_EDGE('',*,*,#2679,.F.);
#4367=ORIENTED_EDGE('',*,*,#3098,.T.);
#4368=ORIENTED_EDGE('',*,*,#3099,.T.);
#4369=ORIENTED_EDGE('',*,*,#3096,.F.);
#4370=ORIENTED_EDGE('',*,*,#2678,.F.);
#4371=ORIENTED_EDGE('',*,*,#3100,.T.);
#4372=ORIENTED_EDGE('',*,*,#3101,.T.);
#4373=ORIENTED_EDGE('',*,*,#3098,.F.);
#4374=ORIENTED_EDGE('',*,*,#2677,.F.);
#4375=ORIENTED_EDGE('',*,*,#3102,.T.);
#4376=ORIENTED_EDGE('',*,*,#3103,.T.);
#4377=ORIENTED_EDGE('',*,*,#3100,.F.);
#4378=ORIENTED_EDGE('',*,*,#2676,.F.);
#4379=ORIENTED_EDGE('',*,*,#3104,.T.);
#4380=ORIENTED_EDGE('',*,*,#3105,.T.);
#4381=ORIENTED_EDGE('',*,*,#3102,.F.);
#4382=ORIENTED_EDGE('',*,*,#2675,.F.);
#4383=ORIENTED_EDGE('',*,*,#3106,.T.);
#4384=ORIENTED_EDGE('',*,*,#3107,.T.);
#4385=ORIENTED_EDGE('',*,*,#3104,.F.);
#4386=ORIENTED_EDGE('',*,*,#2674,.F.);
#4387=ORIENTED_EDGE('',*,*,#3108,.T.);
#4388=ORIENTED_EDGE('',*,*,#3109,.T.);
#4389=ORIENTED_EDGE('',*,*,#3106,.F.);
#4390=ORIENTED_EDGE('',*,*,#2673,.F.);
#4391=ORIENTED_EDGE('',*,*,#3110,.T.);
#4392=ORIENTED_EDGE('',*,*,#3111,.T.);
#4393=ORIENTED_EDGE('',*,*,#3108,.F.);
#4394=ORIENTED_EDGE('',*,*,#2672,.F.);
#4395=ORIENTED_EDGE('',*,*,#3112,.T.);
#4396=ORIENTED_EDGE('',*,*,#3113,.T.);
#4397=ORIENTED_EDGE('',*,*,#3110,.F.);
#4398=ORIENTED_EDGE('',*,*,#2671,.F.);
#4399=ORIENTED_EDGE('',*,*,#3114,.T.);
#4400=ORIENTED_EDGE('',*,*,#3115,.T.);
#4401=ORIENTED_EDGE('',*,*,#3112,.F.);
#4402=ORIENTED_EDGE('',*,*,#2670,.F.);
#4403=ORIENTED_EDGE('',*,*,#3095,.T.);
#4404=ORIENTED_EDGE('',*,*,#3116,.T.);
#4405=ORIENTED_EDGE('',*,*,#3114,.F.);
#4406=ORIENTED_EDGE('',*,*,#3116,.F.);
#4407=ORIENTED_EDGE('',*,*,#3094,.F.);
#4408=ORIENTED_EDGE('',*,*,#3097,.F.);
#4409=ORIENTED_EDGE('',*,*,#3099,.F.);
#4410=ORIENTED_EDGE('',*,*,#3101,.F.);
#4411=ORIENTED_EDGE('',*,*,#3103,.F.);
#4412=ORIENTED_EDGE('',*,*,#3105,.F.);
#4413=ORIENTED_EDGE('',*,*,#3107,.F.);
#4414=ORIENTED_EDGE('',*,*,#3109,.F.);
#4415=ORIENTED_EDGE('',*,*,#3111,.F.);
#4416=ORIENTED_EDGE('',*,*,#3113,.F.);
#4417=ORIENTED_EDGE('',*,*,#3115,.F.);
#4418=ORIENTED_EDGE('',*,*,#3092,.F.);
#4419=ORIENTED_EDGE('',*,*,#3068,.F.);
#4420=ORIENTED_EDGE('',*,*,#3072,.F.);
#4421=ORIENTED_EDGE('',*,*,#3075,.F.);
#4422=ORIENTED_EDGE('',*,*,#3078,.F.);
#4423=ORIENTED_EDGE('',*,*,#3081,.F.);
#4424=ORIENTED_EDGE('',*,*,#3084,.F.);
#4425=ORIENTED_EDGE('',*,*,#3087,.F.);
#4426=ORIENTED_EDGE('',*,*,#3090,.F.);
#4427=ORIENTED_EDGE('',*,*,#3117,.F.);
#4428=ORIENTED_EDGE('',*,*,#3118,.T.);
#4429=ORIENTED_EDGE('',*,*,#3119,.T.);
#4430=ORIENTED_EDGE('',*,*,#3120,.F.);
#4431=ORIENTED_EDGE('',*,*,#3121,.F.);
#4432=ORIENTED_EDGE('',*,*,#3122,.T.);
#4433=ORIENTED_EDGE('',*,*,#3123,.T.);
#4434=ORIENTED_EDGE('',*,*,#3118,.F.);
#4435=ORIENTED_EDGE('',*,*,#3124,.F.);
#4436=ORIENTED_EDGE('',*,*,#3125,.T.);
#4437=ORIENTED_EDGE('',*,*,#3126,.T.);
#4438=ORIENTED_EDGE('',*,*,#3122,.F.);
#4439=ORIENTED_EDGE('',*,*,#3127,.F.);
#4440=ORIENTED_EDGE('',*,*,#3128,.T.);
#4441=ORIENTED_EDGE('',*,*,#3129,.T.);
#4442=ORIENTED_EDGE('',*,*,#3125,.F.);
#4443=ORIENTED_EDGE('',*,*,#3130,.F.);
#4444=ORIENTED_EDGE('',*,*,#3131,.T.);
#4445=ORIENTED_EDGE('',*,*,#3132,.T.);
#4446=ORIENTED_EDGE('',*,*,#3128,.F.);
#4447=ORIENTED_EDGE('',*,*,#3133,.F.);
#4448=ORIENTED_EDGE('',*,*,#3134,.T.);
#4449=ORIENTED_EDGE('',*,*,#3135,.T.);
#4450=ORIENTED_EDGE('',*,*,#3131,.F.);
#4451=ORIENTED_EDGE('',*,*,#3136,.F.);
#4452=ORIENTED_EDGE('',*,*,#3137,.T.);
#4453=ORIENTED_EDGE('',*,*,#3138,.T.);
#4454=ORIENTED_EDGE('',*,*,#3134,.F.);
#4455=ORIENTED_EDGE('',*,*,#3139,.F.);
#4456=ORIENTED_EDGE('',*,*,#3140,.T.);
#4457=ORIENTED_EDGE('',*,*,#3141,.T.);
#4458=ORIENTED_EDGE('',*,*,#3137,.F.);
#4459=ORIENTED_EDGE('',*,*,#3142,.F.);
#4460=ORIENTED_EDGE('',*,*,#3120,.T.);
#4461=ORIENTED_EDGE('',*,*,#3143,.T.);
#4462=ORIENTED_EDGE('',*,*,#3140,.F.);
#4463=ORIENTED_EDGE('',*,*,#2681,.F.);
#4464=ORIENTED_EDGE('',*,*,#3144,.T.);
#4465=ORIENTED_EDGE('',*,*,#3145,.T.);
#4466=ORIENTED_EDGE('',*,*,#3146,.F.);
#4467=ORIENTED_EDGE('',*,*,#2692,.F.);
#4468=ORIENTED_EDGE('',*,*,#3147,.T.);
#4469=ORIENTED_EDGE('',*,*,#3148,.T.);
#4470=ORIENTED_EDGE('',*,*,#3144,.F.);
#4471=ORIENTED_EDGE('',*,*,#2691,.F.);
#4472=ORIENTED_EDGE('',*,*,#3149,.T.);
#4473=ORIENTED_EDGE('',*,*,#3150,.T.);
#4474=ORIENTED_EDGE('',*,*,#3147,.F.);
#4475=ORIENTED_EDGE('',*,*,#2690,.F.);
#4476=ORIENTED_EDGE('',*,*,#3151,.T.);
#4477=ORIENTED_EDGE('',*,*,#3152,.T.);
#4478=ORIENTED_EDGE('',*,*,#3149,.F.);
#4479=ORIENTED_EDGE('',*,*,#2689,.F.);
#4480=ORIENTED_EDGE('',*,*,#3153,.T.);
#4481=ORIENTED_EDGE('',*,*,#3154,.T.);
#4482=ORIENTED_EDGE('',*,*,#3151,.F.);
#4483=ORIENTED_EDGE('',*,*,#2688,.F.);
#4484=ORIENTED_EDGE('',*,*,#3155,.T.);
#4485=ORIENTED_EDGE('',*,*,#3156,.T.);
#4486=ORIENTED_EDGE('',*,*,#3153,.F.);
#4487=ORIENTED_EDGE('',*,*,#2687,.F.);
#4488=ORIENTED_EDGE('',*,*,#3157,.T.);
#4489=ORIENTED_EDGE('',*,*,#3158,.T.);
#4490=ORIENTED_EDGE('',*,*,#3155,.F.);
#4491=ORIENTED_EDGE('',*,*,#2686,.F.);
#4492=ORIENTED_EDGE('',*,*,#3159,.T.);
#4493=ORIENTED_EDGE('',*,*,#3160,.T.);
#4494=ORIENTED_EDGE('',*,*,#3157,.F.);
#4495=ORIENTED_EDGE('',*,*,#2685,.F.);
#4496=ORIENTED_EDGE('',*,*,#3161,.T.);
#4497=ORIENTED_EDGE('',*,*,#3162,.T.);
#4498=ORIENTED_EDGE('',*,*,#3159,.F.);
#4499=ORIENTED_EDGE('',*,*,#2684,.F.);
#4500=ORIENTED_EDGE('',*,*,#3163,.T.);
#4501=ORIENTED_EDGE('',*,*,#3164,.T.);
#4502=ORIENTED_EDGE('',*,*,#3161,.F.);
#4503=ORIENTED_EDGE('',*,*,#2683,.F.);
#4504=ORIENTED_EDGE('',*,*,#3165,.T.);
#4505=ORIENTED_EDGE('',*,*,#3166,.T.);
#4506=ORIENTED_EDGE('',*,*,#3163,.F.);
#4507=ORIENTED_EDGE('',*,*,#2682,.F.);
#4508=ORIENTED_EDGE('',*,*,#3146,.T.);
#4509=ORIENTED_EDGE('',*,*,#3167,.T.);
#4510=ORIENTED_EDGE('',*,*,#3165,.F.);
#4511=ORIENTED_EDGE('',*,*,#3167,.F.);
#4512=ORIENTED_EDGE('',*,*,#3145,.F.);
#4513=ORIENTED_EDGE('',*,*,#3148,.F.);
#4514=ORIENTED_EDGE('',*,*,#3150,.F.);
#4515=ORIENTED_EDGE('',*,*,#3152,.F.);
#4516=ORIENTED_EDGE('',*,*,#3154,.F.);
#4517=ORIENTED_EDGE('',*,*,#3156,.F.);
#4518=ORIENTED_EDGE('',*,*,#3158,.F.);
#4519=ORIENTED_EDGE('',*,*,#3160,.F.);
#4520=ORIENTED_EDGE('',*,*,#3162,.F.);
#4521=ORIENTED_EDGE('',*,*,#3164,.F.);
#4522=ORIENTED_EDGE('',*,*,#3166,.F.);
#4523=ORIENTED_EDGE('',*,*,#3143,.F.);
#4524=ORIENTED_EDGE('',*,*,#3119,.F.);
#4525=ORIENTED_EDGE('',*,*,#3123,.F.);
#4526=ORIENTED_EDGE('',*,*,#3126,.F.);
#4527=ORIENTED_EDGE('',*,*,#3129,.F.);
#4528=ORIENTED_EDGE('',*,*,#3132,.F.);
#4529=ORIENTED_EDGE('',*,*,#3135,.F.);
#4530=ORIENTED_EDGE('',*,*,#3138,.F.);
#4531=ORIENTED_EDGE('',*,*,#3141,.F.);
#4532=ORIENTED_EDGE('',*,*,#3168,.F.);
#4533=ORIENTED_EDGE('',*,*,#3169,.T.);
#4534=ORIENTED_EDGE('',*,*,#3170,.T.);
#4535=ORIENTED_EDGE('',*,*,#3171,.F.);
#4536=ORIENTED_EDGE('',*,*,#3172,.F.);
#4537=ORIENTED_EDGE('',*,*,#3173,.T.);
#4538=ORIENTED_EDGE('',*,*,#3174,.T.);
#4539=ORIENTED_EDGE('',*,*,#3169,.F.);
#4540=ORIENTED_EDGE('',*,*,#3175,.F.);
#4541=ORIENTED_EDGE('',*,*,#3171,.T.);
#4542=ORIENTED_EDGE('',*,*,#3176,.T.);
#4543=ORIENTED_EDGE('',*,*,#3173,.F.);
#4544=ORIENTED_EDGE('',*,*,#2693,.F.);
#4545=ORIENTED_EDGE('',*,*,#3177,.T.);
#4546=ORIENTED_EDGE('',*,*,#3178,.T.);
#4547=ORIENTED_EDGE('',*,*,#3179,.F.);
#4548=ORIENTED_EDGE('',*,*,#2700,.F.);
#4549=ORIENTED_EDGE('',*,*,#3180,.T.);
#4550=ORIENTED_EDGE('',*,*,#3181,.T.);
#4551=ORIENTED_EDGE('',*,*,#3177,.F.);
#4552=ORIENTED_EDGE('',*,*,#2699,.F.);
#4553=ORIENTED_EDGE('',*,*,#3182,.T.);
#4554=ORIENTED_EDGE('',*,*,#3183,.T.);
#4555=ORIENTED_EDGE('',*,*,#3180,.F.);
#4556=ORIENTED_EDGE('',*,*,#2698,.F.);
#4557=ORIENTED_EDGE('',*,*,#3184,.T.);
#4558=ORIENTED_EDGE('',*,*,#3185,.T.);
#4559=ORIENTED_EDGE('',*,*,#3182,.F.);
#4560=ORIENTED_EDGE('',*,*,#2697,.F.);
#4561=ORIENTED_EDGE('',*,*,#3186,.T.);
#4562=ORIENTED_EDGE('',*,*,#3187,.T.);
#4563=ORIENTED_EDGE('',*,*,#3184,.F.);
#4564=ORIENTED_EDGE('',*,*,#2696,.F.);
#4565=ORIENTED_EDGE('',*,*,#3188,.T.);
#4566=ORIENTED_EDGE('',*,*,#3189,.T.);
#4567=ORIENTED_EDGE('',*,*,#3186,.F.);
#4568=ORIENTED_EDGE('',*,*,#2695,.F.);
#4569=ORIENTED_EDGE('',*,*,#3190,.T.);
#4570=ORIENTED_EDGE('',*,*,#3191,.T.);
#4571=ORIENTED_EDGE('',*,*,#3188,.F.);
#4572=ORIENTED_EDGE('',*,*,#2694,.F.);
#4573=ORIENTED_EDGE('',*,*,#3179,.T.);
#4574=ORIENTED_EDGE('',*,*,#3192,.T.);
#4575=ORIENTED_EDGE('',*,*,#3190,.F.);
#4576=ORIENTED_EDGE('',*,*,#3192,.F.);
#4577=ORIENTED_EDGE('',*,*,#3178,.F.);
#4578=ORIENTED_EDGE('',*,*,#3181,.F.);
#4579=ORIENTED_EDGE('',*,*,#3183,.F.);
#4580=ORIENTED_EDGE('',*,*,#3185,.F.);
#4581=ORIENTED_EDGE('',*,*,#3187,.F.);
#4582=ORIENTED_EDGE('',*,*,#3189,.F.);
#4583=ORIENTED_EDGE('',*,*,#3191,.F.);
#4584=ORIENTED_EDGE('',*,*,#3176,.F.);
#4585=ORIENTED_EDGE('',*,*,#3170,.F.);
#4586=ORIENTED_EDGE('',*,*,#3174,.F.);
#4587=ORIENTED_EDGE('',*,*,#3168,.T.);
#4588=ORIENTED_EDGE('',*,*,#3175,.T.);
#4589=ORIENTED_EDGE('',*,*,#3172,.T.);
#4590=ORIENTED_EDGE('',*,*,#3117,.T.);
#4591=ORIENTED_EDGE('',*,*,#3142,.T.);
#4592=ORIENTED_EDGE('',*,*,#3139,.T.);
#4593=ORIENTED_EDGE('',*,*,#3136,.T.);
#4594=ORIENTED_EDGE('',*,*,#3133,.T.);
#4595=ORIENTED_EDGE('',*,*,#3130,.T.);
#4596=ORIENTED_EDGE('',*,*,#3127,.T.);
#4597=ORIENTED_EDGE('',*,*,#3124,.T.);
#4598=ORIENTED_EDGE('',*,*,#3121,.T.);
#4599=ORIENTED_EDGE('',*,*,#3066,.T.);
#4600=ORIENTED_EDGE('',*,*,#3091,.T.);
#4601=ORIENTED_EDGE('',*,*,#3088,.T.);
#4602=ORIENTED_EDGE('',*,*,#3085,.T.);
#4603=ORIENTED_EDGE('',*,*,#3082,.T.);
#4604=ORIENTED_EDGE('',*,*,#3079,.T.);
#4605=ORIENTED_EDGE('',*,*,#3076,.T.);
#4606=ORIENTED_EDGE('',*,*,#3073,.T.);
#4607=ORIENTED_EDGE('',*,*,#3070,.T.);
#4608=ORIENTED_EDGE('',*,*,#2950,.T.);
#4609=ORIENTED_EDGE('',*,*,#2975,.T.);
#4610=ORIENTED_EDGE('',*,*,#2972,.T.);
#4611=ORIENTED_EDGE('',*,*,#2969,.T.);
#4612=ORIENTED_EDGE('',*,*,#2966,.T.);
#4613=ORIENTED_EDGE('',*,*,#2963,.T.);
#4614=ORIENTED_EDGE('',*,*,#2960,.T.);
#4615=ORIENTED_EDGE('',*,*,#2957,.T.);
#4616=ORIENTED_EDGE('',*,*,#2954,.T.);
#4617=ORIENTED_EDGE('',*,*,#2877,.T.);
#4618=ORIENTED_EDGE('',*,*,#2902,.T.);
#4619=ORIENTED_EDGE('',*,*,#2899,.T.);
#4620=ORIENTED_EDGE('',*,*,#2896,.T.);
#4621=ORIENTED_EDGE('',*,*,#2893,.T.);
#4622=ORIENTED_EDGE('',*,*,#2890,.T.);
#4623=ORIENTED_EDGE('',*,*,#2887,.T.);
#4624=ORIENTED_EDGE('',*,*,#2884,.T.);
#4625=ORIENTED_EDGE('',*,*,#2881,.T.);
#4626=ORIENTED_EDGE('',*,*,#2703,.T.);
#4627=ORIENTED_EDGE('',*,*,#2731,.T.);
#4628=ORIENTED_EDGE('',*,*,#2728,.T.);
#4629=ORIENTED_EDGE('',*,*,#2725,.T.);
#4630=ORIENTED_EDGE('',*,*,#2722,.T.);
#4631=ORIENTED_EDGE('',*,*,#2719,.T.);
#4632=ORIENTED_EDGE('',*,*,#2716,.T.);
#4633=ORIENTED_EDGE('',*,*,#2713,.T.);
#4634=ORIENTED_EDGE('',*,*,#2710,.T.);
#4635=ORIENTED_EDGE('',*,*,#2707,.T.);
#4636=ORIENTED_EDGE('',*,*,#2701,.F.);
#4637=ORIENTED_EDGE('',*,*,#3193,.T.);
#4638=ORIENTED_EDGE('',*,*,#2702,.T.);
#4639=ORIENTED_EDGE('',*,*,#3193,.F.);
#4640=CYLINDRICAL_SURFACE('',#4929,1.);
#4641=CYLINDRICAL_SURFACE('',#4936,1.);
#4642=CYLINDRICAL_SURFACE('',#4942,1.);
#4643=CYLINDRICAL_SURFACE('',#4948,1.);
#4644=CYLINDRICAL_SURFACE('',#4954,1.);
#4645=CYLINDRICAL_SURFACE('',#4960,3.);
#4646=CYLINDRICAL_SURFACE('',#4963,3.);
#4647=CYLINDRICAL_SURFACE('',#4966,3.);
#4648=CYLINDRICAL_SURFACE('',#4969,3.);
#4649=CYLINDRICAL_SURFACE('',#5088,3.00000004470348);
#4650=ADVANCED_FACE('',(#561),#4640,.T.);
#4651=ADVANCED_FACE('',(#562),#556,.T.);
#4652=ADVANCED_FACE('',(#563),#4641,.T.);
#4653=ADVANCED_FACE('',(#564),#557,.T.);
#4654=ADVANCED_FACE('',(#565),#4642,.T.);
#4655=ADVANCED_FACE('',(#566),#558,.T.);
#4656=ADVANCED_FACE('',(#567),#4643,.T.);
#4657=ADVANCED_FACE('',(#568),#559,.T.);
#4658=ADVANCED_FACE('',(#569),#4644,.T.);
#4659=ADVANCED_FACE('',(#570),#560,.T.);
#4660=ADVANCED_FACE('',(#571),#168,.T.);
#4661=ADVANCED_FACE('',(#572),#4645,.T.);
#4662=ADVANCED_FACE('',(#573),#169,.T.);
#4663=ADVANCED_FACE('',(#574),#4646,.T.);
#4664=ADVANCED_FACE('',(#575),#170,.T.);
#4665=ADVANCED_FACE('',(#576),#4647,.T.);
#4666=ADVANCED_FACE('',(#577),#171,.T.);
#4667=ADVANCED_FACE('',(#578),#4648,.T.);
#4668=ADVANCED_FACE('',(#579),#172,.F.);
#4669=ADVANCED_FACE('',(#580),#173,.F.);
#4670=ADVANCED_FACE('',(#581),#174,.T.);
#4671=ADVANCED_FACE('',(#582,#147,#148,#149,#150,#151,#152,#153,#154,#155,
#156,#157,#158,#159,#160),#175,.T.);
#4672=ADVANCED_FACE('',(#583,#161),#176,.F.);
#4673=ADVANCED_FACE('',(#584),#177,.F.);
#4674=ADVANCED_FACE('',(#585),#15,.F.);
#4675=ADVANCED_FACE('',(#586),#16,.F.);
#4676=ADVANCED_FACE('',(#587),#17,.F.);
#4677=ADVANCED_FACE('',(#588),#18,.F.);
#4678=ADVANCED_FACE('',(#589),#19,.F.);
#4679=ADVANCED_FACE('',(#590),#20,.F.);
#4680=ADVANCED_FACE('',(#591),#21,.F.);
#4681=ADVANCED_FACE('',(#592),#178,.F.);
#4682=ADVANCED_FACE('',(#593),#179,.F.);
#4683=ADVANCED_FACE('',(#594),#22,.F.);
#4684=ADVANCED_FACE('',(#595),#23,.F.);
#4685=ADVANCED_FACE('',(#596),#24,.F.);
#4686=ADVANCED_FACE('',(#597),#25,.F.);
#4687=ADVANCED_FACE('',(#598),#26,.F.);
#4688=ADVANCED_FACE('',(#599),#27,.F.);
#4689=ADVANCED_FACE('',(#600),#28,.F.);
#4690=ADVANCED_FACE('',(#601),#29,.F.);
#4691=ADVANCED_FACE('',(#602),#30,.F.);
#4692=ADVANCED_FACE('',(#603),#31,.F.);
#4693=ADVANCED_FACE('',(#604),#180,.F.);
#4694=ADVANCED_FACE('',(#605),#181,.F.);
#4695=ADVANCED_FACE('',(#606),#182,.F.);
#4696=ADVANCED_FACE('',(#607,#162),#183,.T.);
#4697=ADVANCED_FACE('',(#608),#184,.F.);
#4698=ADVANCED_FACE('',(#609),#185,.F.);
#4699=ADVANCED_FACE('',(#610),#186,.F.);
#4700=ADVANCED_FACE('',(#611),#187,.F.);
#4701=ADVANCED_FACE('',(#612),#188,.F.);
#4702=ADVANCED_FACE('',(#613),#189,.F.);
#4703=ADVANCED_FACE('',(#614),#190,.F.);
#4704=ADVANCED_FACE('',(#615),#191,.F.);
#4705=ADVANCED_FACE('',(#616),#192,.F.);
#4706=ADVANCED_FACE('',(#617),#193,.F.);
#4707=ADVANCED_FACE('',(#618),#194,.F.);
#4708=ADVANCED_FACE('',(#619),#195,.F.);
#4709=ADVANCED_FACE('',(#620),#196,.F.);
#4710=ADVANCED_FACE('',(#621),#32,.F.);
#4711=ADVANCED_FACE('',(#622),#33,.F.);
#4712=ADVANCED_FACE('',(#623),#34,.F.);
#4713=ADVANCED_FACE('',(#624),#35,.F.);
#4714=ADVANCED_FACE('',(#625),#36,.F.);
#4715=ADVANCED_FACE('',(#626),#37,.F.);
#4716=ADVANCED_FACE('',(#627),#38,.F.);
#4717=ADVANCED_FACE('',(#628),#197,.F.);
#4718=ADVANCED_FACE('',(#629),#198,.F.);
#4719=ADVANCED_FACE('',(#630),#199,.F.);
#4720=ADVANCED_FACE('',(#631),#39,.F.);
#4721=ADVANCED_FACE('',(#632),#40,.F.);
#4722=ADVANCED_FACE('',(#633),#41,.F.);
#4723=ADVANCED_FACE('',(#634),#42,.F.);
#4724=ADVANCED_FACE('',(#635),#43,.F.);
#4725=ADVANCED_FACE('',(#636),#44,.F.);
#4726=ADVANCED_FACE('',(#637),#200,.F.);
#4727=ADVANCED_FACE('',(#638),#201,.F.);
#4728=ADVANCED_FACE('',(#639),#202,.F.);
#4729=ADVANCED_FACE('',(#640),#203,.F.);
#4730=ADVANCED_FACE('',(#641),#204,.T.);
#4731=ADVANCED_FACE('',(#642),#205,.F.);
#4732=ADVANCED_FACE('',(#643),#206,.F.);
#4733=ADVANCED_FACE('',(#644),#45,.F.);
#4734=ADVANCED_FACE('',(#645),#46,.F.);
#4735=ADVANCED_FACE('',(#646),#47,.F.);
#4736=ADVANCED_FACE('',(#647),#48,.F.);
#4737=ADVANCED_FACE('',(#648),#49,.F.);
#4738=ADVANCED_FACE('',(#649),#50,.F.);
#4739=ADVANCED_FACE('',(#650),#207,.F.);
#4740=ADVANCED_FACE('',(#651),#208,.F.);
#4741=ADVANCED_FACE('',(#652),#209,.F.);
#4742=ADVANCED_FACE('',(#653),#51,.F.);
#4743=ADVANCED_FACE('',(#654),#52,.F.);
#4744=ADVANCED_FACE('',(#655),#53,.F.);
#4745=ADVANCED_FACE('',(#656),#54,.F.);
#4746=ADVANCED_FACE('',(#657),#55,.F.);
#4747=ADVANCED_FACE('',(#658),#210,.F.);
#4748=ADVANCED_FACE('',(#659),#211,.F.);
#4749=ADVANCED_FACE('',(#660),#212,.F.);
#4750=ADVANCED_FACE('',(#661),#213,.T.);
#4751=ADVANCED_FACE('',(#662),#214,.F.);
#4752=ADVANCED_FACE('',(#663),#215,.F.);
#4753=ADVANCED_FACE('',(#664),#216,.F.);
#4754=ADVANCED_FACE('',(#665),#217,.F.);
#4755=ADVANCED_FACE('',(#666),#218,.F.);
#4756=ADVANCED_FACE('',(#667),#219,.F.);
#4757=ADVANCED_FACE('',(#668),#220,.F.);
#4758=ADVANCED_FACE('',(#669),#221,.F.);
#4759=ADVANCED_FACE('',(#670),#222,.F.);
#4760=ADVANCED_FACE('',(#671),#223,.F.);
#4761=ADVANCED_FACE('',(#672),#56,.F.);
#4762=ADVANCED_FACE('',(#673),#57,.F.);
#4763=ADVANCED_FACE('',(#674),#58,.F.);
#4764=ADVANCED_FACE('',(#675),#59,.F.);
#4765=ADVANCED_FACE('',(#676),#60,.F.);
#4766=ADVANCED_FACE('',(#677),#61,.F.);
#4767=ADVANCED_FACE('',(#678),#62,.F.);
#4768=ADVANCED_FACE('',(#679),#63,.F.);
#4769=ADVANCED_FACE('',(#680),#224,.F.);
#4770=ADVANCED_FACE('',(#681),#64,.F.);
#4771=ADVANCED_FACE('',(#682),#65,.F.);
#4772=ADVANCED_FACE('',(#683),#66,.F.);
#4773=ADVANCED_FACE('',(#684),#67,.F.);
#4774=ADVANCED_FACE('',(#685),#68,.F.);
#4775=ADVANCED_FACE('',(#686),#69,.F.);
#4776=ADVANCED_FACE('',(#687),#70,.F.);
#4777=ADVANCED_FACE('',(#688),#71,.F.);
#4778=ADVANCED_FACE('',(#689),#72,.F.);
#4779=ADVANCED_FACE('',(#690),#73,.F.);
#4780=ADVANCED_FACE('',(#691),#74,.F.);
#4781=ADVANCED_FACE('',(#692),#75,.F.);
#4782=ADVANCED_FACE('',(#693),#225,.F.);
#4783=ADVANCED_FACE('',(#694),#76,.F.);
#4784=ADVANCED_FACE('',(#695),#77,.F.);
#4785=ADVANCED_FACE('',(#696),#78,.F.);
#4786=ADVANCED_FACE('',(#697),#79,.F.);
#4787=ADVANCED_FACE('',(#698),#80,.F.);
#4788=ADVANCED_FACE('',(#699),#81,.F.);
#4789=ADVANCED_FACE('',(#700),#82,.F.);
#4790=ADVANCED_FACE('',(#701),#83,.F.);
#4791=ADVANCED_FACE('',(#702),#226,.F.);
#4792=ADVANCED_FACE('',(#703),#84,.F.);
#4793=ADVANCED_FACE('',(#704,#163),#227,.T.);
#4794=ADVANCED_FACE('',(#705),#85,.F.);
#4795=ADVANCED_FACE('',(#706),#86,.F.);
#4796=ADVANCED_FACE('',(#707),#87,.F.);
#4797=ADVANCED_FACE('',(#708),#88,.F.);
#4798=ADVANCED_FACE('',(#709),#89,.F.);
#4799=ADVANCED_FACE('',(#710),#90,.F.);
#4800=ADVANCED_FACE('',(#711),#91,.F.);
#4801=ADVANCED_FACE('',(#712),#92,.F.);
#4802=ADVANCED_FACE('',(#713),#93,.F.);
#4803=ADVANCED_FACE('',(#714),#94,.F.);
#4804=ADVANCED_FACE('',(#715),#95,.F.);
#4805=ADVANCED_FACE('',(#716),#96,.F.);
#4806=ADVANCED_FACE('',(#717),#97,.F.);
#4807=ADVANCED_FACE('',(#718),#98,.F.);
#4808=ADVANCED_FACE('',(#719),#99,.F.);
#4809=ADVANCED_FACE('',(#720),#100,.F.);
#4810=ADVANCED_FACE('',(#721),#101,.F.);
#4811=ADVANCED_FACE('',(#722),#102,.F.);
#4812=ADVANCED_FACE('',(#723,#164),#228,.T.);
#4813=ADVANCED_FACE('',(#724),#229,.F.);
#4814=ADVANCED_FACE('',(#725),#230,.F.);
#4815=ADVANCED_FACE('',(#726),#231,.F.);
#4816=ADVANCED_FACE('',(#727),#232,.F.);
#4817=ADVANCED_FACE('',(#728),#103,.F.);
#4818=ADVANCED_FACE('',(#729),#104,.F.);
#4819=ADVANCED_FACE('',(#730),#233,.F.);
#4820=ADVANCED_FACE('',(#731),#234,.F.);
#4821=ADVANCED_FACE('',(#732),#235,.F.);
#4822=ADVANCED_FACE('',(#733),#236,.F.);
#4823=ADVANCED_FACE('',(#734),#237,.F.);
#4824=ADVANCED_FACE('',(#735),#238,.F.);
#4825=ADVANCED_FACE('',(#736),#239,.T.);
#4826=ADVANCED_FACE('',(#737),#240,.F.);
#4827=ADVANCED_FACE('',(#738),#241,.F.);
#4828=ADVANCED_FACE('',(#739),#242,.F.);
#4829=ADVANCED_FACE('',(#740),#243,.F.);
#4830=ADVANCED_FACE('',(#741),#244,.F.);
#4831=ADVANCED_FACE('',(#742),#245,.F.);
#4832=ADVANCED_FACE('',(#743),#246,.F.);
#4833=ADVANCED_FACE('',(#744),#247,.F.);
#4834=ADVANCED_FACE('',(#745),#248,.F.);
#4835=ADVANCED_FACE('',(#746),#249,.F.);
#4836=ADVANCED_FACE('',(#747),#250,.F.);
#4837=ADVANCED_FACE('',(#748),#251,.F.);
#4838=ADVANCED_FACE('',(#749),#252,.F.);
#4839=ADVANCED_FACE('',(#750),#253,.F.);
#4840=ADVANCED_FACE('',(#751),#254,.F.);
#4841=ADVANCED_FACE('',(#752),#255,.F.);
#4842=ADVANCED_FACE('',(#753),#256,.F.);
#4843=ADVANCED_FACE('',(#754),#257,.F.);
#4844=ADVANCED_FACE('',(#755),#258,.F.);
#4845=ADVANCED_FACE('',(#756),#259,.F.);
#4846=ADVANCED_FACE('',(#757),#260,.F.);
#4847=ADVANCED_FACE('',(#758),#261,.F.);
#4848=ADVANCED_FACE('',(#759),#262,.F.);
#4849=ADVANCED_FACE('',(#760),#263,.F.);
#4850=ADVANCED_FACE('',(#761),#264,.F.);
#4851=ADVANCED_FACE('',(#762),#265,.F.);
#4852=ADVANCED_FACE('',(#763),#105,.F.);
#4853=ADVANCED_FACE('',(#764),#106,.F.);
#4854=ADVANCED_FACE('',(#765),#107,.F.);
#4855=ADVANCED_FACE('',(#766),#108,.F.);
#4856=ADVANCED_FACE('',(#767),#109,.F.);
#4857=ADVANCED_FACE('',(#768),#110,.F.);
#4858=ADVANCED_FACE('',(#769),#111,.F.);
#4859=ADVANCED_FACE('',(#770),#112,.F.);
#4860=ADVANCED_FACE('',(#771),#113,.F.);
#4861=ADVANCED_FACE('',(#772),#114,.F.);
#4862=ADVANCED_FACE('',(#773),#115,.F.);
#4863=ADVANCED_FACE('',(#774),#116,.F.);
#4864=ADVANCED_FACE('',(#775),#117,.F.);
#4865=ADVANCED_FACE('',(#776),#118,.F.);
#4866=ADVANCED_FACE('',(#777),#119,.F.);
#4867=ADVANCED_FACE('',(#778),#120,.F.);
#4868=ADVANCED_FACE('',(#779),#121,.F.);
#4869=ADVANCED_FACE('',(#780),#122,.F.);
#4870=ADVANCED_FACE('',(#781),#123,.F.);
#4871=ADVANCED_FACE('',(#782),#124,.F.);
#4872=ADVANCED_FACE('',(#783),#125,.F.);
#4873=ADVANCED_FACE('',(#784,#165),#266,.T.);
#4874=ADVANCED_FACE('',(#785),#126,.F.);
#4875=ADVANCED_FACE('',(#786),#127,.F.);
#4876=ADVANCED_FACE('',(#787),#128,.F.);
#4877=ADVANCED_FACE('',(#788),#129,.F.);
#4878=ADVANCED_FACE('',(#789),#130,.F.);
#4879=ADVANCED_FACE('',(#790),#131,.F.);
#4880=ADVANCED_FACE('',(#791),#132,.F.);
#4881=ADVANCED_FACE('',(#792),#133,.F.);
#4882=ADVANCED_FACE('',(#793),#134,.F.);
#4883=ADVANCED_FACE('',(#794),#135,.F.);
#4884=ADVANCED_FACE('',(#795),#136,.F.);
#4885=ADVANCED_FACE('',(#796),#137,.F.);
#4886=ADVANCED_FACE('',(#797),#138,.F.);
#4887=ADVANCED_FACE('',(#798),#139,.F.);
#4888=ADVANCED_FACE('',(#799),#140,.F.);
#4889=ADVANCED_FACE('',(#800),#141,.F.);
#4890=ADVANCED_FACE('',(#801),#142,.F.);
#4891=ADVANCED_FACE('',(#802),#143,.F.);
#4892=ADVANCED_FACE('',(#803),#144,.F.);
#4893=ADVANCED_FACE('',(#804),#145,.F.);
#4894=ADVANCED_FACE('',(#805),#146,.F.);
#4895=ADVANCED_FACE('',(#806,#166),#267,.T.);
#4896=ADVANCED_FACE('',(#807),#268,.F.);
#4897=ADVANCED_FACE('',(#808),#269,.F.);
#4898=ADVANCED_FACE('',(#809),#270,.F.);
#4899=ADVANCED_FACE('',(#810),#271,.F.);
#4900=ADVANCED_FACE('',(#811),#272,.F.);
#4901=ADVANCED_FACE('',(#812),#273,.F.);
#4902=ADVANCED_FACE('',(#813),#274,.F.);
#4903=ADVANCED_FACE('',(#814),#275,.F.);
#4904=ADVANCED_FACE('',(#815),#276,.F.);
#4905=ADVANCED_FACE('',(#816),#277,.F.);
#4906=ADVANCED_FACE('',(#817),#278,.F.);
#4907=ADVANCED_FACE('',(#818,#167),#279,.F.);
#4908=ADVANCED_FACE('',(#819),#280,.T.);
#4909=ADVANCED_FACE('',(#820),#281,.T.);
#4910=ADVANCED_FACE('',(#821),#282,.T.);
#4911=ADVANCED_FACE('',(#822),#283,.T.);
#4912=ADVANCED_FACE('',(#823),#284,.T.);
#4913=ADVANCED_FACE('',(#824),#285,.T.);
#4914=ADVANCED_FACE('',(#825),#4649,.F.);
#4915=CLOSED_SHELL('',(#4650,#4651,#4652,#4653,#4654,#4655,#4656,#4657,
#4658,#4659,#4660,#4661,#4662,#4663,#4664,#4665,#4666,#4667,#4668,#4669,
#4670,#4671,#4672,#4673,#4674,#4675,#4676,#4677,#4678,#4679,#4680,#4681,
#4682,#4683,#4684,#4685,#4686,#4687,#4688,#4689,#4690,#4691,#4692,#4693,
#4694,#4695,#4696,#4697,#4698,#4699,#4700,#4701,#4702,#4703,#4704,#4705,
#4706,#4707,#4708,#4709,#4710,#4711,#4712,#4713,#4714,#4715,#4716,#4717,
#4718,#4719,#4720,#4721,#4722,#4723,#4724,#4725,#4726,#4727,#4728,#4729,
#4730,#4731,#4732,#4733,#4734,#4735,#4736,#4737,#4738,#4739,#4740,#4741,
#4742,#4743,#4744,#4745,#4746,#4747,#4748,#4749,#4750,#4751,#4752,#4753,
#4754,#4755,#4756,#4757,#4758,#4759,#4760,#4761,#4762,#4763,#4764,#4765,
#4766,#4767,#4768,#4769,#4770,#4771,#4772,#4773,#4774,#4775,#4776,#4777,
#4778,#4779,#4780,#4781,#4782,#4783,#4784,#4785,#4786,#4787,#4788,#4789,
#4790,#4791,#4792,#4793,#4794,#4795,#4796,#4797,#4798,#4799,#4800,#4801,
#4802,#4803,#4804,#4805,#4806,#4807,#4808,#4809,#4810,#4811,#4812,#4813,
#4814,#4815,#4816,#4817,#4818,#4819,#4820,#4821,#4822,#4823,#4824,#4825,
#4826,#4827,#4828,#4829,#4830,#4831,#4832,#4833,#4834,#4835,#4836,#4837,
#4838,#4839,#4840,#4841,#4842,#4843,#4844,#4845,#4846,#4847,#4848,#4849,
#4850,#4851,#4852,#4853,#4854,#4855,#4856,#4857,#4858,#4859,#4860,#4861,
#4862,#4863,#4864,#4865,#4866,#4867,#4868,#4869,#4870,#4871,#4872,#4873,
#4874,#4875,#4876,#4877,#4878,#4879,#4880,#4881,#4882,#4883,#4884,#4885,
#4886,#4887,#4888,#4889,#4890,#4891,#4892,#4893,#4894,#4895,#4896,#4897,
#4898,#4899,#4900,#4901,#4902,#4903,#4904,#4905,#4906,#4907,#4908,#4909,
#4910,#4911,#4912,#4913,#4914));
#4916=DERIVED_UNIT_ELEMENT(#4918,1.);
#4917=DERIVED_UNIT_ELEMENT(#9582,-3.);
#4918=(
MASS_UNIT()
NAMED_UNIT(*)
SI_UNIT(.KILO.,.GRAM.)
);
#4919=DERIVED_UNIT((#4916,#4917));
#4920=MEASURE_REPRESENTATION_ITEM('density measure',
POSITIVE_RATIO_MEASURE(7850.),#4919);
#4921=PROPERTY_DEFINITION_REPRESENTATION(#4926,#4923);
#4922=PROPERTY_DEFINITION_REPRESENTATION(#4927,#4924);
#4923=REPRESENTATION('material name',(#4925),#9579);
#4924=REPRESENTATION('density',(#4920),#9579);
#4925=DESCRIPTIVE_REPRESENTATION_ITEM('Acier','Acier');
#4926=PROPERTY_DEFINITION('material property','material name',#9589);
#4927=PROPERTY_DEFINITION('material property','density of part',#9589);
#4928=AXIS2_PLACEMENT_3D('',#5838,#5089,#5090);
#4929=AXIS2_PLACEMENT_3D('',#5839,#5091,#5092);
#4930=AXIS2_PLACEMENT_3D('',#5842,#5093,#5094);
#4931=AXIS2_PLACEMENT_3D('',#5846,#5096,#5097);
#4932=AXIS2_PLACEMENT_3D('',#5848,#5099,#5100);
#4933=AXIS2_PLACEMENT_3D('',#5851,#5101,#5102);
#4934=AXIS2_PLACEMENT_3D('',#5852,#5103,#5104);
#4935=AXIS2_PLACEMENT_3D('',#5853,#5105,#5106);
#4936=AXIS2_PLACEMENT_3D('',#5854,#5107,#5108);
#4937=AXIS2_PLACEMENT_3D('',#5857,#5109,#5110);
#4938=AXIS2_PLACEMENT_3D('',#5860,#5113,#5114);
#4939=AXIS2_PLACEMENT_3D('',#5863,#5115,#5116);
#4940=AXIS2_PLACEMENT_3D('',#5864,#5117,#5118);
#4941=AXIS2_PLACEMENT_3D('',#5865,#5119,#5120);
#4942=AXIS2_PLACEMENT_3D('',#5866,#5121,#5122);
#4943=AXIS2_PLACEMENT_3D('',#5869,#5123,#5124);
#4944=AXIS2_PLACEMENT_3D('',#5872,#5127,#5128);
#4945=AXIS2_PLACEMENT_3D('',#5875,#5129,#5130);
#4946=AXIS2_PLACEMENT_3D('',#5876,#5131,#5132);
#4947=AXIS2_PLACEMENT_3D('',#5877,#5133,#5134);
#4948=AXIS2_PLACEMENT_3D('',#5878,#5135,#5136);
#4949=AXIS2_PLACEMENT_3D('',#5881,#5137,#5138);
#4950=AXIS2_PLACEMENT_3D('',#5884,#5141,#5142);
#4951=AXIS2_PLACEMENT_3D('',#5892,#5143,#5144);
#4952=AXIS2_PLACEMENT_3D('',#5909,#5145,#5146);
#4953=AXIS2_PLACEMENT_3D('',#5911,#5147,#5148);
#4954=AXIS2_PLACEMENT_3D('',#5916,#5149,#5150);
#4955=AXIS2_PLACEMENT_3D('',#5918,#5151,#5152);
#4956=AXIS2_PLACEMENT_3D('',#5921,#5154,#5155);
#4957=AXIS2_PLACEMENT_3D('',#5922,#5156,#5157);
#4958=AXIS2_PLACEMENT_3D('',#5934,#5158,#5159);
#4959=AXIS2_PLACEMENT_3D('',#5935,#5160,#5161);
#4960=AXIS2_PLACEMENT_3D('',#5941,#5165,#5166);
#4961=AXIS2_PLACEMENT_3D('',#5944,#5168,#5169);
#4962=AXIS2_PLACEMENT_3D('',#5945,#5170,#5171);
#4963=AXIS2_PLACEMENT_3D('',#5949,#5174,#5175);
#4964=AXIS2_PLACEMENT_3D('',#5952,#5177,#5178);
#4965=AXIS2_PLACEMENT_3D('',#5953,#5179,#5180);
#4966=AXIS2_PLACEMENT_3D('',#5957,#5183,#5184);
#4967=AXIS2_PLACEMENT_3D('',#5960,#5186,#5187);
#4968=AXIS2_PLACEMENT_3D('',#5961,#5188,#5189);
#4969=AXIS2_PLACEMENT_3D('',#5965,#5192,#5193);
#4970=AXIS2_PLACEMENT_3D('',#5966,#5194,#5195);
#4971=AXIS2_PLACEMENT_3D('',#5970,#5197,#5198);
#4972=AXIS2_PLACEMENT_3D('',#5972,#5200,#5201);
#4973=AXIS2_PLACEMENT_3D('',#5976,#5204,#5205);
#4974=AXIS2_PLACEMENT_3D('',#5982,#5209,#5210);
#4975=AXIS2_PLACEMENT_3D('',#5984,#5212,#5213);
#4976=AXIS2_PLACEMENT_3D('',#6687,#5295,#5296);
#4977=AXIS2_PLACEMENT_3D('',#6688,#5297,#5298);
#4978=AXIS2_PLACEMENT_3D('',#6690,#5299,#5300);
#4979=AXIS2_PLACEMENT_3D('',#6691,#5301,#5302);
#4980=AXIS2_PLACEMENT_3D('',#6861,#5314,#5315);
#4981=AXIS2_PLACEMENT_3D('',#6867,#5319,#5320);
#4982=AXIS2_PLACEMENT_3D('',#7042,#5334,#5335);
#4983=AXIS2_PLACEMENT_3D('',#7046,#5338,#5339);
#4984=AXIS2_PLACEMENT_3D('',#7050,#5342,#5343);
#4985=AXIS2_PLACEMENT_3D('',#7052,#5345,#5346);
#4986=AXIS2_PLACEMENT_3D('',#7053,#5347,#5348);
#4987=AXIS2_PLACEMENT_3D('',#7059,#5352,#5353);
#4988=AXIS2_PLACEMENT_3D('',#7063,#5356,#5357);
#4989=AXIS2_PLACEMENT_3D('',#7067,#5360,#5361);
#4990=AXIS2_PLACEMENT_3D('',#7071,#5364,#5365);
#4991=AXIS2_PLACEMENT_3D('',#7075,#5368,#5369);
#4992=AXIS2_PLACEMENT_3D('',#7079,#5372,#5373);
#4993=AXIS2_PLACEMENT_3D('',#7083,#5376,#5377);
#4994=AXIS2_PLACEMENT_3D('',#7087,#5380,#5381);
#4995=AXIS2_PLACEMENT_3D('',#7091,#5384,#5385);
#4996=AXIS2_PLACEMENT_3D('',#7095,#5388,#5389);
#4997=AXIS2_PLACEMENT_3D('',#7099,#5392,#5393);
#4998=AXIS2_PLACEMENT_3D('',#7101,#5395,#5396);
#4999=AXIS2_PLACEMENT_3D('',#7223,#5405,#5406);
#5000=AXIS2_PLACEMENT_3D('',#7227,#5409,#5410);
#5001=AXIS2_PLACEMENT_3D('',#7231,#5413,#5414);
#5002=AXIS2_PLACEMENT_3D('',#7337,#5423,#5424);
#5003=AXIS2_PLACEMENT_3D('',#7341,#5427,#5428);
#5004=AXIS2_PLACEMENT_3D('',#7345,#5431,#5432);
#5005=AXIS2_PLACEMENT_3D('',#7349,#5435,#5436);
#5006=AXIS2_PLACEMENT_3D('',#7351,#5438,#5439);
#5007=AXIS2_PLACEMENT_3D('',#7352,#5440,#5441);
#5008=AXIS2_PLACEMENT_3D('',#7358,#5445,#5446);
#5009=AXIS2_PLACEMENT_3D('',#7464,#5455,#5456);
#5010=AXIS2_PLACEMENT_3D('',#7468,#5459,#5460);
#5011=AXIS2_PLACEMENT_3D('',#7472,#5463,#5464);
#5012=AXIS2_PLACEMENT_3D('',#7561,#5472,#5473);
#5013=AXIS2_PLACEMENT_3D('',#7565,#5476,#5477);
#5014=AXIS2_PLACEMENT_3D('',#7569,#5480,#5481);
#5015=AXIS2_PLACEMENT_3D('',#7571,#5483,#5484);
#5016=AXIS2_PLACEMENT_3D('',#7572,#5485,#5486);
#5017=AXIS2_PLACEMENT_3D('',#7578,#5490,#5491);
#5018=AXIS2_PLACEMENT_3D('',#7582,#5494,#5495);
#5019=AXIS2_PLACEMENT_3D('',#7586,#5498,#5499);
#5020=AXIS2_PLACEMENT_3D('',#7588,#5501,#5502);
#5021=AXIS2_PLACEMENT_3D('',#7589,#5503,#5504);
#5022=AXIS2_PLACEMENT_3D('',#7595,#5508,#5509);
#5023=AXIS2_PLACEMENT_3D('',#7599,#5512,#5513);
#5024=AXIS2_PLACEMENT_3D('',#7603,#5516,#5517);
#5025=AXIS2_PLACEMENT_3D('',#7605,#5519,#5520);
#5026=AXIS2_PLACEMENT_3D('',#7793,#5530,#5531);
#5027=AXIS2_PLACEMENT_3D('',#8002,#5547,#5548);
#5028=AXIS2_PLACEMENT_3D('',#8142,#5559,#5560);
#5029=AXIS2_PLACEMENT_3D('',#8161,#5563,#5564);
#5030=AXIS2_PLACEMENT_3D('',#8522,#5583,#5584);
#5031=AXIS2_PLACEMENT_3D('',#8523,#5585,#5586);
#5032=AXIS2_PLACEMENT_3D('',#8529,#5590,#5591);
#5033=AXIS2_PLACEMENT_3D('',#8533,#5594,#5595);
#5034=AXIS2_PLACEMENT_3D('',#8537,#5598,#5599);
#5035=AXIS2_PLACEMENT_3D('',#8575,#5604,#5605);
#5036=AXIS2_PLACEMENT_3D('',#8579,#5608,#5609);
#5037=AXIS2_PLACEMENT_3D('',#8583,#5612,#5613);
#5038=AXIS2_PLACEMENT_3D('',#8587,#5616,#5617);
#5039=AXIS2_PLACEMENT_3D('',#8591,#5620,#5621);
#5040=AXIS2_PLACEMENT_3D('',#8595,#5624,#5625);
#5041=AXIS2_PLACEMENT_3D('',#8597,#5627,#5628);
#5042=AXIS2_PLACEMENT_3D('',#8598,#5629,#5630);
#5043=AXIS2_PLACEMENT_3D('',#8604,#5634,#5635);
#5044=AXIS2_PLACEMENT_3D('',#8608,#5638,#5639);
#5045=AXIS2_PLACEMENT_3D('',#8612,#5642,#5643);
#5046=AXIS2_PLACEMENT_3D('',#8616,#5646,#5647);
#5047=AXIS2_PLACEMENT_3D('',#8620,#5650,#5651);
#5048=AXIS2_PLACEMENT_3D('',#8624,#5654,#5655);
#5049=AXIS2_PLACEMENT_3D('',#8628,#5658,#5659);
#5050=AXIS2_PLACEMENT_3D('',#8630,#5661,#5662);
#5051=AXIS2_PLACEMENT_3D('',#8634,#5665,#5666);
#5052=AXIS2_PLACEMENT_3D('',#8638,#5669,#5670);
#5053=AXIS2_PLACEMENT_3D('',#8640,#5672,#5673);
#5054=AXIS2_PLACEMENT_3D('',#8641,#5674,#5675);
#5055=AXIS2_PLACEMENT_3D('',#8647,#5679,#5680);
#5056=AXIS2_PLACEMENT_3D('',#8651,#5683,#5684);
#5057=AXIS2_PLACEMENT_3D('',#8655,#5687,#5688);
#5058=AXIS2_PLACEMENT_3D('',#8659,#5691,#5692);
#5059=AXIS2_PLACEMENT_3D('',#8663,#5695,#5696);
#5060=AXIS2_PLACEMENT_3D('',#8667,#5699,#5700);
#5061=AXIS2_PLACEMENT_3D('',#8671,#5703,#5704);
#5062=AXIS2_PLACEMENT_3D('',#8675,#5707,#5708);
#5063=AXIS2_PLACEMENT_3D('',#8679,#5711,#5712);
#5064=AXIS2_PLACEMENT_3D('',#8683,#5715,#5716);
#5065=AXIS2_PLACEMENT_3D('',#8687,#5719,#5720);
#5066=AXIS2_PLACEMENT_3D('',#8691,#5723,#5724);
#5067=AXIS2_PLACEMENT_3D('',#8693,#5726,#5727);
#5068=AXIS2_PLACEMENT_3D('',#9105,#5749,#5750);
#5069=AXIS2_PLACEMENT_3D('',#9517,#5772,#5773);
#5070=AXIS2_PLACEMENT_3D('',#9518,#5774,#5775);
#5071=AXIS2_PLACEMENT_3D('',#9527,#5780,#5781);
#5072=AXIS2_PLACEMENT_3D('',#9533,#5785,#5786);
#5073=AXIS2_PLACEMENT_3D('',#9536,#5789,#5790);
#5074=AXIS2_PLACEMENT_3D('',#9542,#5794,#5795);
#5075=AXIS2_PLACEMENT_3D('',#9546,#5798,#5799);
#5076=AXIS2_PLACEMENT_3D('',#9550,#5802,#5803);
#5077=AXIS2_PLACEMENT_3D('',#9554,#5806,#5807);
#5078=AXIS2_PLACEMENT_3D('',#9558,#5810,#5811);
#5079=AXIS2_PLACEMENT_3D('',#9562,#5814,#5815);
#5080=AXIS2_PLACEMENT_3D('',#9566,#5818,#5819);
#5081=AXIS2_PLACEMENT_3D('',#9568,#5821,#5822);
#5082=AXIS2_PLACEMENT_3D('',#9569,#5823,#5824);
#5083=AXIS2_PLACEMENT_3D('',#9570,#5825,#5826);
#5084=AXIS2_PLACEMENT_3D('',#9571,#5827,#5828);
#5085=AXIS2_PLACEMENT_3D('',#9572,#5829,#5830);
#5086=AXIS2_PLACEMENT_3D('',#9573,#5831,#5832);
#5087=AXIS2_PLACEMENT_3D('',#9574,#5833,#5834);
#5088=AXIS2_PLACEMENT_3D('',#9575,#5835,#5836);
#5089=DIRECTION('axis',(0.,0.,1.));
#5090=DIRECTION('refdir',(1.,0.,0.));
#5091=DIRECTION('center_axis',(-5.9211894646675E-16,0.,1.));
#5092=DIRECTION('ref_axis',(-0.707106781186546,0.707106781186549,0.));
#5093=DIRECTION('center_axis',(-5.5511151231258E-16,0.,1.));
#5094=DIRECTION('ref_axis',(0.,1.,0.));
#5095=DIRECTION('',(-5.9211894646675E-16,0.,1.));
#5096=DIRECTION('center_axis',(5.5511151231258E-16,0.,-1.));
#5097=DIRECTION('ref_axis',(-1.,0.,-5.5511151231258E-16));
#5098=DIRECTION('',(5.9211894646675E-16,0.,-1.));
#5099=DIRECTION('center_axis',(0.,-1.,0.));
#5100=DIRECTION('ref_axis',(0.,0.,-1.));
#5101=DIRECTION('center_axis',(-1.,0.,0.));
#5102=DIRECTION('ref_axis',(0.,1.,0.));
#5103=DIRECTION('center_axis',(0.,1.,0.));
#5104=DIRECTION('ref_axis',(-0.707106781186548,0.,-0.707106781186548));
#5105=DIRECTION('center_axis',(0.,-1.,0.));
#5106=DIRECTION('ref_axis',(-0.707106781186548,0.,-0.707106781186548));
#5107=DIRECTION('center_axis',(-1.,0.,0.));
#5108=DIRECTION('ref_axis',(0.,0.707106781186547,-0.707106781186548));
#5109=DIRECTION('center_axis',(-1.,0.,0.));
#5110=DIRECTION('ref_axis',(0.,1.,0.));
#5111=DIRECTION('',(-1.,0.,0.));
#5112=DIRECTION('',(1.,0.,0.));
#5113=DIRECTION('center_axis',(0.,-1.,0.));
#5114=DIRECTION('ref_axis',(0.,0.,-1.));
#5115=DIRECTION('center_axis',(0.,0.,-1.));
#5116=DIRECTION('ref_axis',(0.,1.,0.));
#5117=DIRECTION('center_axis',(0.,1.,0.));
#5118=DIRECTION('ref_axis',(0.707106781186547,0.,-0.707106781186547));
#5119=DIRECTION('center_axis',(0.,-1.,0.));
#5120=DIRECTION('ref_axis',(0.707106781186548,0.,-0.707106781186548));
#5121=DIRECTION('center_axis',(0.,0.,-1.));
#5122=DIRECTION('ref_axis',(0.707106781186549,0.707106781186546,0.));
#5123=DIRECTION('center_axis',(0.,0.,-1.));
#5124=DIRECTION('ref_axis',(0.,1.,0.));
#5125=DIRECTION('',(0.,0.,-1.));
#5126=DIRECTION('',(0.,0.,1.));
#5127=DIRECTION('center_axis',(0.,-1.,0.));
#5128=DIRECTION('ref_axis',(0.,0.,-1.));
#5129=DIRECTION('center_axis',(1.,0.,0.));
#5130=DIRECTION('ref_axis',(0.,1.,0.));
#5131=DIRECTION('center_axis',(0.,1.,0.));
#5132=DIRECTION('ref_axis',(0.707106781186547,0.,0.707106781186547));
#5133=DIRECTION('center_axis',(0.,-1.,0.));
#5134=DIRECTION('ref_axis',(0.707106781186548,0.,0.707106781186548));
#5135=DIRECTION('center_axis',(1.,0.,0.));
#5136=DIRECTION('ref_axis',(0.,0.707106781186547,0.707106781186548));
#5137=DIRECTION('center_axis',(1.,0.,0.));
#5138=DIRECTION('ref_axis',(0.,1.,0.));
#5139=DIRECTION('',(1.,0.,0.));
#5140=DIRECTION('',(-1.,0.,0.));
#5141=DIRECTION('center_axis',(0.,-1.,0.));
#5142=DIRECTION('ref_axis',(0.,0.,-1.));
#5143=DIRECTION('center_axis',(0.,-1.,0.));
#5144=DIRECTION('ref_axis',(-0.427828959744465,0.,0.903859713232075));
#5145=DIRECTION('center_axis',(0.,1.,0.));
#5146=DIRECTION('ref_axis',(-0.427828959744465,0.,0.903859713232075));
#5147=DIRECTION('center_axis',(0.,-1.,0.));
#5148=DIRECTION('ref_axis',(-0.427828959744465,0.,0.903859713232075));
#5149=DIRECTION('center_axis',(5.9211894646675E-16,0.,-1.));
#5150=DIRECTION('ref_axis',(-0.707106781186546,0.707106781186549,0.));
#5151=DIRECTION('center_axis',(-0.978902573324059,0.,-0.204327560401273));
#5152=DIRECTION('ref_axis',(-0.204327560401273,-1.41780726326862E-17,0.978902573324059));
#5153=DIRECTION('',(-5.9211894646675E-16,0.,1.));
#5154=DIRECTION('center_axis',(5.55111512312578E-16,0.,-1.));
#5155=DIRECTION('ref_axis',(-1.,0.,-5.55111512312578E-16));
#5156=DIRECTION('center_axis',(0.,-1.,0.));
#5157=DIRECTION('ref_axis',(0.,0.,-1.));
#5158=DIRECTION('center_axis',(0.,1.,0.));
#5159=DIRECTION('ref_axis',(-0.968127797499849,0.,0.250456718233092));
#5160=DIRECTION('center_axis',(-1.,0.,-5.9211894646675E-16));
#5161=DIRECTION('ref_axis',(-5.9211894646675E-16,0.,1.));
#5162=DIRECTION('',(0.,1.,0.));
#5163=DIRECTION('',(-5.9211894646675E-16,0.,1.));
#5164=DIRECTION('',(0.,-1.,0.));
#5165=DIRECTION('center_axis',(0.,1.,0.));
#5166=DIRECTION('ref_axis',(-0.707106781186547,0.,-0.707106781186548));
#5167=DIRECTION('',(0.,-1.,0.));
#5168=DIRECTION('center_axis',(0.,1.,0.));
#5169=DIRECTION('ref_axis',(-0.707106781186547,0.,-0.707106781186548));
#5170=DIRECTION('center_axis',(0.,0.,-1.));
#5171=DIRECTION('ref_axis',(-1.,0.,0.));
#5172=DIRECTION('',(0.,1.,0.));
#5173=DIRECTION('',(-1.,0.,0.));
#5174=DIRECTION('center_axis',(0.,1.,0.));
#5175=DIRECTION('ref_axis',(0.707106781186547,0.,-0.707106781186548));
#5176=DIRECTION('',(0.,-1.,0.));
#5177=DIRECTION('center_axis',(0.,1.,0.));
#5178=DIRECTION('ref_axis',(0.707106781186547,0.,-0.707106781186548));
#5179=DIRECTION('center_axis',(1.,0.,0.));
#5180=DIRECTION('ref_axis',(0.,0.,-1.));
#5181=DIRECTION('',(0.,1.,0.));
#5182=DIRECTION('',(0.,0.,-1.));
#5183=DIRECTION('center_axis',(0.,1.,0.));
#5184=DIRECTION('ref_axis',(0.707106781186547,0.,0.707106781186548));
#5185=DIRECTION('',(0.,-1.,0.));
#5186=DIRECTION('center_axis',(0.,1.,0.));
#5187=DIRECTION('ref_axis',(0.707106781186547,0.,0.707106781186548));
#5188=DIRECTION('center_axis',(0.,0.,1.));
#5189=DIRECTION('ref_axis',(1.,0.,0.));
#5190=DIRECTION('',(0.,1.,0.));
#5191=DIRECTION('',(1.,0.,0.));
#5192=DIRECTION('center_axis',(0.,1.,0.));
#5193=DIRECTION('ref_axis',(-0.707106781186547,0.,0.707106781186547));
#5194=DIRECTION('center_axis',(0.,1.,0.));
#5195=DIRECTION('ref_axis',(-0.707106781186547,0.,0.707106781186547));
#5196=DIRECTION('',(0.,-1.,0.));
#5197=DIRECTION('center_axis',(0.,-1.,0.));
#5198=DIRECTION('ref_axis',(-0.707106781186547,0.,0.707106781186547));
#5199=DIRECTION('',(0.,1.,0.));
#5200=DIRECTION('center_axis',(0.,0.,1.));
#5201=DIRECTION('ref_axis',(-1.,0.,0.));
#5202=DIRECTION('',(0.,-1.,0.));
#5203=DIRECTION('',(-1.,0.,0.));
#5204=DIRECTION('center_axis',(0.982387669903265,0.,0.186854130331749));
#5205=DIRECTION('ref_axis',(-0.186854130331749,0.,0.982387669903265));
#5206=DIRECTION('',(-0.186854130331749,0.,0.982387669903265));
#5207=DIRECTION('',(0.,-1.,0.));
#5208=DIRECTION('',(-0.186854130331749,0.,0.982387669903265));
#5209=DIRECTION('center_axis',(0.,1.,0.));
#5210=DIRECTION('ref_axis',(1.,0.,0.));
#5211=DIRECTION('',(-0.0432248868633894,0.,-0.999065367809158));
#5212=DIRECTION('center_axis',(0.,1.,0.));
#5213=DIRECTION('ref_axis',(1.,0.,0.));
#5214=DIRECTION('',(0.204327560401273,0.,-0.978902573324059));
#5215=DIRECTION('',(1.,0.,0.));
#5216=DIRECTION('',(0.0437748861387447,0.,0.999041420234186));
#5217=DIRECTION('',(0.437733555704719,0.,-0.899104740400196));
#5218=DIRECTION('',(1.,0.,0.));
#5219=DIRECTION('',(-0.204967315098208,0.,0.978768818333232));
#5220=DIRECTION('',(-1.,0.,0.));
#5221=DIRECTION('',(0.231223848077481,0.,-0.972900576667648));
#5222=DIRECTION('',(-0.429904663565718,0.,0.902874288173302));
#5223=DIRECTION('',(-1.,0.,0.));
#5224=DIRECTION('',(-1.,0.,0.));
#5225=DIRECTION('',(0.204967315098208,0.,-0.978768818333232));
#5226=DIRECTION('',(1.,0.,0.));
#5227=DIRECTION('',(-0.204911703974028,0.,0.978780462399235));
#5228=DIRECTION('',(-1.,0.,0.));
#5229=DIRECTION('',(0.204327487017872,0.,-0.978902588641465));
#5230=DIRECTION('',(1.,0.,0.));
#5231=DIRECTION('',(-0.2042680116989,0.,0.978915001109176));
#5232=DIRECTION('',(0.736342112410213,0.,-0.676609409845344));
#5233=DIRECTION('',(1.,0.,0.));
#5234=DIRECTION('',(-0.753001726079884,0.,0.658018541167887));
#5235=DIRECTION('',(0.476568996285609,0.,0.879137072235796));
#5236=DIRECTION('',(-1.,0.,0.));
#5237=DIRECTION('',(-0.46039134218993,0.,-0.887716064987311));
#5238=DIRECTION('',(-0.753067588380171,0.,0.657943164210461));
#5239=DIRECTION('',(0.205371274205973,0.,-0.978684136854693));
#5240=DIRECTION('',(1.,0.,0.));
#5241=DIRECTION('',(-0.204150338825517,0.,0.978939548265074));
#5242=DIRECTION('',(-0.204753232486155,0.,0.978813625664493));
#5243=DIRECTION('',(0.205271102280022,0.,-0.97870515200889));
#5244=DIRECTION('',(1.,0.,0.));
#5245=DIRECTION('',(-0.203856778522779,0.,0.97900072208876));
#5246=DIRECTION('',(-1.,0.,0.));
#5247=DIRECTION('',(0.204616815704629,0.,-0.978842152101603));
#5248=DIRECTION('',(1.,0.,0.));
#5249=DIRECTION('',(-0.198848168252876,0.,0.98003030870605));
#5250=DIRECTION('',(-0.203629166574453,0.,0.97904808999364));
#5251=DIRECTION('',(-1.,0.,0.));
#5252=DIRECTION('',(0.204538352823312,0.,-0.978858550672326));
#5253=DIRECTION('',(-0.204313024183197,0.,0.978905607374438));
#5254=DIRECTION('',(-1.,0.,0.));
#5255=DIRECTION('',(0.204941712095587,0.,-0.978774179595748));
#5256=DIRECTION('',(1.,0.,0.));
#5257=DIRECTION('',(-0.204941712095587,0.,0.978774179595748));
#5258=DIRECTION('',(-0.204327710662512,0.,0.97890254195983));
#5259=DIRECTION('',(-1.,0.,0.));
#5260=DIRECTION('',(0.204967203321712,0.,-0.978768841740723));
#5261=DIRECTION('',(1.,0.,0.));
#5262=DIRECTION('',(-0.996346670207347,0.,-0.085400894414123));
#5263=DIRECTION('',(-1.,0.,0.));
#5264=DIRECTION('',(-0.588588317268607,0.,0.808432924103731));
#5265=DIRECTION('',(-0.205465394574889,0.,0.978664381507872));
#5266=DIRECTION('',(-1.,0.,0.));
#5267=DIRECTION('',(0.204023148040011,0.,-0.978966064306544));
#5268=DIRECTION('',(-0.411423099874995,0.,-0.911444476032002));
#5269=DIRECTION('',(1.,0.,0.));
#5270=DIRECTION('',(0.402442395625421,0.,0.915445311421317));
#5271=DIRECTION('',(0.582426501596074,0.,-0.81288336816456));
#5272=DIRECTION('',(0.571792563230928,0.,-0.820398235391694));
#5273=DIRECTION('',(1.,0.,0.));
#5274=DIRECTION('',(0.231223797630861,0.,-0.972900588657013));
#5275=DIRECTION('',(-0.429904371416833,0.,0.902874427280282));
#5276=DIRECTION('',(-1.,0.,0.));
#5277=DIRECTION('',(-0.0432249193514416,0.,-0.999065366403551));
#5278=DIRECTION('',(-0.186854303445676,0.,0.982387636976276));
#5279=DIRECTION('',(-1.,0.,0.));
#5280=DIRECTION('',(0.204327487017872,0.,-0.978902588641465));
#5281=DIRECTION('',(1.,0.,0.));
#5282=DIRECTION('',(0.0437744693798441,0.,0.999041438495177));
#5283=DIRECTION('',(0.437733925123104,0.,-0.899104560546948));
#5284=DIRECTION('',(1.,0.,0.));
#5285=DIRECTION('',(-0.204967426874696,0.,0.97876879492573));
#5286=DIRECTION('',(-1.,0.,0.));
#5287=DIRECTION('',(-1.,0.,0.));
#5288=DIRECTION('',(-0.149534096841112,0.,-0.988756569577119));
#5289=DIRECTION('',(-1.,0.,0.));
#5290=DIRECTION('',(-0.477331443846192,0.,0.878723331154755));
#5291=DIRECTION('',(-1.,0.,0.));
#5292=DIRECTION('',(0.492233318324626,0.,-0.870463302116251));
#5293=DIRECTION('',(1.,0.,0.));
#5294=DIRECTION('',(0.16024843230653,0.,0.987076714315204));
#5295=DIRECTION('center_axis',(0.,-1.,0.));
#5296=DIRECTION('ref_axis',(1.,0.,0.));
#5297=DIRECTION('center_axis',(0.,1.,0.));
#5298=DIRECTION('ref_axis',(1.,0.,0.));
#5299=DIRECTION('center_axis',(0.,-1.,0.));
#5300=DIRECTION('ref_axis',(1.,0.,0.));
#5301=DIRECTION('center_axis',(0.,0.,1.));
#5302=DIRECTION('ref_axis',(-1.,0.,0.));
#5303=DIRECTION('',(-1.,0.,0.));
#5304=DIRECTION('',(0.,-1.,0.));
#5305=DIRECTION('',(-1.,0.,0.));
#5306=DIRECTION('',(0.,-1.,0.));
#5307=DIRECTION('',(0.,-1.,0.));
#5308=DIRECTION('',(0.,-1.,0.));
#5309=DIRECTION('',(0.,-1.,0.));
#5310=DIRECTION('',(0.,-1.,0.));
#5311=DIRECTION('',(0.,-1.,0.));
#5312=DIRECTION('',(0.,-1.,0.));
#5313=DIRECTION('',(0.,-1.,0.));
#5314=DIRECTION('center_axis',(0.,0.,-1.));
#5315=DIRECTION('ref_axis',(1.,0.,0.));
#5316=DIRECTION('',(1.,0.,0.));
#5317=DIRECTION('',(0.,-1.,0.));
#5318=DIRECTION('',(1.,0.,0.));
#5319=DIRECTION('center_axis',(0.978947433877706,0.,0.204112522164257));
#5320=DIRECTION('ref_axis',(-0.204112522164257,0.,0.978947433877706));
#5321=DIRECTION('',(-0.204112522164257,0.,0.978947433877706));
#5322=DIRECTION('',(-0.204112522164257,0.,0.978947433877706));
#5323=DIRECTION('',(0.,-1.,0.));
#5324=DIRECTION('',(0.,-1.,0.));
#5325=DIRECTION('',(0.,-1.,0.));
#5326=DIRECTION('',(0.,-1.,0.));
#5327=DIRECTION('',(0.,-1.,0.));
#5328=DIRECTION('',(0.,-1.,0.));
#5329=DIRECTION('',(0.,-1.,0.));
#5330=DIRECTION('',(0.,-1.,0.));
#5331=DIRECTION('',(0.,-1.,0.));
#5332=DIRECTION('',(0.,-1.,0.));
#5333=DIRECTION('',(0.,-1.,0.));
#5334=DIRECTION('center_axis',(0.,0.,-1.));
#5335=DIRECTION('ref_axis',(1.,0.,0.));
#5336=DIRECTION('',(0.,-1.,0.));
#5337=DIRECTION('',(1.,0.,0.));
#5338=DIRECTION('center_axis',(-0.978768818333232,0.,-0.204967315098208));
#5339=DIRECTION('ref_axis',(0.204967315098208,0.,-0.978768818333232));
#5340=DIRECTION('',(0.,-1.,0.));
#5341=DIRECTION('',(0.204967315098208,0.,-0.978768818333232));
#5342=DIRECTION('center_axis',(0.,0.,1.));
#5343=DIRECTION('ref_axis',(-1.,0.,0.));
#5344=DIRECTION('',(-1.,0.,0.));
#5345=DIRECTION('center_axis',(0.,1.,0.));
#5346=DIRECTION('ref_axis',(-1.,0.,0.));
#5347=DIRECTION('center_axis',(0.978780462399235,0.,0.204911703974028));
#5348=DIRECTION('ref_axis',(-0.204911703974028,0.,0.978780462399235));
#5349=DIRECTION('',(0.,-1.,0.));
#5350=DIRECTION('',(-0.204911703974028,0.,0.978780462399235));
#5351=DIRECTION('',(0.,-1.,0.));
#5352=DIRECTION('center_axis',(0.657943164210461,0.,0.753067588380171));
#5353=DIRECTION('ref_axis',(-0.753067588380171,0.,0.657943164210461));
#5354=DIRECTION('',(0.,-1.,0.));
#5355=DIRECTION('',(-0.753067588380171,0.,0.657943164210461));
#5356=DIRECTION('center_axis',(-0.887716064987311,0.,0.46039134218993));
#5357=DIRECTION('ref_axis',(-0.46039134218993,0.,-0.887716064987311));
#5358=DIRECTION('',(0.,-1.,0.));
#5359=DIRECTION('',(-0.46039134218993,0.,-0.887716064987311));
#5360=DIRECTION('center_axis',(0.,0.,1.));
#5361=DIRECTION('ref_axis',(-1.,0.,0.));
#5362=DIRECTION('',(0.,-1.,0.));
#5363=DIRECTION('',(-1.,0.,0.));
#5364=DIRECTION('center_axis',(0.879137072235796,0.,-0.476568996285609));
#5365=DIRECTION('ref_axis',(0.476568996285609,0.,0.879137072235796));
#5366=DIRECTION('',(0.,-1.,0.));
#5367=DIRECTION('',(0.476568996285609,0.,0.879137072235796));
#5368=DIRECTION('center_axis',(0.658018541167887,0.,0.753001726079885));
#5369=DIRECTION('ref_axis',(-0.753001726079884,0.,0.658018541167887));
#5370=DIRECTION('',(0.,-1.,0.));
#5371=DIRECTION('',(-0.753001726079885,0.,0.658018541167887));
#5372=DIRECTION('center_axis',(0.,0.,-1.));
#5373=DIRECTION('ref_axis',(1.,0.,0.));
#5374=DIRECTION('',(0.,-1.,0.));
#5375=DIRECTION('',(1.,0.,0.));
#5376=DIRECTION('center_axis',(-0.676609409845344,0.,-0.736342112410213));
#5377=DIRECTION('ref_axis',(0.736342112410213,0.,-0.676609409845344));
#5378=DIRECTION('',(0.,-1.,0.));
#5379=DIRECTION('',(0.736342112410213,0.,-0.676609409845344));
#5380=DIRECTION('center_axis',(0.978915001109176,0.,0.2042680116989));
#5381=DIRECTION('ref_axis',(-0.2042680116989,0.,0.978915001109176));
#5382=DIRECTION('',(0.,-1.,0.));
#5383=DIRECTION('',(-0.2042680116989,0.,0.978915001109176));
#5384=DIRECTION('center_axis',(0.,0.,-1.));
#5385=DIRECTION('ref_axis',(1.,0.,0.));
#5386=DIRECTION('',(0.,-1.,0.));
#5387=DIRECTION('',(1.,0.,0.));
#5388=DIRECTION('center_axis',(-0.978902588641465,0.,-0.204327487017872));
#5389=DIRECTION('ref_axis',(0.204327487017872,0.,-0.978902588641465));
#5390=DIRECTION('',(0.,-1.,0.));
#5391=DIRECTION('',(0.204327487017872,0.,-0.978902588641465));
#5392=DIRECTION('center_axis',(0.,0.,1.));
#5393=DIRECTION('ref_axis',(-1.,0.,0.));
#5394=DIRECTION('',(-1.,0.,0.));
#5395=DIRECTION('center_axis',(0.,-1.,0.));
#5396=DIRECTION('ref_axis',(0.,0.,-1.));
#5397=DIRECTION('',(0.,-1.,0.));
#5398=DIRECTION('',(0.,-1.,0.));
#5399=DIRECTION('',(0.,-1.,0.));
#5400=DIRECTION('',(0.,-1.,0.));
#5401=DIRECTION('',(0.,-1.,0.));
#5402=DIRECTION('',(0.,-1.,0.));
#5403=DIRECTION('',(0.,-1.,0.));
#5404=DIRECTION('',(0.,-1.,0.));
#5405=DIRECTION('center_axis',(0.979000722088761,0.,0.203856778522779));
#5406=DIRECTION('ref_axis',(-0.203856778522779,0.,0.97900072208876));
#5407=DIRECTION('',(0.,-1.,0.));
#5408=DIRECTION('',(-0.203856778522779,0.,0.97900072208876));
#5409=DIRECTION('center_axis',(0.,0.,-1.));
#5410=DIRECTION('ref_axis',(1.,0.,0.));
#5411=DIRECTION('',(0.,-1.,0.));
#5412=DIRECTION('',(1.,0.,0.));
#5413=DIRECTION('center_axis',(-0.97870515200889,0.,-0.205271102280022));
#5414=DIRECTION('ref_axis',(0.205271102280022,0.,-0.97870515200889));
#5415=DIRECTION('',(0.,-1.,0.));
#5416=DIRECTION('',(0.205271102280022,0.,-0.97870515200889));
#5417=DIRECTION('',(0.,-1.,0.));
#5418=DIRECTION('',(0.,-1.,0.));
#5419=DIRECTION('',(0.,-1.,0.));
#5420=DIRECTION('',(0.,-1.,0.));
#5421=DIRECTION('',(0.,-1.,0.));
#5422=DIRECTION('',(0.,-1.,0.));
#5423=DIRECTION('center_axis',(0.978813625664493,0.,0.204753232486155));
#5424=DIRECTION('ref_axis',(-0.204753232486155,0.,0.978813625664493));
#5425=DIRECTION('',(0.,-1.,0.));
#5426=DIRECTION('',(-0.204753232486155,0.,0.978813625664493));
#5427=DIRECTION('center_axis',(0.978939548265074,0.,0.204150338825517));
#5428=DIRECTION('ref_axis',(-0.204150338825517,0.,0.978939548265074));
#5429=DIRECTION('',(0.,-1.,0.));
#5430=DIRECTION('',(-0.204150338825517,0.,0.978939548265074));
#5431=DIRECTION('center_axis',(0.,0.,-1.));
#5432=DIRECTION('ref_axis',(1.,0.,0.));
#5433=DIRECTION('',(0.,-1.,0.));
#5434=DIRECTION('',(1.,0.,0.));
#5435=DIRECTION('center_axis',(-0.978684136854693,0.,-0.205371274205973));
#5436=DIRECTION('ref_axis',(0.205371274205973,0.,-0.978684136854693));
#5437=DIRECTION('',(0.205371274205973,0.,-0.978684136854693));
#5438=DIRECTION('center_axis',(0.,1.,0.));
#5439=DIRECTION('ref_axis',(-1.,0.,0.));
#5440=DIRECTION('center_axis',(0.,0.,1.));
#5441=DIRECTION('ref_axis',(-1.,0.,0.));
#5442=DIRECTION('',(0.,-1.,0.));
#5443=DIRECTION('',(-1.,0.,0.));
#5444=DIRECTION('',(0.,-1.,0.));
#5445=DIRECTION('center_axis',(0.978905607374438,0.,0.204313024183197));
#5446=DIRECTION('ref_axis',(-0.204313024183197,0.,0.978905607374438));
#5447=DIRECTION('',(0.,-1.,0.));
#5448=DIRECTION('',(-0.204313024183197,0.,0.978905607374438));
#5449=DIRECTION('',(0.,-1.,0.));
#5450=DIRECTION('',(0.,-1.,0.));
#5451=DIRECTION('',(0.,-1.,0.));
#5452=DIRECTION('',(0.,-1.,0.));
#5453=DIRECTION('',(0.,-1.,0.));
#5454=DIRECTION('',(0.,-1.,0.));
#5455=DIRECTION('center_axis',(-0.978858550672326,0.,-0.204538352823312));
#5456=DIRECTION('ref_axis',(0.204538352823312,0.,-0.978858550672326));
#5457=DIRECTION('',(0.,-1.,0.));
#5458=DIRECTION('',(0.204538352823312,0.,-0.978858550672326));
#5459=DIRECTION('center_axis',(0.,0.,1.));
#5460=DIRECTION('ref_axis',(-1.,0.,0.));
#5461=DIRECTION('',(0.,-1.,0.));
#5462=DIRECTION('',(-1.,0.,0.));
#5463=DIRECTION('center_axis',(0.97904808999364,0.,0.203629166574453));
#5464=DIRECTION('ref_axis',(-0.203629166574453,0.,0.97904808999364));
#5465=DIRECTION('',(0.,-1.,0.));
#5466=DIRECTION('',(-0.203629166574453,0.,0.97904808999364));
#5467=DIRECTION('',(0.,-1.,0.));
#5468=DIRECTION('',(0.,-1.,0.));
#5469=DIRECTION('',(0.,-1.,0.));
#5470=DIRECTION('',(0.,-1.,0.));
#5471=DIRECTION('',(0.,-1.,0.));
#5472=DIRECTION('center_axis',(0.98003030870605,0.,0.198848168252876));
#5473=DIRECTION('ref_axis',(-0.198848168252876,0.,0.98003030870605));
#5474=DIRECTION('',(0.,-1.,0.));
#5475=DIRECTION('',(-0.198848168252876,0.,0.98003030870605));
#5476=DIRECTION('center_axis',(0.,0.,-1.));
#5477=DIRECTION('ref_axis',(1.,0.,0.));
#5478=DIRECTION('',(0.,-1.,0.));
#5479=DIRECTION('',(1.,0.,0.));
#5480=DIRECTION('center_axis',(-0.978842152101603,0.,-0.204616815704629));
#5481=DIRECTION('ref_axis',(0.204616815704629,0.,-0.978842152101603));
#5482=DIRECTION('',(0.204616815704629,0.,-0.978842152101603));
#5483=DIRECTION('center_axis',(0.,1.,0.));
#5484=DIRECTION('ref_axis',(-1.,0.,0.));
#5485=DIRECTION('center_axis',(0.,0.,1.));
#5486=DIRECTION('ref_axis',(-1.,0.,0.));
#5487=DIRECTION('',(0.,-1.,0.));
#5488=DIRECTION('',(-1.,0.,0.));
#5489=DIRECTION('',(0.,-1.,0.));
#5490=DIRECTION('center_axis',(0.978774179595748,0.,0.204941712095587));
#5491=DIRECTION('ref_axis',(-0.204941712095587,0.,0.978774179595748));
#5492=DIRECTION('',(0.,-1.,0.));
#5493=DIRECTION('',(-0.204941712095587,0.,0.978774179595748));
#5494=DIRECTION('center_axis',(0.,0.,-1.));
#5495=DIRECTION('ref_axis',(1.,0.,0.));
#5496=DIRECTION('',(0.,-1.,0.));
#5497=DIRECTION('',(1.,0.,0.));
#5498=DIRECTION('center_axis',(-0.978774179595748,0.,-0.204941712095587));
#5499=DIRECTION('ref_axis',(0.204941712095587,0.,-0.978774179595748));
#5500=DIRECTION('',(0.204941712095587,0.,-0.978774179595748));
#5501=DIRECTION('center_axis',(0.,-1.,0.));
#5502=DIRECTION('ref_axis',(0.,0.,-1.));
#5503=DIRECTION('center_axis',(0.97890254195983,0.,0.204327710662512));
#5504=DIRECTION('ref_axis',(-0.204327710662512,0.,0.97890254195983));
#5505=DIRECTION('',(0.,-1.,0.));
#5506=DIRECTION('',(-0.204327710662512,0.,0.97890254195983));
#5507=DIRECTION('',(0.,-1.,0.));
#5508=DIRECTION('center_axis',(0.,0.,-1.));
#5509=DIRECTION('ref_axis',(1.,0.,0.));
#5510=DIRECTION('',(0.,-1.,0.));
#5511=DIRECTION('',(1.,0.,0.));
#5512=DIRECTION('center_axis',(-0.978768841740723,0.,-0.204967203321712));
#5513=DIRECTION('ref_axis',(0.204967203321712,0.,-0.978768841740723));
#5514=DIRECTION('',(0.,-1.,0.));
#5515=DIRECTION('',(0.204967203321712,0.,-0.978768841740723));
#5516=DIRECTION('center_axis',(0.,0.,1.));
#5517=DIRECTION('ref_axis',(-1.,0.,0.));
#5518=DIRECTION('',(-1.,0.,0.));
#5519=DIRECTION('center_axis',(0.,-1.,0.));
#5520=DIRECTION('ref_axis',(0.,0.,-1.));
#5521=DIRECTION('',(0.,-1.,0.));
#5522=DIRECTION('',(0.,-1.,0.));
#5523=DIRECTION('',(0.,-1.,0.));
#5524=DIRECTION('',(0.,-1.,0.));
#5525=DIRECTION('',(0.,-1.,0.));
#5526=DIRECTION('',(0.,-1.,0.));
#5527=DIRECTION('',(0.,-1.,0.));
#5528=DIRECTION('',(0.,-1.,0.));
#5529=DIRECTION('',(0.,-1.,0.));
#5530=DIRECTION('center_axis',(-0.978550548960829,0.,-0.206006852139583));
#5531=DIRECTION('ref_axis',(0.206006852139583,0.,-0.978550548960829));
#5532=DIRECTION('',(0.206006852139583,0.,-0.978550548960829));
#5533=DIRECTION('',(0.206006852139583,0.,-0.978550548960829));
#5534=DIRECTION('',(0.,-1.,0.));
#5535=DIRECTION('',(0.,-1.,0.));
#5536=DIRECTION('',(0.,-1.,0.));
#5537=DIRECTION('',(0.,-1.,0.));
#5538=DIRECTION('',(0.,-1.,0.));
#5539=DIRECTION('',(0.,-1.,0.));
#5540=DIRECTION('',(0.,-1.,0.));
#5541=DIRECTION('',(0.,-1.,0.));
#5542=DIRECTION('',(0.,-1.,0.));
#5543=DIRECTION('',(0.,-1.,0.));
#5544=DIRECTION('',(0.,-1.,0.));
#5545=DIRECTION('',(0.,-1.,0.));
#5546=DIRECTION('',(0.,-1.,0.));
#5547=DIRECTION('center_axis',(0.,0.,1.));
#5548=DIRECTION('ref_axis',(-1.,0.,0.));
#5549=DIRECTION('',(0.,-1.,0.));
#5550=DIRECTION('',(-1.,0.,0.));
#5551=DIRECTION('',(0.,-1.,0.));
#5552=DIRECTION('',(0.,-1.,0.));
#5553=DIRECTION('',(0.,-1.,0.));
#5554=DIRECTION('',(0.,-1.,0.));
#5555=DIRECTION('',(0.,-1.,0.));
#5556=DIRECTION('',(0.,-1.,0.));
#5557=DIRECTION('',(0.,-1.,0.));
#5558=DIRECTION('',(0.,-1.,0.));
#5559=DIRECTION('center_axis',(-0.085400894414123,0.,0.996346670207347));
#5560=DIRECTION('ref_axis',(-0.996346670207347,0.,-0.085400894414123));
#5561=DIRECTION('',(0.,-1.,0.));
#5562=DIRECTION('',(-0.996346670207347,0.,-0.085400894414123));
#5563=DIRECTION('center_axis',(0.,1.,0.));
#5564=DIRECTION('ref_axis',(-1.,0.,0.));
#5565=DIRECTION('',(0.,-1.,0.));
#5566=DIRECTION('',(0.,-1.,0.));
#5567=DIRECTION('',(0.,-1.,0.));
#5568=DIRECTION('',(0.,-1.,0.));
#5569=DIRECTION('',(0.,-1.,0.));
#5570=DIRECTION('',(0.,-1.,0.));
#5571=DIRECTION('',(0.,-1.,0.));
#5572=DIRECTION('',(0.,-1.,0.));
#5573=DIRECTION('',(0.,-1.,0.));
#5574=DIRECTION('',(0.,-1.,0.));
#5575=DIRECTION('',(0.,-1.,0.));
#5576=DIRECTION('',(0.,-1.,0.));
#5577=DIRECTION('',(0.,-1.,0.));
#5578=DIRECTION('',(0.,-1.,0.));
#5579=DIRECTION('',(0.,-1.,0.));
#5580=DIRECTION('',(0.,-1.,0.));
#5581=DIRECTION('',(0.,-1.,0.));
#5582=DIRECTION('',(0.,-1.,0.));
#5583=DIRECTION('center_axis',(0.,1.,0.));
#5584=DIRECTION('ref_axis',(-1.,0.,0.));
#5585=DIRECTION('center_axis',(0.808432924103731,0.,0.588588317268607));
#5586=DIRECTION('ref_axis',(-0.588588317268607,0.,0.808432924103731));
#5587=DIRECTION('',(0.,-1.,0.));
#5588=DIRECTION('',(-0.588588317268607,0.,0.808432924103731));
#5589=DIRECTION('',(0.,-1.,0.));
#5590=DIRECTION('center_axis',(0.,0.,-1.));
#5591=DIRECTION('ref_axis',(1.,0.,0.));
#5592=DIRECTION('',(0.,-1.,0.));
#5593=DIRECTION('',(1.,0.,0.));
#5594=DIRECTION('center_axis',(-0.820398235391694,0.,-0.571792563230928));
#5595=DIRECTION('ref_axis',(0.571792563230928,0.,-0.820398235391694));
#5596=DIRECTION('',(0.,-1.,0.));
#5597=DIRECTION('',(0.571792563230928,0.,-0.820398235391694));
#5598=DIRECTION('center_axis',(-0.81288336816456,0.,-0.582426501596074));
#5599=DIRECTION('ref_axis',(0.582426501596074,0.,-0.81288336816456));
#5600=DIRECTION('',(0.,-1.,0.));
#5601=DIRECTION('',(0.582426501596074,0.,-0.81288336816456));
#5602=DIRECTION('',(0.,-1.,0.));
#5603=DIRECTION('',(0.,-1.,0.));
#5604=DIRECTION('center_axis',(0.915445311421317,0.,-0.402442395625421));
#5605=DIRECTION('ref_axis',(0.402442395625421,0.,0.915445311421317));
#5606=DIRECTION('',(0.,-1.,0.));
#5607=DIRECTION('',(0.402442395625421,0.,0.915445311421317));
#5608=DIRECTION('center_axis',(0.,0.,-1.));
#5609=DIRECTION('ref_axis',(1.,0.,0.));
#5610=DIRECTION('',(0.,-1.,0.));
#5611=DIRECTION('',(1.,0.,0.));
#5612=DIRECTION('center_axis',(-0.911444476032002,0.,0.411423099874995));
#5613=DIRECTION('ref_axis',(-0.411423099874995,0.,-0.911444476032002));
#5614=DIRECTION('',(0.,-1.,0.));
#5615=DIRECTION('',(-0.411423099874995,0.,-0.911444476032002));
#5616=DIRECTION('center_axis',(-0.978966064306544,0.,-0.204023148040011));
#5617=DIRECTION('ref_axis',(0.204023148040011,0.,-0.978966064306544));
#5618=DIRECTION('',(0.,-1.,0.));
#5619=DIRECTION('',(0.204023148040011,0.,-0.978966064306544));
#5620=DIRECTION('center_axis',(0.,0.,1.));
#5621=DIRECTION('ref_axis',(-1.,0.,0.));
#5622=DIRECTION('',(0.,-1.,0.));
#5623=DIRECTION('',(-1.,0.,0.));
#5624=DIRECTION('center_axis',(0.978664381507872,0.,0.205465394574889));
#5625=DIRECTION('ref_axis',(-0.205465394574889,0.,0.978664381507872));
#5626=DIRECTION('',(-0.205465394574889,0.,0.978664381507872));
#5627=DIRECTION('center_axis',(0.,1.,0.));
#5628=DIRECTION('ref_axis',(-1.,0.,0.));
#5629=DIRECTION('center_axis',(-0.972900576667648,0.,-0.231223848077481));
#5630=DIRECTION('ref_axis',(0.231223848077481,0.,-0.972900576667648));
#5631=DIRECTION('',(0.,-1.,0.));
#5632=DIRECTION('',(0.231223848077481,0.,-0.972900576667648));
#5633=DIRECTION('',(0.,-1.,0.));
#5634=DIRECTION('center_axis',(0.,0.,1.));
#5635=DIRECTION('ref_axis',(-1.,0.,0.));
#5636=DIRECTION('',(0.,-1.,0.));
#5637=DIRECTION('',(-1.,0.,0.));
#5638=DIRECTION('center_axis',(0.978768818333232,0.,0.204967315098208));
#5639=DIRECTION('ref_axis',(-0.204967315098208,0.,0.978768818333232));
#5640=DIRECTION('',(0.,-1.,0.));
#5641=DIRECTION('',(-0.204967315098208,0.,0.978768818333232));
#5642=DIRECTION('center_axis',(0.,0.,-1.));
#5643=DIRECTION('ref_axis',(1.,0.,0.));
#5644=DIRECTION('',(0.,-1.,0.));
#5645=DIRECTION('',(1.,0.,0.));
#5646=DIRECTION('center_axis',(-0.899104740400196,0.,-0.437733555704719));
#5647=DIRECTION('ref_axis',(0.437733555704719,0.,-0.899104740400196));
#5648=DIRECTION('',(0.,-1.,0.));
#5649=DIRECTION('',(0.437733555704719,0.,-0.899104740400196));
#5650=DIRECTION('center_axis',(0.999041420234186,0.,-0.0437748861387447));
#5651=DIRECTION('ref_axis',(0.0437748861387447,0.,0.999041420234186));
#5652=DIRECTION('',(0.,-1.,0.));
#5653=DIRECTION('',(0.0437748861387447,0.,0.999041420234186));
#5654=DIRECTION('center_axis',(0.,0.,-1.));
#5655=DIRECTION('ref_axis',(1.,0.,0.));
#5656=DIRECTION('',(0.,-1.,0.));
#5657=DIRECTION('',(1.,0.,0.));
#5658=DIRECTION('center_axis',(-0.978902573324059,0.,-0.204327560401273));
#5659=DIRECTION('ref_axis',(0.204327560401273,0.,-0.978902573324059));
#5660=DIRECTION('',(0.204327560401273,0.,-0.978902573324059));
#5661=DIRECTION('center_axis',(-0.999065367809158,0.,0.0432248868633894));
#5662=DIRECTION('ref_axis',(-0.0432248868633894,0.,-0.999065367809158));
#5663=DIRECTION('',(0.,-1.,0.));
#5664=DIRECTION('',(-0.0432248868633894,0.,-0.999065367809158));
#5665=DIRECTION('center_axis',(0.,0.,1.));
#5666=DIRECTION('ref_axis',(-1.,0.,0.));
#5667=DIRECTION('',(0.,-1.,0.));
#5668=DIRECTION('',(-1.,0.,0.));
#5669=DIRECTION('center_axis',(0.902874288173302,0.,0.429904663565718));
#5670=DIRECTION('ref_axis',(-0.429904663565718,0.,0.902874288173302));
#5671=DIRECTION('',(-0.429904663565718,0.,0.902874288173302));
#5672=DIRECTION('center_axis',(0.,-1.,0.));
#5673=DIRECTION('ref_axis',(0.,0.,-1.));
#5674=DIRECTION('center_axis',(-0.972900588657013,0.,-0.231223797630861));
#5675=DIRECTION('ref_axis',(0.231223797630861,0.,-0.972900588657013));
#5676=DIRECTION('',(0.,-1.,0.));
#5677=DIRECTION('',(0.231223797630861,0.,-0.972900588657013));
#5678=DIRECTION('',(0.,-1.,0.));
#5679=DIRECTION('center_axis',(0.,0.,1.));
#5680=DIRECTION('ref_axis',(-1.,0.,0.));
#5681=DIRECTION('',(0.,-1.,0.));
#5682=DIRECTION('',(-1.,0.,0.));
#5683=DIRECTION('center_axis',(0.97876879492573,0.,0.204967426874696));
#5684=DIRECTION('ref_axis',(-0.204967426874696,0.,0.97876879492573));
#5685=DIRECTION('',(0.,-1.,0.));
#5686=DIRECTION('',(-0.204967426874696,0.,0.97876879492573));
#5687=DIRECTION('center_axis',(0.,0.,-1.));
#5688=DIRECTION('ref_axis',(1.,0.,0.));
#5689=DIRECTION('',(0.,-1.,0.));
#5690=DIRECTION('',(1.,0.,0.));
#5691=DIRECTION('center_axis',(-0.899104560546948,0.,-0.437733925123104));
#5692=DIRECTION('ref_axis',(0.437733925123104,0.,-0.899104560546948));
#5693=DIRECTION('',(0.,-1.,0.));
#5694=DIRECTION('',(0.437733925123104,0.,-0.899104560546948));
#5695=DIRECTION('center_axis',(0.999041438495177,0.,-0.0437744693798441));
#5696=DIRECTION('ref_axis',(0.0437744693798441,0.,0.999041438495177));
#5697=DIRECTION('',(0.,-1.,0.));
#5698=DIRECTION('',(0.0437744693798441,0.,0.999041438495177));
#5699=DIRECTION('center_axis',(0.,0.,-1.));
#5700=DIRECTION('ref_axis',(1.,0.,0.));
#5701=DIRECTION('',(0.,-1.,0.));
#5702=DIRECTION('',(1.,0.,0.));
#5703=DIRECTION('center_axis',(-0.978902588641465,0.,-0.204327487017872));
#5704=DIRECTION('ref_axis',(0.204327487017872,0.,-0.978902588641465));
#5705=DIRECTION('',(0.,-1.,0.));
#5706=DIRECTION('',(0.204327487017872,0.,-0.978902588641465));
#5707=DIRECTION('center_axis',(0.,0.,1.));
#5708=DIRECTION('ref_axis',(-1.,0.,0.));
#5709=DIRECTION('',(0.,-1.,0.));
#5710=DIRECTION('',(-1.,0.,0.));
#5711=DIRECTION('center_axis',(0.982387636976276,0.,0.186854303445676));
#5712=DIRECTION('ref_axis',(-0.186854303445676,0.,0.982387636976276));
#5713=DIRECTION('',(0.,-1.,0.));
#5714=DIRECTION('',(-0.186854303445676,0.,0.982387636976276));
#5715=DIRECTION('center_axis',(-0.999065366403551,0.,0.0432249193514416));
#5716=DIRECTION('ref_axis',(-0.0432249193514416,0.,-0.999065366403551));
#5717=DIRECTION('',(0.,-1.,0.));
#5718=DIRECTION('',(-0.0432249193514416,0.,-0.999065366403551));
#5719=DIRECTION('center_axis',(0.,0.,1.));
#5720=DIRECTION('ref_axis',(-1.,0.,0.));
#5721=DIRECTION('',(0.,-1.,0.));
#5722=DIRECTION('',(-1.,0.,0.));
#5723=DIRECTION('center_axis',(0.902874427280282,0.,0.429904371416833));
#5724=DIRECTION('ref_axis',(-0.429904371416833,0.,0.902874427280282));
#5725=DIRECTION('',(-0.429904371416833,0.,0.902874427280282));
#5726=DIRECTION('center_axis',(0.,-1.,0.));
#5727=DIRECTION('ref_axis',(0.,0.,-1.));
#5728=DIRECTION('',(0.,-1.,0.));
#5729=DIRECTION('',(0.,-1.,0.));
#5730=DIRECTION('',(0.,-1.,0.));
#5731=DIRECTION('',(0.,-1.,0.));
#5732=DIRECTION('',(0.,-1.,0.));
#5733=DIRECTION('',(0.,-1.,0.));
#5734=DIRECTION('',(0.,-1.,0.));
#5735=DIRECTION('',(0.,-1.,0.));
#5736=DIRECTION('',(0.,-1.,0.));
#5737=DIRECTION('',(0.,-1.,0.));
#5738=DIRECTION('',(0.,-1.,0.));
#5739=DIRECTION('',(0.,-1.,0.));
#5740=DIRECTION('',(0.,-1.,0.));
#5741=DIRECTION('',(0.,-1.,0.));
#5742=DIRECTION('',(0.,-1.,0.));
#5743=DIRECTION('',(0.,-1.,0.));
#5744=DIRECTION('',(0.,-1.,0.));
#5745=DIRECTION('',(0.,-1.,0.));
#5746=DIRECTION('',(0.,-1.,0.));
#5747=DIRECTION('',(0.,-1.,0.));
#5748=DIRECTION('',(0.,-1.,0.));
#5749=DIRECTION('center_axis',(0.,1.,0.));
#5750=DIRECTION('ref_axis',(-1.,0.,0.));
#5751=DIRECTION('',(0.,-1.,0.));
#5752=DIRECTION('',(0.,-1.,0.));
#5753=DIRECTION('',(0.,-1.,0.));
#5754=DIRECTION('',(0.,-1.,0.));
#5755=DIRECTION('',(0.,-1.,0.));
#5756=DIRECTION('',(0.,-1.,0.));
#5757=DIRECTION('',(0.,-1.,0.));
#5758=DIRECTION('',(0.,-1.,0.));
#5759=DIRECTION('',(0.,-1.,0.));
#5760=DIRECTION('',(0.,-1.,0.));
#5761=DIRECTION('',(0.,-1.,0.));
#5762=DIRECTION('',(0.,-1.,0.));
#5763=DIRECTION('',(0.,-1.,0.));
#5764=DIRECTION('',(0.,-1.,0.));
#5765=DIRECTION('',(0.,-1.,0.));
#5766=DIRECTION('',(0.,-1.,0.));
#5767=DIRECTION('',(0.,-1.,0.));
#5768=DIRECTION('',(0.,-1.,0.));
#5769=DIRECTION('',(0.,-1.,0.));
#5770=DIRECTION('',(0.,-1.,0.));
#5771=DIRECTION('',(0.,-1.,0.));
#5772=DIRECTION('center_axis',(0.,1.,0.));
#5773=DIRECTION('ref_axis',(-1.,0.,0.));
#5774=DIRECTION('center_axis',(0.857492992946102,0.,0.514495643371581));
#5775=DIRECTION('ref_axis',(-0.514495643371581,0.,0.857492992946102));
#5776=DIRECTION('',(-0.514495643371581,0.,0.857492992946102));
#5777=DIRECTION('',(0.,-1.,0.));
#5778=DIRECTION('',(-0.514495643371581,0.,0.857492992946102));
#5779=DIRECTION('',(0.,-1.,0.));
#5780=DIRECTION('center_axis',(-0.989781023100469,0.,0.142595674233787));
#5781=DIRECTION('ref_axis',(-0.142595674233787,0.,-0.989781023100469));
#5782=DIRECTION('',(-0.142595674233787,0.,-0.989781023100469));
#5783=DIRECTION('',(0.,-1.,0.));
#5784=DIRECTION('',(-0.142595674233787,0.,-0.989781023100469));
#5785=DIRECTION('center_axis',(0.,0.,-1.));
#5786=DIRECTION('ref_axis',(1.,0.,0.));
#5787=DIRECTION('',(1.,0.,0.));
#5788=DIRECTION('',(1.,0.,0.));
#5789=DIRECTION('center_axis',(0.,0.,1.));
#5790=DIRECTION('ref_axis',(-1.,0.,0.));
#5791=DIRECTION('',(0.,-1.,0.));
#5792=DIRECTION('',(-1.,0.,0.));
#5793=DIRECTION('',(0.,-1.,0.));
#5794=DIRECTION('center_axis',(0.987076714315204,0.,-0.16024843230653));
#5795=DIRECTION('ref_axis',(0.16024843230653,0.,0.987076714315204));
#5796=DIRECTION('',(0.,-1.,0.));
#5797=DIRECTION('',(0.16024843230653,0.,0.987076714315204));
#5798=DIRECTION('center_axis',(0.,0.,-1.));
#5799=DIRECTION('ref_axis',(1.,0.,0.));
#5800=DIRECTION('',(0.,-1.,0.));
#5801=DIRECTION('',(1.,0.,0.));
#5802=DIRECTION('center_axis',(-0.870463302116251,0.,-0.492233318324626));
#5803=DIRECTION('ref_axis',(0.492233318324626,0.,-0.870463302116251));
#5804=DIRECTION('',(0.,-1.,0.));
#5805=DIRECTION('',(0.492233318324626,0.,-0.870463302116251));
#5806=DIRECTION('center_axis',(0.,0.,1.));
#5807=DIRECTION('ref_axis',(-1.,0.,0.));
#5808=DIRECTION('',(0.,-1.,0.));
#5809=DIRECTION('',(-1.,0.,0.));
#5810=DIRECTION('center_axis',(0.878723331154755,0.,0.477331443846192));
#5811=DIRECTION('ref_axis',(-0.477331443846192,0.,0.878723331154755));
#5812=DIRECTION('',(0.,-1.,0.));
#5813=DIRECTION('',(-0.477331443846192,0.,0.878723331154755));
#5814=DIRECTION('center_axis',(0.,0.,1.));
#5815=DIRECTION('ref_axis',(-1.,0.,0.));
#5816=DIRECTION('',(0.,-1.,0.));
#5817=DIRECTION('',(-1.,0.,0.));
#5818=DIRECTION('center_axis',(-0.988756569577119,0.,0.149534096841112));
#5819=DIRECTION('ref_axis',(-0.149534096841112,0.,-0.988756569577119));
#5820=DIRECTION('',(-0.149534096841112,0.,-0.988756569577119));
#5821=DIRECTION('center_axis',(0.,-1.,0.));
#5822=DIRECTION('ref_axis',(0.,0.,-1.));
#5823=DIRECTION('center_axis',(0.,1.,0.));
#5824=DIRECTION('ref_axis',(1.,0.,0.));
#5825=DIRECTION('center_axis',(0.,1.,0.));
#5826=DIRECTION('ref_axis',(1.,0.,0.));
#5827=DIRECTION('center_axis',(0.,1.,0.));
#5828=DIRECTION('ref_axis',(1.,0.,0.));
#5829=DIRECTION('center_axis',(0.,1.,0.));
#5830=DIRECTION('ref_axis',(1.,0.,0.));
#5831=DIRECTION('center_axis',(0.,1.,0.));
#5832=DIRECTION('ref_axis',(1.,0.,0.));
#5833=DIRECTION('center_axis',(0.,1.,0.));
#5834=DIRECTION('ref_axis',(1.,0.,0.));
#5835=DIRECTION('center_axis',(0.,1.,0.));
#5836=DIRECTION('ref_axis',(1.,0.,0.));
#5837=DIRECTION('',(0.,-1.,0.));
#5838=CARTESIAN_POINT('',(0.,0.,0.));
#5839=CARTESIAN_POINT('Origin',(-24.,4.,-3.75000000000001));
#5840=CARTESIAN_POINT('',(-24.,5.,-4.5));
#5841=CARTESIAN_POINT('',(-25.,4.,-4.5));
#5842=CARTESIAN_POINT('Origin',(-24.,4.,-4.5));
#5843=CARTESIAN_POINT('',(-25.,4.,2.96713398207349));
#5844=CARTESIAN_POINT('',(-25.,4.,-3.75000000000001));
#5845=CARTESIAN_POINT('',(-24.,5.,2.96713398207349));
#5846=CARTESIAN_POINT('Origin',(-24.,4.,2.96713398207349));
#5847=CARTESIAN_POINT('',(-24.,5.,-3.75000000000001));
#5848=CARTESIAN_POINT('Origin',(-22.,4.,-4.5));
#5849=CARTESIAN_POINT('',(-22.,5.,-6.5));
#5850=CARTESIAN_POINT('',(-22.,4.,-7.5));
#5851=CARTESIAN_POINT('Origin',(-22.,4.,-6.5));
#5852=CARTESIAN_POINT('Origin',(-22.,4.,-4.5));
#5853=CARTESIAN_POINT('Origin',(-22.,5.,-4.5));
#5854=CARTESIAN_POINT('Origin',(12.5,4.,-6.5));
#5855=CARTESIAN_POINT('',(22.,5.,-6.5));
#5856=CARTESIAN_POINT('',(22.,4.,-7.5));
#5857=CARTESIAN_POINT('Origin',(22.,4.,-6.5));
#5858=CARTESIAN_POINT('',(12.5,4.,-7.5));
#5859=CARTESIAN_POINT('',(12.5,5.,-6.5));
#5860=CARTESIAN_POINT('Origin',(22.,4.,-4.5));
#5861=CARTESIAN_POINT('',(24.,5.,-4.5));
#5862=CARTESIAN_POINT('',(25.,4.,-4.5));
#5863=CARTESIAN_POINT('Origin',(24.,4.,-4.5));
#5864=CARTESIAN_POINT('Origin',(22.,4.,-4.5));
#5865=CARTESIAN_POINT('Origin',(22.,5.,-4.5));
#5866=CARTESIAN_POINT('Origin',(24.,4.,3.75));
#5867=CARTESIAN_POINT('',(24.,5.,4.5));
#5868=CARTESIAN_POINT('',(25.,4.,4.5));
#5869=CARTESIAN_POINT('Origin',(24.,4.,4.5));
#5870=CARTESIAN_POINT('',(25.,4.,3.75));
#5871=CARTESIAN_POINT('',(24.,5.,3.75));
#5872=CARTESIAN_POINT('Origin',(22.,4.,4.5));
#5873=CARTESIAN_POINT('',(22.,5.,6.5));
#5874=CARTESIAN_POINT('',(22.,4.,7.5));
#5875=CARTESIAN_POINT('Origin',(22.,4.,6.5));
#5876=CARTESIAN_POINT('Origin',(22.,4.,4.5));
#5877=CARTESIAN_POINT('Origin',(22.,5.,4.5));
#5878=CARTESIAN_POINT('Origin',(-12.5,4.,6.5));
#5879=CARTESIAN_POINT('',(-22.,5.,6.5));
#5880=CARTESIAN_POINT('',(-22.,4.,7.5));
#5881=CARTESIAN_POINT('Origin',(-22.,4.,6.5));
#5882=CARTESIAN_POINT('',(-12.5,4.,7.5));
#5883=CARTESIAN_POINT('',(-12.5,5.,6.5));
#5884=CARTESIAN_POINT('Origin',(-22.,4.,4.5));
#5885=CARTESIAN_POINT('',(-22.8137789666653,4.99764631091828,6.40177428722382));
#5886=CARTESIAN_POINT('',(-22.817079824257,5.,6.32548091219605));
#5887=CARTESIAN_POINT('Ctrl Pts',(-22.8137789666653,4.99764631091828,6.40177428722382));
#5888=CARTESIAN_POINT('Ctrl Pts',(-22.8149040955317,4.99925915602497,6.37576896097933));
#5889=CARTESIAN_POINT('Ctrl Pts',(-22.8160094782912,5.,6.35022003041405));
#5890=CARTESIAN_POINT('Ctrl Pts',(-22.817079824257,5.,6.32548091219605));
#5891=CARTESIAN_POINT('',(-23.644105748646,5.,5.63882232471498));
#5892=CARTESIAN_POINT('Origin',(-22.,5.,4.5));
#5893=CARTESIAN_POINT('',(-23.7892223149538,4.79152106677169,6.40177428722382));
#5894=CARTESIAN_POINT('Ctrl Pts',(-23.644105748646,5.,5.63882232471498));
#5895=CARTESIAN_POINT('Ctrl Pts',(-23.6767641861003,5.,5.8105244231188));
#5896=CARTESIAN_POINT('Ctrl Pts',(-23.7155326696901,4.96931677974617,6.01435015708498));
#5897=CARTESIAN_POINT('Ctrl Pts',(-23.7602592807304,4.87914054116355,6.249500812436));
#5898=CARTESIAN_POINT('Ctrl Pts',(-23.7754253147995,4.83961245673192,6.3292364053522));
#5899=CARTESIAN_POINT('Ctrl Pts',(-23.7892223149538,4.79152106677169,6.40177428722382));
#5900=CARTESIAN_POINT('',(-24.3201841652021,4.,6.40177428722382));
#5901=CARTESIAN_POINT('Ctrl Pts',(-23.7892223149538,4.79152106677169,6.40177428722382));
#5902=CARTESIAN_POINT('Ctrl Pts',(-23.8744731269275,4.74641739182385,6.40177428722382));
#5903=CARTESIAN_POINT('Ctrl Pts',(-23.9553743637893,4.69052622414491,6.40177428722382));
#5904=CARTESIAN_POINT('Ctrl Pts',(-24.1109988921607,4.55135149061046,6.40177428722382));
#5905=CARTESIAN_POINT('Ctrl Pts',(-24.1987803791539,4.43688131140403,6.40177428722382));
#5906=CARTESIAN_POINT('Ctrl Pts',(-24.2923686783636,4.23066847698939,6.40177428722382));
#5907=CARTESIAN_POINT('Ctrl Pts',(-24.3201841652021,4.10624532964566,6.40177428722382));
#5908=CARTESIAN_POINT('Ctrl Pts',(-24.3201841652021,4.,6.40177428722382));
#5909=CARTESIAN_POINT('Origin',(-22.,4.,4.5));
#5910=CARTESIAN_POINT('',(-22.6190755692598,5.,6.40177428722382));
#5911=CARTESIAN_POINT('Origin',(-22.,5.,4.5));
#5912=CARTESIAN_POINT('Ctrl Pts',(-22.6190755692598,5.,6.40177428722382));
#5913=CARTESIAN_POINT('Ctrl Pts',(-22.6818530628189,5.,6.40177428722382));
#5914=CARTESIAN_POINT('Ctrl Pts',(-22.7471415696581,4.99944813139172,6.40177428722382));
#5915=CARTESIAN_POINT('Ctrl Pts',(-22.8137789666653,4.99764631091828,6.40177428722382));
#5916=CARTESIAN_POINT('Origin',(-24.,4.,-3.75000000000001));
#5917=CARTESIAN_POINT('',(-24.3199570441432,4.94743205028284,4.5));
#5918=CARTESIAN_POINT('Origin',(-24.,4.,2.96713398207349));
#5919=CARTESIAN_POINT('',(-25.,4.,4.5));
#5920=CARTESIAN_POINT('',(-25.,4.,-3.75000000000001));
#5921=CARTESIAN_POINT('Origin',(-24.,4.,4.5));
#5922=CARTESIAN_POINT('Origin',(-22.,4.,4.5));
#5923=CARTESIAN_POINT('',(-24.6236285937515,4.,5.95484466595226));
#5924=CARTESIAN_POINT('Ctrl Pts',(-24.6236285937515,4.,5.95484466595227));
#5925=CARTESIAN_POINT('Ctrl Pts',(-24.6236285937515,4.0832844592675,5.95484466595227));
#5926=CARTESIAN_POINT('Ctrl Pts',(-24.6194804103166,4.1811420972087,5.93497134376778));
#5927=CARTESIAN_POINT('Ctrl Pts',(-24.6053664401867,4.34749275858533,5.86735343822049));
#5928=CARTESIAN_POINT('Ctrl Pts',(-24.591816784044,4.44291885738279,5.80243907600852));
#5929=CARTESIAN_POINT('Ctrl Pts',(-24.5586118850937,4.60852229281495,5.64335940527992));
#5930=CARTESIAN_POINT('Ctrl Pts',(-24.5307405789712,4.69632188869132,5.50983217463273));
#5931=CARTESIAN_POINT('Ctrl Pts',(-24.4509213593286,4.87419726019893,5.12743031286039));
#5932=CARTESIAN_POINT('Ctrl Pts',(-24.3847626107951,4.92554657834449,4.81047371111685));
#5933=CARTESIAN_POINT('Ctrl Pts',(-24.3199570441432,4.94743205028284,4.5));
#5934=CARTESIAN_POINT('Origin',(-22.,4.,4.5));
#5935=CARTESIAN_POINT('Origin',(-25.,0.,-7.5));
#5936=CARTESIAN_POINT('',(-25.,0.,-4.5));
#5937=CARTESIAN_POINT('',(-25.,0.,-4.5));
#5938=CARTESIAN_POINT('',(-25.,0.,4.5));
#5939=CARTESIAN_POINT('',(-25.,0.,-7.5));
#5940=CARTESIAN_POINT('',(-25.,0.,4.5));
#5941=CARTESIAN_POINT('Origin',(-22.,0.,-4.5));
#5942=CARTESIAN_POINT('',(-22.,0.,-7.5));
#5943=CARTESIAN_POINT('',(-22.,0.,-7.5));
#5944=CARTESIAN_POINT('Origin',(-22.,0.,-4.5));
#5945=CARTESIAN_POINT('Origin',(25.,0.,-7.5));
#5946=CARTESIAN_POINT('',(22.,0.,-7.5));
#5947=CARTESIAN_POINT('',(22.,0.,-7.5));
#5948=CARTESIAN_POINT('',(25.,0.,-7.5));
#5949=CARTESIAN_POINT('Origin',(22.,0.,-4.5));
#5950=CARTESIAN_POINT('',(25.,0.,-4.5));
#5951=CARTESIAN_POINT('',(25.,0.,-4.5));
#5952=CARTESIAN_POINT('Origin',(22.,0.,-4.5));
#5953=CARTESIAN_POINT('Origin',(25.,0.,7.5));
#5954=CARTESIAN_POINT('',(25.,0.,4.5));
#5955=CARTESIAN_POINT('',(25.,0.,4.5));
#5956=CARTESIAN_POINT('',(25.,0.,7.5));
#5957=CARTESIAN_POINT('Origin',(22.,0.,4.5));
#5958=CARTESIAN_POINT('',(22.,0.,7.5));
#5959=CARTESIAN_POINT('',(22.,0.,7.5));
#5960=CARTESIAN_POINT('Origin',(22.,0.,4.5));
#5961=CARTESIAN_POINT('Origin',(-25.,0.,7.5));
#5962=CARTESIAN_POINT('',(-22.,0.,7.5));
#5963=CARTESIAN_POINT('',(-22.,0.,7.5));
#5964=CARTESIAN_POINT('',(-25.,0.,7.5));
#5965=CARTESIAN_POINT('Origin',(-22.,0.,4.5));
#5966=CARTESIAN_POINT('Origin',(-22.,0.,4.5));
#5967=CARTESIAN_POINT('',(-24.3201841652021,3.,6.40177428722382));
#5968=CARTESIAN_POINT('',(-24.3201841652021,0.,6.40177428722382));
#5969=CARTESIAN_POINT('',(-24.6236285937515,3.,5.95484466595226));
#5970=CARTESIAN_POINT('Origin',(-22.,3.,4.5));
#5971=CARTESIAN_POINT('',(-24.6236285937515,0.,5.95484466595226));
#5972=CARTESIAN_POINT('Origin',(-23.7892223149538,5.,6.40177428722382));
#5973=CARTESIAN_POINT('',(-23.7892223149538,3.,6.40177428722382));
#5974=CARTESIAN_POINT('',(-23.7892223149538,5.,6.40177428722382));
#5975=CARTESIAN_POINT('',(-23.7892223149538,3.,6.40177428722382));
#5976=CARTESIAN_POINT('Origin',(-22.9945430159569,5.,2.22373902797699));
#5977=CARTESIAN_POINT('',(-22.9945430159569,5.,2.22373902797699));
#5978=CARTESIAN_POINT('',(-22.3890236015707,5.,-0.959786032581622));
#5979=CARTESIAN_POINT('',(-22.9945430159569,3.,2.22373902797699));
#5980=CARTESIAN_POINT('',(-22.9945430159569,5.,2.22373902797699));
#5981=CARTESIAN_POINT('',(-22.9945430159569,3.,2.22373902797699));
#5982=CARTESIAN_POINT('Origin',(-4.44089209850063E-15,5.,1.11022302462516E-15));
#5983=CARTESIAN_POINT('',(-22.9306951096109,5.,3.69946832806822));
#5984=CARTESIAN_POINT('Origin',(-4.44089209850063E-15,5.,1.11022302462516E-15));
#5985=CARTESIAN_POINT('',(-23.6732605099678,5.,1.40177428722382));
#5986=CARTESIAN_POINT('',(-23.560723078894,5.,0.862624401339379));
#5987=CARTESIAN_POINT('',(-22.2066846489906,5.,1.40177428722382));
#5988=CARTESIAN_POINT('',(-11.8366302549839,5.,1.40177428722382));
#5989=CARTESIAN_POINT('',(-22.0532059669495,5.,4.90450322628021));
#5990=CARTESIAN_POINT('',(-22.2160598174834,5.,1.18781184272354));
#5991=CARTESIAN_POINT('',(-20.3478851914406,5.,1.40177428722382));
#5992=CARTESIAN_POINT('',(-18.975262692628,5.,-1.4175923785908));
#5993=CARTESIAN_POINT('',(-18.8642561435699,5.,1.40177428722382));
#5994=CARTESIAN_POINT('',(-10.1739425957203,5.,1.40177428722382));
#5995=CARTESIAN_POINT('',(-19.9113231897354,5.,6.40177428722382));
#5996=CARTESIAN_POINT('',(-18.3273884428107,5.,-1.16189965670061));
#5997=CARTESIAN_POINT('',(-20.8492496609688,5.,6.40177428722382));
#5998=CARTESIAN_POINT('',(-9.95566159486771,5.,6.40177428722382));
#5999=CARTESIAN_POINT('',(-19.8635745048523,5.,2.25443422794342));
#6000=CARTESIAN_POINT('',(-19.5718380628267,5.,1.02692004616));
#6001=CARTESIAN_POINT('',(-21.8383353948593,5.,6.40177428722382));
#6002=CARTESIAN_POINT('',(-17.5904720792453,5.,-2.519474753277));
#6003=CARTESIAN_POINT('',(-10.9191676974297,5.,6.40177428722382));
#6004=CARTESIAN_POINT('',(-15.2216917276382,5.,-1.47680699825287));
#6005=CARTESIAN_POINT('',(-16.207367181778,5.,-1.40177309513092));
#6006=CARTESIAN_POINT('Ctrl Pts',(-15.2216917276382,5.,-1.47680699825287));
#6007=CARTESIAN_POINT('Ctrl Pts',(-15.3570116895221,5.,-1.455077361809));
#6008=CARTESIAN_POINT('Ctrl Pts',(-15.6832393924884,5.,-1.40269182101602));
#6009=CARTESIAN_POINT('Ctrl Pts',(-16.0138781192059,5.,-1.40211225556832));
#6010=CARTESIAN_POINT('Ctrl Pts',(-16.207367181778,5.,-1.40177309513092));
#6011=CARTESIAN_POINT('',(-17.9706686735153,5.,-1.40177309513092));
#6012=CARTESIAN_POINT('',(-8.10368359088898,5.,-1.40177309513092));
#6013=CARTESIAN_POINT('',(-16.9236016273499,5.,-6.40177309513092));
#6014=CARTESIAN_POINT('',(-17.7337891862135,5.,-2.53293030311179));
#6015=CARTESIAN_POINT('',(-15.5763983726501,5.,-6.40177309513092));
#6016=CARTESIAN_POINT('',(-8.46180081367493,5.,-6.40177309513092));
#6017=CARTESIAN_POINT('',(-14.8567533493042,5.,-6.38471990823746));
#6018=CARTESIAN_POINT('Ctrl Pts',(-15.5763983726501,5.,-6.40177309513092));
#6019=CARTESIAN_POINT('Ctrl Pts',(-15.4225771267113,5.,-6.40233250454822));
#6020=CARTESIAN_POINT('Ctrl Pts',(-15.1825029132107,5.,-6.40320559444594));
#6021=CARTESIAN_POINT('Ctrl Pts',(-14.9428536443437,5.,-6.38960594098442));
#6022=CARTESIAN_POINT('Ctrl Pts',(-14.8567533493042,5.,-6.38471990823746));
#6023=CARTESIAN_POINT('',(-14.3025243282318,5.,-6.25852614641189));
#6024=CARTESIAN_POINT('Ctrl Pts',(-14.8567533493042,5.,-6.38471990823746));
#6025=CARTESIAN_POINT('Ctrl Pts',(-14.7580413768484,5.,-6.37254502603922));
#6026=CARTESIAN_POINT('Ctrl Pts',(-14.5689703763665,5.,-6.34922549244363));
#6027=CARTESIAN_POINT('Ctrl Pts',(-14.3886847386193,5.,-6.2878555094506));
#6028=CARTESIAN_POINT('Ctrl Pts',(-14.3025243282318,5.,-6.25852614641189));
#6029=CARTESIAN_POINT('',(-13.8591408729553,5.,-5.99079072475433));
#6030=CARTESIAN_POINT('Ctrl Pts',(-14.3025243282318,5.,-6.25852614641189));
#6031=CARTESIAN_POINT('Ctrl Pts',(-14.2230303766823,5.,-6.22344901362293));
#6032=CARTESIAN_POINT('Ctrl Pts',(-14.0637811915974,5.,-6.15317945596638));
#6033=CARTESIAN_POINT('Ctrl Pts',(-13.927428884107,5.,-6.04497947681211));
#6034=CARTESIAN_POINT('Ctrl Pts',(-13.8591408729553,5.,-5.99079072475433));
#6035=CARTESIAN_POINT('',(-13.514666557312,5.,-5.57639807462692));
#6036=CARTESIAN_POINT('Ctrl Pts',(-13.8591408729553,5.,-5.99079072475433));
#6037=CARTESIAN_POINT('Ctrl Pts',(-13.7945019792337,5.,-5.92978484993006));
#6038=CARTESIAN_POINT('Ctrl Pts',(-13.662934133047,5.,-5.80561175393098));
#6039=CARTESIAN_POINT('Ctrl Pts',(-13.5646592705239,5.,-5.65368411425422));
#6040=CARTESIAN_POINT('Ctrl Pts',(-13.514666557312,5.,-5.57639807462692));
#6041=CARTESIAN_POINT('',(-13.2912683486938,5.,-5.01875817775726));
#6042=CARTESIAN_POINT('Ctrl Pts',(-13.514666557312,5.,-5.57639807462692));
#6043=CARTESIAN_POINT('Ctrl Pts',(-13.4686902338884,5.,-5.49086100993694));
#6044=CARTESIAN_POINT('Ctrl Pts',(-13.3733162739297,5.,-5.31342166778753));
#6045=CARTESIAN_POINT('Ctrl Pts',(-13.3192639893265,5.,-5.11930055162898));
#6046=CARTESIAN_POINT('Ctrl Pts',(-13.2912683486938,5.,-5.01875817775726));
#6047=CARTESIAN_POINT('',(-13.2128238677979,5.,-4.32810336351395));
#6048=CARTESIAN_POINT('Ctrl Pts',(-13.2912683486938,5.,-5.01875817775726));
#6049=CARTESIAN_POINT('Ctrl Pts',(-13.2683969563829,5.,-4.90900048636782));
#6050=CARTESIAN_POINT('Ctrl Pts',(-13.2209381938703,5.,-4.68125028477307));
#6051=CARTESIAN_POINT('Ctrl Pts',(-13.2155930648604,5.,-4.44862272744702));
#6052=CARTESIAN_POINT('Ctrl Pts',(-13.2128238677979,5.,-4.32810336351395));
#6053=CARTESIAN_POINT('',(-13.5214877128601,5.,-2.8939288854599));
#6054=CARTESIAN_POINT('Ctrl Pts',(-13.2128238677979,5.,-4.32810336351395));
#6055=CARTESIAN_POINT('Ctrl Pts',(-13.223605802293,5.,-4.07058383682824));
#6056=CARTESIAN_POINT('Ctrl Pts',(-13.2443772361383,5.,-3.57447158398235));
#6057=CARTESIAN_POINT('Ctrl Pts',(-13.4314971098591,5.,-3.11493261123911));
#6058=CARTESIAN_POINT('Ctrl Pts',(-13.5214877128601,5.,-2.8939288854599));
#6059=CARTESIAN_POINT('',(-14.2974078655243,5.,-1.89972698688507));
#6060=CARTESIAN_POINT('Ctrl Pts',(-13.5214877128601,5.,-2.8939288854599));
#6061=CARTESIAN_POINT('Ctrl Pts',(-13.6275159382526,5.,-2.69883079525126));
#6062=CARTESIAN_POINT('Ctrl Pts',(-13.8311667629414,5.,-2.32410145484111));
#6063=CARTESIAN_POINT('Ctrl Pts',(-14.1463302572479,5.,-2.03723841450735));
#6064=CARTESIAN_POINT('Ctrl Pts',(-14.2974078655243,5.,-1.89972698688507));
#6065=CARTESIAN_POINT('Ctrl Pts',(-14.2974078655243,5.,-1.89972698688507));
#6066=CARTESIAN_POINT('Ctrl Pts',(-14.4306494408931,5.,-1.80928841298689));
#6067=CARTESIAN_POINT('Ctrl Pts',(-14.7146262317883,5.,-1.61653734472866));
#6068=CARTESIAN_POINT('Ctrl Pts',(-15.0458681348369,5.,-1.52525811894996));
#6069=CARTESIAN_POINT('Ctrl Pts',(-15.2216917276382,5.,-1.47680699825287));
#6070=CARTESIAN_POINT('',(-6.16644024848938,5.,-2.9331511259079));
#6071=CARTESIAN_POINT('',(-6.48704051971436,5.,-1.40177309513092));
#6072=CARTESIAN_POINT('',(-6.33112114957691,5.,-2.14653696288671));
#6073=CARTESIAN_POINT('',(-7.52046465873718,5.,-1.40177309513092));
#6074=CARTESIAN_POINT('',(-3.24352025985718,5.,-1.40177309513092));
#6075=CARTESIAN_POINT('',(-6.47680878639221,5.,-6.40177309513092));
#6076=CARTESIAN_POINT('',(-7.50366502301915,5.,-1.48225765025677));
#6077=CARTESIAN_POINT('',(-5.44679522514343,5.,-6.40177309513092));
#6078=CARTESIAN_POINT('',(-3.23840439319611,5.,-6.40177309513092));
#6079=CARTESIAN_POINT('',(-5.89017868041992,5.,-4.27694350481033));
#6080=CARTESIAN_POINT('',(-5.97321285612094,5.,-3.87901825198965));
#6081=CARTESIAN_POINT('',(-3.57776403427124,5.,-6.40177309513092));
#6082=CARTESIAN_POINT('',(-5.35877295165052,5.,-4.76524114590843));
#6083=CARTESIAN_POINT('',(-2.19986438751221,5.,-6.40177309513092));
#6084=CARTESIAN_POINT('',(-1.78888201713562,5.,-6.40177309513092));
#6085=CARTESIAN_POINT('',(-4.44406509399414,5.,-4.44065451622009));
#6086=CARTESIAN_POINT('',(-3.16219446099907,5.,-5.56083075841888));
#6087=CARTESIAN_POINT('',(-2.79672622680664,5.,-1.40177309513092));
#6088=CARTESIAN_POINT('',(-3.00915214847045,5.,-1.79363975933706));
#6089=CARTESIAN_POINT('',(-3.95975589752197,5.,-1.40177309513092));
#6090=CARTESIAN_POINT('',(-1.39836311340332,5.,-1.40177309513092));
#6091=CARTESIAN_POINT('',(-5.19440770149231,5.,-3.78240048885345));
#6092=CARTESIAN_POINT('',(-3.25365051276301,5.,-0.0402768284048836));
#6093=CARTESIAN_POINT('',(-4.65854907889767,5.,-4.25057163731269));
#6094=CARTESIAN_POINT('',(3.34242820739746,5.,-3.1480211019516));
#6095=CARTESIAN_POINT('',(3.46179962158203,5.,-3.76875817775726));
#6096=CARTESIAN_POINT('Ctrl Pts',(3.34242820739746,5.,-3.1480211019516));
#6097=CARTESIAN_POINT('Ctrl Pts',(3.35434945003684,5.,-3.21799575087083));
#6098=CARTESIAN_POINT('Ctrl Pts',(3.38974099046568,5.,-3.42573505214452));
#6099=CARTESIAN_POINT('Ctrl Pts',(3.43306729548087,5.,-3.63198271931941));
#6100=CARTESIAN_POINT('Ctrl Pts',(3.46179962158203,5.,-3.76875817775726));
#6101=CARTESIAN_POINT('',(4.01432275772095,5.,-6.40177309513092));
#6102=CARTESIAN_POINT('',(3.01004668432398,5.,-1.61595742613633));
#6103=CARTESIAN_POINT('',(5.04092693328857,5.,-6.40177309513092));
#6104=CARTESIAN_POINT('',(2.00716137886047,5.,-6.40177309513092));
#6105=CARTESIAN_POINT('',(4.47476148605347,5.,-3.68690252304077));
#6106=CARTESIAN_POINT('',(4.296180801125,5.,-2.8305743090467));
#6107=CARTESIAN_POINT('',(4.33492422103882,5.,-3.01841676235199));
#6108=CARTESIAN_POINT('',(4.01150603781715,5.,-1.47233067286166));
#6109=CARTESIAN_POINT('',(4.32128190994263,5.,-2.8581166267395));
#6110=CARTESIAN_POINT('Ctrl Pts',(4.33492422103882,5.,-3.01841676235199));
#6111=CARTESIAN_POINT('Ctrl Pts',(4.33094606530352,5.,-2.99089490132257));
#6112=CARTESIAN_POINT('Ctrl Pts',(4.32326048776873,5.,-2.93772418330202));
#6113=CARTESIAN_POINT('Ctrl Pts',(4.32192576344856,5.,-2.88402190259747));
#6114=CARTESIAN_POINT('Ctrl Pts',(4.32128190994263,5.,-2.8581166267395));
#6115=CARTESIAN_POINT('',(4.5378565788269,5.,-2.36868977546692));
#6116=CARTESIAN_POINT('Ctrl Pts',(4.32128190994263,5.,-2.8581166267395));
#6117=CARTESIAN_POINT('Ctrl Pts',(4.33006355687892,5.,-2.76375965982757));
#6118=CARTESIAN_POINT('Ctrl Pts',(4.34751061508378,5.,-2.57629465403882));
#6119=CARTESIAN_POINT('Ctrl Pts',(4.4746903562364,5.,-2.43758336119298));
#6120=CARTESIAN_POINT('Ctrl Pts',(4.5378565788269,5.,-2.36868977546692));
#6121=CARTESIAN_POINT('',(5.16711950302124,5.,-2.17598855495453));
#6122=CARTESIAN_POINT('Ctrl Pts',(4.5378565788269,5.,-2.36868977546692));
#6123=CARTESIAN_POINT('Ctrl Pts',(4.62381949748334,5.,-2.31262091560699));
#6124=CARTESIAN_POINT('Ctrl Pts',(4.81406870471909,5.,-2.18853187459156));
#6125=CARTESIAN_POINT('Ctrl Pts',(5.04211468031554,5.,-2.18042977263456));
#6126=CARTESIAN_POINT('Ctrl Pts',(5.16711950302124,5.,-2.17598855495453));
#6127=CARTESIAN_POINT('',(5.78103542327881,5.,-2.31582522392273));
#6128=CARTESIAN_POINT('Ctrl Pts',(5.16711950302124,5.,-2.17598855495453));
#6129=CARTESIAN_POINT('Ctrl Pts',(5.28208885831372,5.,-2.17987220582624));
#6130=CARTESIAN_POINT('Ctrl Pts',(5.49610536680519,5.,-2.1871016575149));
#6131=CARTESIAN_POINT('Ctrl Pts',(5.69088918656086,5.,-2.27509963241373));
#6132=CARTESIAN_POINT('Ctrl Pts',(5.78103542327881,5.,-2.31582522392273));
#6133=CARTESIAN_POINT('',(6.15620613098145,5.,-2.73192346096039));
#6134=CARTESIAN_POINT('Ctrl Pts',(5.78103542327881,5.,-2.31582522392273));
#6135=CARTESIAN_POINT('Ctrl Pts',(5.85772036051801,5.,-2.36920738730755));
#6136=CARTESIAN_POINT('Ctrl Pts',(6.01496131214717,5.,-2.47866646066468));
#6137=CARTESIAN_POINT('Ctrl Pts',(6.10835808712707,5.,-2.64613021093827));
#6138=CARTESIAN_POINT('Ctrl Pts',(6.15620613098145,5.,-2.73192346096039));
#6139=CARTESIAN_POINT('',(6.4256477355957,5.,-3.66984963417053));
#6140=CARTESIAN_POINT('Ctrl Pts',(6.15620613098145,5.,-2.73192346096039));
#6141=CARTESIAN_POINT('Ctrl Pts',(6.20363297664546,5.,-2.85529031235585));
#6142=CARTESIAN_POINT('Ctrl Pts',(6.32069658204059,5.,-3.15979650939258));
#6143=CARTESIAN_POINT('Ctrl Pts',(6.38650234742959,5.,-3.47960658415695));
#6144=CARTESIAN_POINT('Ctrl Pts',(6.4256477355957,5.,-3.66984963417053));
#6145=CARTESIAN_POINT('',(6.99863433837891,5.,-6.40177309513092));
#6146=CARTESIAN_POINT('',(5.9216352794346,5.,-1.26678567610491));
#6147=CARTESIAN_POINT('',(8.02523851394653,5.,-6.40177309513092));
#6148=CARTESIAN_POINT('',(3.49931716918945,5.,-6.40177309513092));
#6149=CARTESIAN_POINT('',(7.45566129684448,5.,-3.66643846035004));
#6150=CARTESIAN_POINT('',(7.21966382312635,5.,-2.53308543252636));
#6151=CARTESIAN_POINT('',(7.03956127166748,5.,-2.34652101993561));
#6152=CARTESIAN_POINT('Ctrl Pts',(7.45566129684448,5.,-3.66643846035004));
#6153=CARTESIAN_POINT('Ctrl Pts',(7.39988056997442,5.,-3.40970078388151));
#6154=CARTESIAN_POINT('Ctrl Pts',(7.30144845805941,5.,-2.95665484631568));
#6155=CARTESIAN_POINT('Ctrl Pts',(7.11873319089139,5.,-2.53097244989464));
#6156=CARTESIAN_POINT('Ctrl Pts',(7.03956127166748,5.,-2.34652101993561));
#6157=CARTESIAN_POINT('',(6.32673740386963,5.,-1.60300076007843));
#6158=CARTESIAN_POINT('Ctrl Pts',(7.03956127166748,5.,-2.34652101993561));
#6159=CARTESIAN_POINT('Ctrl Pts',(6.94940344666184,5.,-2.2003217375591));
#6160=CARTESIAN_POINT('Ctrl Pts',(6.76518866454207,5.,-1.90160036814526));
#6161=CARTESIAN_POINT('Ctrl Pts',(6.47493567774121,5.,-1.70392861788951));
#6162=CARTESIAN_POINT('Ctrl Pts',(6.32673740386963,5.,-1.60300076007843));
#6163=CARTESIAN_POINT('',(5.11937141418457,5.,-1.31650686264038));
#6164=CARTESIAN_POINT('Ctrl Pts',(6.32673740386963,5.,-1.60300076007843));
#6165=CARTESIAN_POINT('Ctrl Pts',(6.14946945618303,5.,-1.51955228478404));
#6166=CARTESIAN_POINT('Ctrl Pts',(5.76784533594892,5.,-1.33990361515877));
#6167=CARTESIAN_POINT('Ctrl Pts',(5.34552176476987,5.,-1.32466630222153));
#6168=CARTESIAN_POINT('Ctrl Pts',(5.11937141418457,5.,-1.31650686264038));
#6169=CARTESIAN_POINT('',(3.7824010848999,5.,-1.74454271793365));
#6170=CARTESIAN_POINT('Ctrl Pts',(5.11937141418457,5.,-1.31650686264038));
#6171=CARTESIAN_POINT('Ctrl Pts',(4.85391879788299,5.,-1.32705147145677));
#6172=CARTESIAN_POINT('Ctrl Pts',(4.36645296912216,5.,-1.34641513999867));
#6173=CARTESIAN_POINT('Ctrl Pts',(3.96516509556902,5.,-1.61995893545297));
#6174=CARTESIAN_POINT('Ctrl Pts',(3.7824010848999,5.,-1.74454271793365));
#6175=CARTESIAN_POINT('',(3.31855297088623,5.,-2.84447431564331));
#6176=CARTESIAN_POINT('Ctrl Pts',(3.7824010848999,5.,-1.74454271793365));
#6177=CARTESIAN_POINT('Ctrl Pts',(3.64712404749266,5.,-1.89930908093261));
#6178=CARTESIAN_POINT('Ctrl Pts',(3.37167460415751,5.,-2.2144424498482));
#6179=CARTESIAN_POINT('Ctrl Pts',(3.33646874493819,5.,-2.63199010049357));
#6180=CARTESIAN_POINT('Ctrl Pts',(3.31855297088623,5.,-2.84447431564331));
#6181=CARTESIAN_POINT('Ctrl Pts',(3.31855297088623,5.,-2.84447431564331));
#6182=CARTESIAN_POINT('Ctrl Pts',(3.31970459107018,5.,-2.89314034364));
#6183=CARTESIAN_POINT('Ctrl Pts',(3.32210907807571,5.,-2.99475095585307));
#6184=CARTESIAN_POINT('Ctrl Pts',(3.33546766593117,5.,-3.0955167258747));
#6185=CARTESIAN_POINT('Ctrl Pts',(3.34242820739746,5.,-3.1480211019516));
#6186=CARTESIAN_POINT('',(0.596861839294434,5.,6.40177428722382));
#6187=CARTESIAN_POINT('',(-0.381991863250732,5.,6.40177428722382));
#6188=CARTESIAN_POINT('',(0.298430919647215,5.,6.40177428722382));
#6189=CARTESIAN_POINT('',(0.375170707702637,5.,2.77967393398285));
#6190=CARTESIAN_POINT('',(0.267102651699537,5.,3.2966479087133));
#6191=CARTESIAN_POINT('',(1.30286455154419,5.,2.77967393398285));
#6192=CARTESIAN_POINT('',(0.187585353851316,5.,2.77967393398285));
#6193=CARTESIAN_POINT('',(1.20736598968506,5.,3.25034201145172));
#6194=CARTESIAN_POINT('',(1.5479541130653,5.,1.57174126480833));
#6195=CARTESIAN_POINT('',(1.85709476470947,5.,2.8223067522049));
#6196=CARTESIAN_POINT('Ctrl Pts',(1.20736598968506,5.,3.25034201145172));
#6197=CARTESIAN_POINT('Ctrl Pts',(1.31630130039978,5.,3.15973825695415));
#6198=CARTESIAN_POINT('Ctrl Pts',(1.51708439754017,5.,2.99274279587534));
#6199=CARTESIAN_POINT('Ctrl Pts',(1.75037602331857,5.,2.87580135655941));
#6200=CARTESIAN_POINT('Ctrl Pts',(1.85709476470947,5.,2.8223067522049));
#6201=CARTESIAN_POINT('',(2.4931788444519,5.,2.69440710544586));
#6202=CARTESIAN_POINT('Ctrl Pts',(1.85709476470947,5.,2.8223067522049));
#6203=CARTESIAN_POINT('Ctrl Pts',(1.95933435545308,5.,2.78500265643497));
#6204=CARTESIAN_POINT('Ctrl Pts',(2.16484062404536,5.,2.71001971226306));
#6205=CARTESIAN_POINT('Ctrl Pts',(2.38336871496048,5.,2.69962861872011));
#6206=CARTESIAN_POINT('Ctrl Pts',(2.4931788444519,5.,2.69440710544586));
#6207=CARTESIAN_POINT('',(3.19747686386108,5.,2.95020520687103));
#6208=CARTESIAN_POINT('Ctrl Pts',(2.4931788444519,5.,2.69440710544586));
#6209=CARTESIAN_POINT('Ctrl Pts',(2.63136931603434,5.,2.70236229594548));
#6210=CARTESIAN_POINT('Ctrl Pts',(2.89258856893456,5.,2.71739986615703));
#6211=CARTESIAN_POINT('Ctrl Pts',(3.09985753461922,5.,2.87566544400509));
#6212=CARTESIAN_POINT('Ctrl Pts',(3.19747686386108,5.,2.95020520687103));
#6213=CARTESIAN_POINT('',(3.45498085021973,5.,3.62892329692841));
#6214=CARTESIAN_POINT('Ctrl Pts',(3.19747686386108,5.,2.95020520687103));
#6215=CARTESIAN_POINT('Ctrl Pts',(3.27254466011534,5.,3.04523275412997));
#6216=CARTESIAN_POINT('Ctrl Pts',(3.42940547625143,5.,3.24380123971546));
#6217=CARTESIAN_POINT('Ctrl Pts',(3.44621548903225,5.,3.49693172030785));
#6218=CARTESIAN_POINT('Ctrl Pts',(3.45498085021973,5.,3.62892329692841));
#6219=CARTESIAN_POINT('',(3.34242820739746,5.,4.3519788980484));
#6220=CARTESIAN_POINT('Ctrl Pts',(3.45498085021973,5.,3.62892329692841));
#6221=CARTESIAN_POINT('Ctrl Pts',(3.44708112313842,5.,3.72122522061006));
#6222=CARTESIAN_POINT('Ctrl Pts',(3.42624617008292,5.,3.96466480112313));
#6223=CARTESIAN_POINT('Ctrl Pts',(3.37453358318123,5.,4.20362329228406));
#6224=CARTESIAN_POINT('Ctrl Pts',(3.34242820739746,5.,4.3519788980484));
#6225=CARTESIAN_POINT('',(2.91609764099121,5.,6.40177428722382));
#6226=CARTESIAN_POINT('',(3.70694281932745,5.,2.59939433175866));
#6227=CARTESIAN_POINT('',(1.93724393844604,5.,6.40177428722382));
#6228=CARTESIAN_POINT('',(1.4580488204956,5.,6.40177428722382));
#6229=CARTESIAN_POINT('',(2.36698627471924,5.,4.34515774250031));
#6230=CARTESIAN_POINT('',(2.53758351861205,5.,3.52873104989921));
#6231=CARTESIAN_POINT('',(2.46248245239258,5.,3.79604399204254));
#6232=CARTESIAN_POINT('Ctrl Pts',(2.36698627471924,5.,4.34515774250031));
#6233=CARTESIAN_POINT('Ctrl Pts',(2.39341388363523,5.,4.22307500617953));
#6234=CARTESIAN_POINT('Ctrl Pts',(2.43277109092699,5.,4.04126379596387));
#6235=CARTESIAN_POINT('Ctrl Pts',(2.45513536040554,5.,3.85668249420403));
#6236=CARTESIAN_POINT('Ctrl Pts',(2.46248245239258,5.,3.79604399204254));
#6237=CARTESIAN_POINT('',(2.35163688659668,5.,3.50102365016937));
#6238=CARTESIAN_POINT('Ctrl Pts',(2.46248245239258,5.,3.79604399204254));
#6239=CARTESIAN_POINT('Ctrl Pts',(2.45896373573657,5.,3.73797091726364));
#6240=CARTESIAN_POINT('Ctrl Pts',(2.45229174839867,5.,3.62785610624685));
#6241=CARTESIAN_POINT('Ctrl Pts',(2.38394057002879,5.,3.54172864381493));
#6242=CARTESIAN_POINT('Ctrl Pts',(2.35163688659668,5.,3.50102365016937));
#6243=CARTESIAN_POINT('',(2.04297304153442,5.,3.39358866214752));
#6244=CARTESIAN_POINT('Ctrl Pts',(2.35163688659668,5.,3.50102365016937));
#6245=CARTESIAN_POINT('Ctrl Pts',(2.30905353231988,5.,3.4697283380964));
#6246=CARTESIAN_POINT('Ctrl Pts',(2.21758563796009,5.,3.40250685338099));
#6247=CARTESIAN_POINT('Ctrl Pts',(2.10379034408322,5.,3.39669485463041));
#6248=CARTESIAN_POINT('Ctrl Pts',(2.04297304153442,5.,3.39358866214752));
#6249=CARTESIAN_POINT('',(1.56548500061035,5.,3.57435286045075));
#6250=CARTESIAN_POINT('Ctrl Pts',(2.04297304153442,5.,3.39358866214752));
#6251=CARTESIAN_POINT('Ctrl Pts',(1.96562454182543,5.,3.40381253457159));
#6252=CARTESIAN_POINT('Ctrl Pts',(1.79295828075749,5.,3.42663544428207));
#6253=CARTESIAN_POINT('Ctrl Pts',(1.64639371910873,5.,3.5218120660578));
#6254=CARTESIAN_POINT('Ctrl Pts',(1.56548500061035,5.,3.57435286045075));
#6255=CARTESIAN_POINT('',(1.15279674530029,5.,4.05184209346771));
#6256=CARTESIAN_POINT('Ctrl Pts',(1.56548500061035,5.,3.57435286045075));
#6257=CARTESIAN_POINT('Ctrl Pts',(1.48236608958302,5.,3.63997363857785));
#6258=CARTESIAN_POINT('Ctrl Pts',(1.31427616150664,5.,3.77267739683661));
#6259=CARTESIAN_POINT('Ctrl Pts',(1.20701716331359,5.,3.95810614308162));
#6260=CARTESIAN_POINT('Ctrl Pts',(1.15279674530029,5.,4.05184209346771));
#6261=CARTESIAN_POINT('',(0.907230377197266,5.,4.91473495960236));
#6262=CARTESIAN_POINT('Ctrl Pts',(1.15279674530029,5.,4.05184209346771));
#6263=CARTESIAN_POINT('Ctrl Pts',(1.11183469367516,5.,4.15830315344676));
#6264=CARTESIAN_POINT('Ctrl Pts',(1.0041387830379,5.,4.43820663354533));
#6265=CARTESIAN_POINT('Ctrl Pts',(0.944305882745762,5.,4.73242333819567));
#6266=CARTESIAN_POINT('Ctrl Pts',(0.907230377197266,5.,4.91473495960236));
#6267=CARTESIAN_POINT('',(1.37977602372002,5.,2.65067183895305));
#6268=CARTESIAN_POINT('',(-17.9058659076691,5.,6.40177428722382));
#6269=CARTESIAN_POINT('',(-18.8744878768921,5.,6.40177428722382));
#6270=CARTESIAN_POINT('',(-8.95293295383454,5.,6.40177428722382));
#6271=CARTESIAN_POINT('',(-18.6766707897186,5.,5.45702636241913));
#6272=CARTESIAN_POINT('',(-17.8360419467623,5.,1.44229555093191));
#6273=CARTESIAN_POINT('',(-17.7080488204956,5.,5.45702636241913));
#6274=CARTESIAN_POINT('',(-9.33833539485932,5.,5.45702636241913));
#6275=CARTESIAN_POINT('',(-16.7888530306426,5.,1.06707033101053));
#6276=CARTESIAN_POINT('',(-8.47203254699707,5.,1.40177428722382));
#6277=CARTESIAN_POINT('',(-9.51568961143494,5.,6.40177428722382));
#6278=CARTESIAN_POINT('',(-8.1549903737729,5.,-0.117125857408164));
#6279=CARTESIAN_POINT('',(-10.4945433139801,5.,6.40177428722382));
#6280=CARTESIAN_POINT('',(-4.75784480571747,5.,6.40177428722382));
#6281=CARTESIAN_POINT('',(-9.44747686386108,5.,1.40177428722382));
#6282=CARTESIAN_POINT('',(-9.63194966133581,5.,2.28267729702686));
#6283=CARTESIAN_POINT('',(-4.72373843193054,5.,1.40177428722382));
#6284=CARTESIAN_POINT('',(-2.2783088684082,5.,3.39358866214752));
#6285=CARTESIAN_POINT('',(-2.69270181655884,5.,3.50102365016937));
#6286=CARTESIAN_POINT('Ctrl Pts',(-2.2783088684082,5.,3.39358866214752));
#6287=CARTESIAN_POINT('Ctrl Pts',(-2.35835929681206,5.,3.39617596170502));
#6288=CARTESIAN_POINT('Ctrl Pts',(-2.50501949914241,5.,3.40091614716257));
#6289=CARTESIAN_POINT('Ctrl Pts',(-2.63408373560565,5.,3.46975746699318));
#6290=CARTESIAN_POINT('Ctrl Pts',(-2.69270181655884,5.,3.50102365016937));
#6291=CARTESIAN_POINT('',(-2.89904594421387,5.,3.80627572536469));
#6292=CARTESIAN_POINT('Ctrl Pts',(-2.69270181655884,5.,3.50102365016937));
#6293=CARTESIAN_POINT('Ctrl Pts',(-2.73946893435599,5.,3.54144682838787));
#6294=CARTESIAN_POINT('Ctrl Pts',(-2.83558740536473,5.,3.62452686980776));
#6295=CARTESIAN_POINT('Ctrl Pts',(-2.87751732285325,5.,3.74461653237077));
#6296=CARTESIAN_POINT('Ctrl Pts',(-2.89904594421387,5.,3.80627572536469));
#6297=CARTESIAN_POINT('',(-3.8540244102478,5.,3.72442066669464));
#6298=CARTESIAN_POINT('',(-1.62203069766523,5.,3.91573385625103));
#6299=CARTESIAN_POINT('',(-3.28274250030518,5.,2.96725809574127));
#6300=CARTESIAN_POINT('Ctrl Pts',(-3.8540244102478,5.,3.72442066669464));
#6301=CARTESIAN_POINT('Ctrl Pts',(-3.79007200745861,5.,3.57231920885388));
#6302=CARTESIAN_POINT('Ctrl Pts',(-3.6635877351226,5.,3.27149482419934));
#6303=CARTESIAN_POINT('Ctrl Pts',(-3.40873684292538,5.,3.06790818427755));
#6304=CARTESIAN_POINT('Ctrl Pts',(-3.28274250030518,5.,2.96725809574127));
#6305=CARTESIAN_POINT('',(-2.20327615737915,5.,2.69440710544586));
#6306=CARTESIAN_POINT('Ctrl Pts',(-3.28274250030518,5.,2.96725809574127));
#6307=CARTESIAN_POINT('Ctrl Pts',(-3.1278438835729,5.,2.88782193376452));
#6308=CARTESIAN_POINT('Ctrl Pts',(-2.78992459472923,5.,2.71452786613542));
#6309=CARTESIAN_POINT('Ctrl Pts',(-2.40938204163511,5.,2.70147608732631));
#6310=CARTESIAN_POINT('Ctrl Pts',(-2.20327615737915,5.,2.69440710544586));
#6311=CARTESIAN_POINT('',(-1.16985082626343,5.,2.97578513622284));
#6312=CARTESIAN_POINT('Ctrl Pts',(-2.20327615737915,5.,2.69440710544586));
#6313=CARTESIAN_POINT('Ctrl Pts',(-1.99502722501681,5.,2.69893751491464));
#6314=CARTESIAN_POINT('Ctrl Pts',(-1.62516814313482,5.,2.70698371744575));
#6315=CARTESIAN_POINT('Ctrl Pts',(-1.30830456038536,5.,2.89404750229605));
#6316=CARTESIAN_POINT('Ctrl Pts',(-1.16985082626343,5.,2.97578513622284));
#6317=CARTESIAN_POINT('',(-0.835607051849365,5.,3.66302907466889));
#6318=CARTESIAN_POINT('Ctrl Pts',(-1.16985082626343,5.,2.97578513622284));
#6319=CARTESIAN_POINT('Ctrl Pts',(-1.07237591396109,5.,3.07326946605123));
#6320=CARTESIAN_POINT('Ctrl Pts',(-0.881483259861513,5.,3.2641805632199));
#6321=CARTESIAN_POINT('Ctrl Pts',(-0.850680900067946,5.,3.53197678886969));
#6322=CARTESIAN_POINT('Ctrl Pts',(-0.835607051849365,5.,3.66302907466889));
#6323=CARTESIAN_POINT('',(-0.864598751068115,5.,4.01091516017914));
#6324=CARTESIAN_POINT('Ctrl Pts',(-0.835607051849365,5.,3.66302907466889));
#6325=CARTESIAN_POINT('Ctrl Pts',(-0.836965148364444,5.,3.71939140729394));
#6326=CARTESIAN_POINT('Ctrl Pts',(-0.839772904426974,5.,3.83591602787105));
#6327=CARTESIAN_POINT('Ctrl Pts',(-0.856145494702312,5.,3.95132756380925));
#6328=CARTESIAN_POINT('Ctrl Pts',(-0.864598751068115,5.,4.01091516017914));
#6329=CARTESIAN_POINT('',(-1.0675311088562,5.,4.97953712940216));
#6330=CARTESIAN_POINT('Ctrl Pts',(-0.864598751068115,5.,4.01091516017914));
#6331=CARTESIAN_POINT('Ctrl Pts',(-0.885939672154494,5.,4.12241221352713));
#6332=CARTESIAN_POINT('Ctrl Pts',(-0.947960677430166,5.,4.44644505662363));
#6333=CARTESIAN_POINT('Ctrl Pts',(-1.02016904831427,5.,4.76837841127899));
#6334=CARTESIAN_POINT('Ctrl Pts',(-1.0675311088562,5.,4.97953712940216));
#6335=CARTESIAN_POINT('',(-1.210777759552,5.,5.88676750659943));
#6336=CARTESIAN_POINT('Ctrl Pts',(-1.0675311088562,5.,4.97953712940216));
#6337=CARTESIAN_POINT('Ctrl Pts',(-1.10856390305205,5.,5.1623734138543));
#6338=CARTESIAN_POINT('Ctrl Pts',(-1.17578750003077,5.,5.46191218375703));
#6339=CARTESIAN_POINT('Ctrl Pts',(-1.20096746275856,5.,5.76764987591062));
#6340=CARTESIAN_POINT('Ctrl Pts',(-1.210777759552,5.,5.88676750659943));
#6341=CARTESIAN_POINT('',(-1.12892389297485,5.,6.40177428722382));
#6342=CARTESIAN_POINT('Ctrl Pts',(-1.210777759552,5.,5.88676750659943));
#6343=CARTESIAN_POINT('Ctrl Pts',(-1.20661282969321,5.,5.9687494904306));
#6344=CARTESIAN_POINT('Ctrl Pts',(-1.19774687542615,5.,6.14326587942471));
#6345=CARTESIAN_POINT('Ctrl Pts',(-1.15277139270902,5.,6.31219986067768));
#6346=CARTESIAN_POINT('Ctrl Pts',(-1.12892389297485,5.,6.40177428722382));
#6347=CARTESIAN_POINT('',(-2.08049297332764,5.,6.40177428722382));
#6348=CARTESIAN_POINT('',(-0.564461946487429,5.,6.40177428722382));
#6349=CARTESIAN_POINT('',(-2.15211629867554,5.,5.9924978017807));
#6350=CARTESIAN_POINT('Ctrl Pts',(-2.08049297332764,5.,6.40177428722382));
#6351=CARTESIAN_POINT('Ctrl Pts',(-2.09798823948657,5.,6.33502515510404));
#6352=CARTESIAN_POINT('Ctrl Pts',(-2.13322371963903,5.,6.2005923491876));
#6353=CARTESIAN_POINT('Ctrl Pts',(-2.145789653968,5.,6.06218337856071));
#6354=CARTESIAN_POINT('Ctrl Pts',(-2.15211629867554,5.,5.9924978017807));
#6355=CARTESIAN_POINT('',(-2.64665842056274,5.,6.35914146900177));
#6356=CARTESIAN_POINT('Ctrl Pts',(-2.15211629867554,5.,5.9924978017807));
#6357=CARTESIAN_POINT('Ctrl Pts',(-2.22590577469185,5.,6.06721480574277));
#6358=CARTESIAN_POINT('Ctrl Pts',(-2.37184794195521,5.,6.21499145464101));
#6359=CARTESIAN_POINT('Ctrl Pts',(-2.55574240470685,5.,6.31145207572369));
#6360=CARTESIAN_POINT('Ctrl Pts',(-2.64665842056274,5.,6.35914146900177));
#6361=CARTESIAN_POINT('',(-3.2094144821167,5.,6.48703992366791));
#6362=CARTESIAN_POINT('Ctrl Pts',(-2.64665842056274,5.,6.35914146900177));
#6363=CARTESIAN_POINT('Ctrl Pts',(-2.73896999273259,5.,6.39644033693574));
#6364=CARTESIAN_POINT('Ctrl Pts',(-2.9197206916458,5.,6.46947339540573));
#6365=CARTESIAN_POINT('Ctrl Pts',(-3.1142390207495,5.,6.48126864900836));
#6366=CARTESIAN_POINT('Ctrl Pts',(-3.2094144821167,5.,6.48703992366791));
#6367=CARTESIAN_POINT('',(-3.95293474197388,5.,6.19201958179474));
#6368=CARTESIAN_POINT('Ctrl Pts',(-3.2094144821167,5.,6.48703992366791));
#6369=CARTESIAN_POINT('Ctrl Pts',(-3.35180492492381,5.,6.47587531567836));
#6370=CARTESIAN_POINT('Ctrl Pts',(-3.63040613822194,5.,6.45403063796991));
#6371=CARTESIAN_POINT('Ctrl Pts',(-3.84702683347725,5.,6.27805549501206));
#6372=CARTESIAN_POINT('Ctrl Pts',(-3.95293474197388,5.,6.19201958179474));
#6373=CARTESIAN_POINT('',(-4.24624919891357,5.,5.43315231800079));
#6374=CARTESIAN_POINT('Ctrl Pts',(-3.95293474197388,5.,6.19201958179474));
#6375=CARTESIAN_POINT('Ctrl Pts',(-4.03846301858034,5.,6.08441428140085));
#6376=CARTESIAN_POINT('Ctrl Pts',(-4.21490098909794,5.,5.86243318261416));
#6377=CARTESIAN_POINT('Ctrl Pts',(-4.23558946053474,5.,5.57912625829049));
#6378=CARTESIAN_POINT('Ctrl Pts',(-4.24624919891357,5.,5.43315231800079));
#6379=CARTESIAN_POINT('',(-3.92394304275513,5.,4.60436642169952));
#6380=CARTESIAN_POINT('Ctrl Pts',(-4.24624919891357,5.,5.43315231800079));
#6381=CARTESIAN_POINT('Ctrl Pts',(-4.23519328293144,5.,5.27137810517891));
#6382=CARTESIAN_POINT('Ctrl Pts',(-4.21396223750433,5.,4.96071767081006));
#6383=CARTESIAN_POINT('Ctrl Pts',(-4.01790491044896,5.,4.71981887977013));
#6384=CARTESIAN_POINT('Ctrl Pts',(-3.92394304275513,5.,4.60436642169952));
#6385=CARTESIAN_POINT('',(-2.77285099029541,5.,4.22919571399689));
#6386=CARTESIAN_POINT('Ctrl Pts',(-3.92394304275513,5.,4.60436642169952));
#6387=CARTESIAN_POINT('Ctrl Pts',(-3.778229478391,5.,4.51034270530038));
#6388=CARTESIAN_POINT('Ctrl Pts',(-3.43001210204371,5.,4.2856505705509));
#6389=CARTESIAN_POINT('Ctrl Pts',(-3.01449346390271,5.,4.24995453697192));
#6390=CARTESIAN_POINT('Ctrl Pts',(-2.77285099029541,5.,4.22919571399689));
#6391=CARTESIAN_POINT('',(-1.83833599090576,5.,4.08935964107514));
#6392=CARTESIAN_POINT('Ctrl Pts',(-2.77285099029541,5.,4.22919571399689));
#6393=CARTESIAN_POINT('Ctrl Pts',(-2.57743858036947,5.,4.21407359029131));
#6394=CARTESIAN_POINT('Ctrl Pts',(-2.26232426697504,5.,4.18968825248009));
#6395=CARTESIAN_POINT('Ctrl Pts',(-1.95505703700653,5.,4.11697941534246));
#6396=CARTESIAN_POINT('Ctrl Pts',(-1.83833599090576,5.,4.08935964107514));
#6397=CARTESIAN_POINT('',(-1.7769455909729,5.,3.76193821430206));
#6398=CARTESIAN_POINT('Ctrl Pts',(-1.83833599090576,5.,4.08935964107514));
#6399=CARTESIAN_POINT('Ctrl Pts',(-1.82054155320583,5.,4.02840278964492));
#6400=CARTESIAN_POINT('Ctrl Pts',(-1.78924342176757,5.,3.92118751370881));
#6401=CARTESIAN_POINT('Ctrl Pts',(-1.78065227345833,5.,3.80993745894794));
#6402=CARTESIAN_POINT('Ctrl Pts',(-1.7769455909729,5.,3.76193821430206));
#6403=CARTESIAN_POINT('',(-1.90313816070557,5.,3.4993189573288));
#6404=CARTESIAN_POINT('Ctrl Pts',(-1.7769455909729,5.,3.76193821430206));
#6405=CARTESIAN_POINT('Ctrl Pts',(-1.78249087042701,5.,3.71153620988978));
#6406=CARTESIAN_POINT('Ctrl Pts',(-1.79373778121518,5.,3.60931109177598));
#6407=CARTESIAN_POINT('Ctrl Pts',(-1.86633495797802,5.,3.53632123137348));
#6408=CARTESIAN_POINT('Ctrl Pts',(-1.90313816070557,5.,3.4993189573288));
#6409=CARTESIAN_POINT('Ctrl Pts',(-1.90313816070557,5.,3.4993189573288));
#6410=CARTESIAN_POINT('Ctrl Pts',(-1.95412925090406,5.,3.46857923390292));
#6411=CARTESIAN_POINT('Ctrl Pts',(-2.06889925988364,5.,3.39939070861578));
#6412=CARTESIAN_POINT('Ctrl Pts',(-2.20350629982617,5.,3.39566119349848));
#6413=CARTESIAN_POINT('Ctrl Pts',(-2.2783088684082,5.,3.39358866214752));
#6414=CARTESIAN_POINT('',(-7.61937260627747,5.,6.28240168094635));
#6415=CARTESIAN_POINT('',(-8.2094132900238,5.,5.70259273052216));
#6416=CARTESIAN_POINT('Ctrl Pts',(-7.61937260627747,5.,6.28240168094635));
#6417=CARTESIAN_POINT('Ctrl Pts',(-7.74239131208204,5.,6.20799048903789));
#6418=CARTESIAN_POINT('Ctrl Pts',(-7.98499500896657,5.,6.06124508045543));
#6419=CARTESIAN_POINT('Ctrl Pts',(-8.13531639238398,5.,5.82101011762669));
#6420=CARTESIAN_POINT('Ctrl Pts',(-8.2094132900238,5.,5.70259273052216));
#6421=CARTESIAN_POINT('',(-8.40381979942322,5.,4.89768207073212));
#6422=CARTESIAN_POINT('Ctrl Pts',(-8.2094132900238,5.,5.70259273052216));
#6423=CARTESIAN_POINT('Ctrl Pts',(-8.26611487572369,5.,5.57494933892476));
#6424=CARTESIAN_POINT('Ctrl Pts',(-8.38001971590098,5.,5.31853322745047));
#6425=CARTESIAN_POINT('Ctrl Pts',(-8.3958631785687,5.,5.03837708497709));
#6426=CARTESIAN_POINT('Ctrl Pts',(-8.40381979942322,5.,4.89768207073212));
#6427=CARTESIAN_POINT('',(-7.83594846725464,5.,3.29297482967377));
#6428=CARTESIAN_POINT('Ctrl Pts',(-8.40381979942322,5.,4.89768207073212));
#6429=CARTESIAN_POINT('Ctrl Pts',(-8.38582582935829,5.,4.58552695576007));
#6430=CARTESIAN_POINT('Ctrl Pts',(-8.3517161358592,5.,3.99380010185001));
#6431=CARTESIAN_POINT('Ctrl Pts',(-8.0014417495615,5.,3.51784715431917));
#6432=CARTESIAN_POINT('Ctrl Pts',(-7.83594846725464,5.,3.29297482967377));
#6433=CARTESIAN_POINT('',(-6.34379267692566,5.,2.69440710544586));
#6434=CARTESIAN_POINT('Ctrl Pts',(-7.83594846725464,5.,3.29297482967377));
#6435=CARTESIAN_POINT('Ctrl Pts',(-7.62714095065414,5.,3.11844251469783));
#6436=CARTESIAN_POINT('Ctrl Pts',(-7.19567690555563,5.,2.75780215152546));
#6437=CARTESIAN_POINT('Ctrl Pts',(-6.63376610489178,5.,2.71598618651106));
#6438=CARTESIAN_POINT('Ctrl Pts',(-6.34379267692566,5.,2.69440710544586));
#6439=CARTESIAN_POINT('',(-5.09208679199219,5.,3.13608586788178));
#6440=CARTESIAN_POINT('Ctrl Pts',(-6.34379267692566,5.,2.69440710544586));
#6441=CARTESIAN_POINT('Ctrl Pts',(-6.09712464193641,5.,2.70737226600807));
#6442=CARTESIAN_POINT('Ctrl Pts',(-5.63464582536682,5.,2.73168069378513));
#6443=CARTESIAN_POINT('Ctrl Pts',(-5.26471230381697,5.,3.00741664320993));
#6444=CARTESIAN_POINT('Ctrl Pts',(-5.09208679199219,5.,3.13608586788178));
#6445=CARTESIAN_POINT('',(-4.6418833732605,5.,4.32469427585602));
#6446=CARTESIAN_POINT('Ctrl Pts',(-5.09208679199219,5.,3.13608586788178));
#6447=CARTESIAN_POINT('Ctrl Pts',(-4.96085799000743,5.,3.30146244070691));
#6448=CARTESIAN_POINT('Ctrl Pts',(-4.68531122650489,5.,3.64871074833378));
#6449=CARTESIAN_POINT('Ctrl Pts',(-4.65681060786688,5.,4.09234190401319));
#6450=CARTESIAN_POINT('Ctrl Pts',(-4.6418833732605,5.,4.32469427585602));
#6451=CARTESIAN_POINT('',(-5.20463824272156,5.,5.84583938121796));
#6452=CARTESIAN_POINT('Ctrl Pts',(-4.6418833732605,5.,4.32469427585602));
#6453=CARTESIAN_POINT('Ctrl Pts',(-4.66452089142743,5.,4.60713280504927));
#6454=CARTESIAN_POINT('Ctrl Pts',(-4.70941296248079,5.,5.1672317711659));
#6455=CARTESIAN_POINT('Ctrl Pts',(-5.04050464160865,5.,5.62092697221025));
#6456=CARTESIAN_POINT('Ctrl Pts',(-5.20463824272156,5.,5.84583938121796));
#6457=CARTESIAN_POINT('',(-6.7121422290802,5.,6.48703992366791));
#6458=CARTESIAN_POINT('Ctrl Pts',(-5.20463824272156,5.,5.84583938121796));
#6459=CARTESIAN_POINT('Ctrl Pts',(-5.4125028117651,5.,6.03281223318472));
#6460=CARTESIAN_POINT('Ctrl Pts',(-5.84073614200342,5.,6.41800537807854));
#6461=CARTESIAN_POINT('Ctrl Pts',(-6.41607368036121,5.,6.46358477683426));
#6462=CARTESIAN_POINT('Ctrl Pts',(-6.7121422290802,5.,6.48703992366791));
#6463=CARTESIAN_POINT('Ctrl Pts',(-6.7121422290802,5.,6.48703992366791));
#6464=CARTESIAN_POINT('Ctrl Pts',(-6.87527241228237,5.,6.47981277764538));
#6465=CARTESIAN_POINT('Ctrl Pts',(-7.19017161638256,5.,6.46586181844373));
#6466=CARTESIAN_POINT('Ctrl Pts',(-7.47978861380602,5.,6.34206626479905));
#6467=CARTESIAN_POINT('Ctrl Pts',(-7.61937260627747,5.,6.28240168094635));
#6468=CARTESIAN_POINT('',(-9.94542956352234,5.,1.40177428722382));
#6469=CARTESIAN_POINT('',(-12.2373807430267,5.,4.54979598522186));
#6470=CARTESIAN_POINT('',(-7.88919505957276,5.,-1.42248780548151));
#6471=CARTESIAN_POINT('',(-12.6261937618256,5.,6.40177428722382));
#6472=CARTESIAN_POINT('',(-11.5216336645304,5.,1.14057871366151));
#6473=CARTESIAN_POINT('',(-13.6527967453003,5.,6.40177428722382));
#6474=CARTESIAN_POINT('',(-6.31309688091278,5.,6.40177428722382));
#6475=CARTESIAN_POINT('',(-13.2469296455383,5.,4.45429861545563));
#6476=CARTESIAN_POINT('',(-12.7293261225463,5.,1.97067708210213));
#6477=CARTESIAN_POINT('',(-14.6248292922974,5.,1.40177428722382));
#6478=CARTESIAN_POINT('',(-12.9609397822363,5.,5.08786508556151));
#6479=CARTESIAN_POINT('',(-13.5300135612488,5.,1.40177428722382));
#6480=CARTESIAN_POINT('',(-7.31241464614868,5.,1.40177428722382));
#6481=CARTESIAN_POINT('',(-12.9092764854431,5.,2.81377971172333));
#6482=CARTESIAN_POINT('',(-12.6925705017699,5.,3.30672597898308));
#6483=CARTESIAN_POINT('',(-12.6125514507294,5.,3.54706704616547));
#6484=CARTESIAN_POINT('Ctrl Pts',(-12.9092764854431,5.,2.81377971172333));
#6485=CARTESIAN_POINT('Ctrl Pts',(-12.8458715935596,5.,2.95889277721653));
#6486=CARTESIAN_POINT('Ctrl Pts',(-12.7402462934782,5.,3.2006345519147));
#6487=CARTESIAN_POINT('Ctrl Pts',(-12.6490173613627,5.,3.44813606270625));
#6488=CARTESIAN_POINT('Ctrl Pts',(-12.6125514507294,5.,3.54706704616547));
#6489=CARTESIAN_POINT('',(-12.3192358016968,5.,3.0763989686966));
#6490=CARTESIAN_POINT('Ctrl Pts',(-12.6125514507294,5.,3.54706704616547));
#6491=CARTESIAN_POINT('Ctrl Pts',(-12.5677388537038,5.,3.47048405880925));
#6492=CARTESIAN_POINT('Ctrl Pts',(-12.4743421099102,5.,3.31087265211116));
#6493=CARTESIAN_POINT('Ctrl Pts',(-12.3723113079362,5.,3.15663303261309));
#6494=CARTESIAN_POINT('Ctrl Pts',(-12.3192358016968,5.,3.0763989686966));
#6495=CARTESIAN_POINT('',(-11.8451571464539,5.,2.41473495960236));
#6496=CARTESIAN_POINT('',(-9.50151376594155,5.,-0.856250683576115));
#6497=CARTESIAN_POINT('',(-11.1391544342041,5.,1.40177428722382));
#6498=CARTESIAN_POINT('',(-9.34241621796023,5.,-1.17615511734588));
#6499=CARTESIAN_POINT('',(-5.56957721710205,5.,1.40177428722382));
#6500=CARTESIAN_POINT('',(11.8758535385132,5.,-1.40177309513092));
#6501=CARTESIAN_POINT('',(12.8615283966064,5.,-5.54911285638809));
#6502=CARTESIAN_POINT('',(11.4007157078329,5.,0.59742369991532));
#6503=CARTESIAN_POINT('',(10.8867692947388,5.,-1.40177309513092));
#6504=CARTESIAN_POINT('',(10.5960657643854,5.,-0.791244798777144));
#6505=CARTESIAN_POINT('',(9.91132497787476,5.,-1.40177309513092));
#6506=CARTESIAN_POINT('',(5.44338464736938,5.,-1.40177309513092));
#6507=CARTESIAN_POINT('',(9.73056077957153,5.,-5.57980865240097));
#6508=CARTESIAN_POINT('',(9.93233329858802,5.,-0.916203984862081));
#6509=CARTESIAN_POINT('',(8.93588066101074,5.,-1.40177309513092));
#6510=CARTESIAN_POINT('',(9.0485675924013,5.,-1.99422532237685));
#6511=CARTESIAN_POINT('',(8.00818681716919,5.,-1.40177309513092));
#6512=CARTESIAN_POINT('',(4.46794033050537,5.,-1.40177309513092));
#6513=CARTESIAN_POINT('',(9.05184268951416,5.,-6.40177309513092));
#6514=CARTESIAN_POINT('',(7.70082801219039,5.,0.0707372079453497));
#6515=CARTESIAN_POINT('',(10.5184197425842,5.,-6.40177309513092));
#6516=CARTESIAN_POINT('',(4.52592134475708,5.,-6.40177309513092));
#6517=CARTESIAN_POINT('',(10.6718969345093,5.,-2.89904475212097));
#6518=CARTESIAN_POINT('',(10.6483248219974,5.,-3.43701854199949));
#6519=CARTESIAN_POINT('',(12.3772192001343,5.,-6.40177309513092));
#6520=CARTESIAN_POINT('',(9.07898412397163,5.,0.372794806819503));
#6521=CARTESIAN_POINT('',(13.8608479499817,5.,-6.40177309513092));
#6522=CARTESIAN_POINT('',(6.18860960006714,5.,-6.40177309513092));
#6523=CARTESIAN_POINT('',(12.8137803077698,5.,-1.40177309513092));
#6524=CARTESIAN_POINT('',(12.9275412668994,5.,-1.94500905498406));
#6525=CARTESIAN_POINT('',(6.40689015388489,5.,-1.40177309513092));
#6526=CARTESIAN_POINT('',(-1.27217054367065,5.,-1.63028597831726));
#6527=CARTESIAN_POINT('',(-1.94406509399414,5.,-2.41643846035004));
#6528=CARTESIAN_POINT('Ctrl Pts',(-1.27217054367065,5.,-1.63028597831726));
#6529=CARTESIAN_POINT('Ctrl Pts',(-1.41760202205028,5.,-1.73983366087966));
#6530=CARTESIAN_POINT('Ctrl Pts',(-1.69990463172109,5.,-1.95248086088975));
#6531=CARTESIAN_POINT('Ctrl Pts',(-1.86434035119132,5.,-2.26494423420044));
#6532=CARTESIAN_POINT('Ctrl Pts',(-1.94406509399414,5.,-2.41643846035004));
#6533=CARTESIAN_POINT('',(-2.1418833732605,5.,-3.36289167404175));
#6534=CARTESIAN_POINT('Ctrl Pts',(-1.94406509399414,5.,-2.41643846035004));
#6535=CARTESIAN_POINT('Ctrl Pts',(-2.00175725864082,5.,-2.57176257671707));
#6536=CARTESIAN_POINT('Ctrl Pts',(-2.11527490142989,5.,-2.87738514550545));
#6537=CARTESIAN_POINT('Ctrl Pts',(-2.13311165195047,5.,-3.20284009386708));
#6538=CARTESIAN_POINT('Ctrl Pts',(-2.1418833732605,5.,-3.36289167404175));
#6539=CARTESIAN_POINT('',(-2.00886726379395,5.,-4.29740697145462));
#6540=CARTESIAN_POINT('Ctrl Pts',(-2.1418833732605,5.,-3.36289167404175));
#6541=CARTESIAN_POINT('Ctrl Pts',(-2.13560785159594,5.,-3.51533839785878));
#6542=CARTESIAN_POINT('Ctrl Pts',(-2.12260407051097,5.,-3.8312298774208));
#6543=CARTESIAN_POINT('Ctrl Pts',(-2.04764940297684,5.,-4.13844923853992));
#6544=CARTESIAN_POINT('Ctrl Pts',(-2.00886726379395,5.,-4.29740697145462));
#6545=CARTESIAN_POINT('',(-1.47851467132568,5.,-5.43997168540955));
#6546=CARTESIAN_POINT('Ctrl Pts',(-2.00886726379395,5.,-4.29740697145462));
#6547=CARTESIAN_POINT('Ctrl Pts',(-1.94528367267095,5.,-4.50682241582326));
#6548=CARTESIAN_POINT('Ctrl Pts',(-1.82204121368186,5.,-4.91272705031238));
#6549=CARTESIAN_POINT('Ctrl Pts',(-1.59056637128492,5.,-5.26799470438264));
#6550=CARTESIAN_POINT('Ctrl Pts',(-1.47851467132568,5.,-5.43997168540955));
#6551=CARTESIAN_POINT('',(-0.57981014251709,5.,-6.20566070079803));
#6552=CARTESIAN_POINT('Ctrl Pts',(-1.47851467132568,5.,-5.43997168540955));
#6553=CARTESIAN_POINT('Ctrl Pts',(-1.35159527120824,5.,-5.59314497696554));
#6554=CARTESIAN_POINT('Ctrl Pts',(-1.0967039875431,5.,-5.90076175479299));
#6555=CARTESIAN_POINT('Ctrl Pts',(-0.752581734581508,5.,-6.10374833169756));
#6556=CARTESIAN_POINT('Ctrl Pts',(-0.57981014251709,5.,-6.20566070079803));
#6557=CARTESIAN_POINT('',(0.654842853546143,5.,-6.48703873157501));
#6558=CARTESIAN_POINT('Ctrl Pts',(-0.57981014251709,5.,-6.20566070079803));
#6559=CARTESIAN_POINT('Ctrl Pts',(-0.389255365288013,5.,-6.2877051558651));
#6560=CARTESIAN_POINT('Ctrl Pts',(0.00469821221201983,5.,-6.45732413397582));
#6561=CARTESIAN_POINT('Ctrl Pts',(0.433468259636602,5.,-6.47692089539134));
#6562=CARTESIAN_POINT('Ctrl Pts',(0.654842853546143,5.,-6.48703873157501));
#6563=CARTESIAN_POINT('',(2.15381860733032,5.,-5.91064035892486));
#6564=CARTESIAN_POINT('Ctrl Pts',(0.654842853546143,5.,-6.48703873157501));
#6565=CARTESIAN_POINT('Ctrl Pts',(0.945325731300279,5.,-6.46684008648656));
#6566=CARTESIAN_POINT('Ctrl Pts',(1.50526798427411,5.,-6.42790465963701));
#6567=CARTESIAN_POINT('Ctrl Pts',(1.94311484241525,5.,-6.07869128932504));
#6568=CARTESIAN_POINT('Ctrl Pts',(2.15381860733032,5.,-5.91064035892486));
#6569=CARTESIAN_POINT('',(2.72510051727295,5.,-4.38267320394516));
#6570=CARTESIAN_POINT('Ctrl Pts',(2.15381860733032,5.,-5.91064035892486));
#6571=CARTESIAN_POINT('Ctrl Pts',(2.32035126352095,5.,-5.69635636042889));
#6572=CARTESIAN_POINT('Ctrl Pts',(2.66893822556763,5.,-5.24781605752623));
#6573=CARTESIAN_POINT('Ctrl Pts',(2.70583215717705,5.,-4.6794895113114));
#6574=CARTESIAN_POINT('Ctrl Pts',(2.72510051727295,5.,-4.38267320394516));
#6575=CARTESIAN_POINT('',(2.35334157943726,5.,-2.85129547119141));
#6576=CARTESIAN_POINT('Ctrl Pts',(2.72510051727295,5.,-4.38267320394516));
#6577=CARTESIAN_POINT('Ctrl Pts',(2.70888681486725,5.,-4.11961761086683));
#6578=CARTESIAN_POINT('Ctrl Pts',(2.67606935682704,5.,-3.58717809322426));
#6579=CARTESIAN_POINT('Ctrl Pts',(2.4617665401741,5.,-3.09852564470222));
#6580=CARTESIAN_POINT('Ctrl Pts',(2.35334157943726,5.,-2.85129547119141));
#6581=CARTESIAN_POINT('',(1.34379148483276,5.,-1.71214163303375));
#6582=CARTESIAN_POINT('Ctrl Pts',(2.35334157943726,5.,-2.85129547119141));
#6583=CARTESIAN_POINT('Ctrl Pts',(2.22116269679506,5.,-2.6205989097192));
#6584=CARTESIAN_POINT('Ctrl Pts',(1.96335067986629,5.,-2.17063031698502));
#6585=CARTESIAN_POINT('Ctrl Pts',(1.54678574177257,5.,-1.86236225837523));
#6586=CARTESIAN_POINT('Ctrl Pts',(1.34379148483276,5.,-1.71214163303375));
#6587=CARTESIAN_POINT('',(-0.0989103317260742,5.,-1.31309628486633));
#6588=CARTESIAN_POINT('Ctrl Pts',(1.34379148483276,5.,-1.71214163303375));
#6589=CARTESIAN_POINT('Ctrl Pts',(1.12190960891941,5.,-1.5957636527981));
#6590=CARTESIAN_POINT('Ctrl Pts',(0.67005781335598,5.,-1.35876547925617));
#6591=CARTESIAN_POINT('Ctrl Pts',(0.160452986561035,5.,-1.32849993178747));
#6592=CARTESIAN_POINT('Ctrl Pts',(-0.0989103317260742,5.,-1.31309628486633));
#6593=CARTESIAN_POINT('Ctrl Pts',(-0.0989103317260742,5.,-1.31309628486633));
#6594=CARTESIAN_POINT('Ctrl Pts',(-0.317767943325395,5.,-1.32320611115937));
#6595=CARTESIAN_POINT('Ctrl Pts',(-0.733011451951286,5.,-1.34238771380431));
#6596=CARTESIAN_POINT('Ctrl Pts',(-1.09905388039579,5.,-1.53784575486454));
#6597=CARTESIAN_POINT('Ctrl Pts',(-1.27217054367065,5.,-1.63028597831726));
#6598=CARTESIAN_POINT('',(-11.7496573925018,5.,-1.63028597831726));
#6599=CARTESIAN_POINT('',(-12.4215543270111,5.,-2.41643846035004));
#6600=CARTESIAN_POINT('Ctrl Pts',(-11.7496573925018,5.,-1.63028597831726));
#6601=CARTESIAN_POINT('Ctrl Pts',(-11.8950892536244,5.,-1.73983364230174));
#6602=CARTESIAN_POINT('Ctrl Pts',(-12.1773925479356,5.,-1.95248076232209));
#6603=CARTESIAN_POINT('Ctrl Pts',(-12.3418291660233,5.,-2.26494422440994));
#6604=CARTESIAN_POINT('Ctrl Pts',(-12.4215543270111,5.,-2.41643846035004));
#6605=CARTESIAN_POINT('',(-12.6193714141846,5.,-3.36289167404175));
#6606=CARTESIAN_POINT('Ctrl Pts',(-12.4215543270111,5.,-2.41643846035004));
#6607=CARTESIAN_POINT('Ctrl Pts',(-12.4792465959371,5.,-2.57176256576027));
#6608=CARTESIAN_POINT('Ctrl Pts',(-12.5927644295018,5.,-2.87738507419658));
#6609=CARTESIAN_POINT('Ctrl Pts',(-12.6106001838974,5.,-3.20284008443317));
#6610=CARTESIAN_POINT('Ctrl Pts',(-12.6193714141846,5.,-3.36289167404175));
#6611=CARTESIAN_POINT('',(-12.4863564968109,5.,-4.29740697145462));
#6612=CARTESIAN_POINT('Ctrl Pts',(-12.6193714141846,5.,-3.36289167404175));
#6613=CARTESIAN_POINT('Ctrl Pts',(-12.61309638387,5.,-3.51533840463003));
#6614=CARTESIAN_POINT('Ctrl Pts',(-12.600093619653,5.,-3.8312299293102));
#6615=CARTESIAN_POINT('Ctrl Pts',(-12.5251387461325,5.,-4.1384492466178));
#6616=CARTESIAN_POINT('Ctrl Pts',(-12.4863564968109,5.,-4.29740697145462));
#6617=CARTESIAN_POINT('',(-11.9560015201569,5.,-5.43997168540955));
#6618=CARTESIAN_POINT('Ctrl Pts',(-12.4863564968109,5.,-4.29740697145462));
#6619=CARTESIAN_POINT('Ctrl Pts',(-12.422772502697,5.,-4.50682243307071));
#6620=CARTESIAN_POINT('Ctrl Pts',(-12.2995292403262,5.,-4.91272717435252));
#6621=CARTESIAN_POINT('Ctrl Pts',(-12.0680536188399,5.,-5.26799472252013));
#6622=CARTESIAN_POINT('Ctrl Pts',(-11.9560015201569,5.,-5.43997168540955));
#6623=CARTESIAN_POINT('',(-11.0572981834412,5.,-6.20566070079803));
#6624=CARTESIAN_POINT('Ctrl Pts',(-11.9560015201569,5.,-5.43997168540955));
#6625=CARTESIAN_POINT('Ctrl Pts',(-11.8290825553078,5.,-5.59314500848993));
#6626=CARTESIAN_POINT('Ctrl Pts',(-11.5741919703375,5.,-5.9007620613726));
#6627=CARTESIAN_POINT('Ctrl Pts',(-11.2300698345993,5.,-6.10374838785324));
#6628=CARTESIAN_POINT('Ctrl Pts',(-11.0572981834412,5.,-6.20566070079803));
#6629=CARTESIAN_POINT('',(-9.82264518737793,5.,-6.48703873157501));
#6630=CARTESIAN_POINT('Ctrl Pts',(-11.0572981834412,5.,-6.20566070079803));
#6631=CARTESIAN_POINT('Ctrl Pts',(-10.8667434062121,5.,-6.2877051558651));
#6632=CARTESIAN_POINT('Ctrl Pts',(-10.4727898287121,5.,-6.45732413397582));
#6633=CARTESIAN_POINT('Ctrl Pts',(-10.0440197812875,5.,-6.47692089539134));
#6634=CARTESIAN_POINT('Ctrl Pts',(-9.82264518737793,5.,-6.48703873157501));
#6635=CARTESIAN_POINT('',(-8.32366943359375,5.,-5.91064035892486));
#6636=CARTESIAN_POINT('Ctrl Pts',(-9.82264518737793,5.,-6.48703873157501));
#6637=CARTESIAN_POINT('Ctrl Pts',(-9.53216184691013,5.,-6.46684022846166));
#6638=CARTESIAN_POINT('Ctrl Pts',(-8.97221941456153,5.,-6.42790512483445));
#6639=CARTESIAN_POINT('Ctrl Pts',(-8.53437279475921,5.,-6.07869128481801));
#6640=CARTESIAN_POINT('Ctrl Pts',(-8.32366943359375,5.,-5.91064035892486));
#6641=CARTESIAN_POINT('',(-7.75238633155823,5.,-4.38267320394516));
#6642=CARTESIAN_POINT('Ctrl Pts',(-8.32366943359375,5.,-5.91064035892486));
#6643=CARTESIAN_POINT('Ctrl Pts',(-8.15713512121352,5.,-5.69635655352864));
#6644=CARTESIAN_POINT('Ctrl Pts',(-7.80854521528914,5.,-5.24781732760839));
#6645=CARTESIAN_POINT('Ctrl Pts',(-7.77165350506794,5.,-4.67948967952536));
#6646=CARTESIAN_POINT('Ctrl Pts',(-7.75238633155823,5.,-4.38267320394516));
#6647=CARTESIAN_POINT('',(-8.12414646148682,5.,-2.85129547119141));
#6648=CARTESIAN_POINT('Ctrl Pts',(-7.75238633155823,5.,-4.38267320394516));
#6649=CARTESIAN_POINT('Ctrl Pts',(-7.76859995352219,5.,-4.11961758057988));
#6650=CARTESIAN_POINT('Ctrl Pts',(-7.80141725730522,5.,-3.58717786273031));
#6651=CARTESIAN_POINT('Ctrl Pts',(-8.01572100305719,5.,-3.09852560908746));
#6652=CARTESIAN_POINT('Ctrl Pts',(-8.12414646148682,5.,-2.85129547119141));
#6653=CARTESIAN_POINT('',(-9.13369655609131,5.,-1.71214163303375));
#6654=CARTESIAN_POINT('Ctrl Pts',(-8.12414646148682,5.,-2.85129547119141));
#6655=CARTESIAN_POINT('Ctrl Pts',(-8.25632583102217,5.,-2.62059898678242));
#6656=CARTESIAN_POINT('Ctrl Pts',(-8.51413853937766,5.,-2.17063099508562));
#6657=CARTESIAN_POINT('Ctrl Pts',(-8.93070282905762,5.,-1.86236237410637));
#6658=CARTESIAN_POINT('Ctrl Pts',(-9.13369655609131,5.,-1.71214163303375));
#6659=CARTESIAN_POINT('',(-10.5763971805573,5.,-1.31309628486633));
#6660=CARTESIAN_POINT('Ctrl Pts',(-9.13369655609131,5.,-1.71214163303375));
#6661=CARTESIAN_POINT('Ctrl Pts',(-9.35557762820797,5.,-1.59576365539118));
#6662=CARTESIAN_POINT('Ctrl Pts',(-9.80742881583304,5.,-1.35876494743672));
#6663=CARTESIAN_POINT('Ctrl Pts',(-10.3170334105412,5.,-1.32849977483967));
#6664=CARTESIAN_POINT('Ctrl Pts',(-10.5763971805573,5.,-1.31309628486633));
#6665=CARTESIAN_POINT('Ctrl Pts',(-10.5763971805573,5.,-1.31309628486633));
#6666=CARTESIAN_POINT('Ctrl Pts',(-10.7952552269255,5.,-1.32320599650139));
#6667=CARTESIAN_POINT('Ctrl Pts',(-11.2104988342769,5.,-1.3423873480591));
#6668=CARTESIAN_POINT('Ctrl Pts',(-11.5765411295803,5.,-1.53784575973927));
#6669=CARTESIAN_POINT('Ctrl Pts',(-11.7496573925018,5.,-1.63028597831726));
#6670=CARTESIAN_POINT('',(-18.6152797937393,5.,-1.40177309513092));
#6671=CARTESIAN_POINT('',(-19.5907229185104,5.,-1.40177309513092));
#6672=CARTESIAN_POINT('',(-9.30763989686966,5.,-1.40177309513092));
#6673=CARTESIAN_POINT('',(-19.757844209671,5.,-2.50682055950165));
#6674=CARTESIAN_POINT('',(-19.2680662133962,5.,0.73171313736892));
#6675=CARTESIAN_POINT('',(-21.7394268512726,5.,-2.50682055950165));
#6676=CARTESIAN_POINT('',(-9.87892210483551,5.,-2.50682055950165));
#6677=CARTESIAN_POINT('',(-22.3396998643875,5.,-1.40177309513092));
#6678=CARTESIAN_POINT('',(-19.78854691672,5.,-6.09821127317406));
#6679=CARTESIAN_POINT('',(-23.3969986438751,5.,-1.40177309513092));
#6680=CARTESIAN_POINT('',(-11.1698499321938,5.,-1.40177309513092));
#6681=CARTESIAN_POINT('',(-20.5695772171021,5.,-6.40177309513092));
#6682=CARTESIAN_POINT('',(-20.8628362522325,5.,-5.88317506734218));
#6683=CARTESIAN_POINT('',(-19.4270122051239,5.,-6.40177309513092));
#6684=CARTESIAN_POINT('',(-10.284788608551,5.,-6.40177309513092));
#6685=CARTESIAN_POINT('',(-18.6712654226151,5.,-1.74662583287157));
#6686=CARTESIAN_POINT('',(16.9999999552965,5.,1.47761706984396E-15));
#6687=CARTESIAN_POINT('Origin',(20.,5.,1.11022302462516E-15));
#6688=CARTESIAN_POINT('Origin',(-4.44089209850063E-15,0.,1.11022302462516E-15));
#6689=CARTESIAN_POINT('',(16.9999999552965,0.,1.47761706984396E-15));
#6690=CARTESIAN_POINT('Origin',(20.,0.,1.11022302462516E-15));
#6691=CARTESIAN_POINT('Origin',(-15.4740792512894,5.,-5.57639807462692));
#6692=CARTESIAN_POINT('',(-15.4740792512894,5.,-5.57639807462692));
#6693=CARTESIAN_POINT('',(-16.0709416866302,5.,-5.57639807462692));
#6694=CARTESIAN_POINT('',(-7.73703962564469,5.,-5.57639807462692));
#6695=CARTESIAN_POINT('',(-15.4740792512894,3.,-5.57639807462692));
#6696=CARTESIAN_POINT('',(-15.4740792512894,5.,-5.57639807462692));
#6697=CARTESIAN_POINT('',(-16.0709416866302,3.,-5.57639807462692));
#6698=CARTESIAN_POINT('',(-15.4740792512894,3.,-5.57639807462692));
#6699=CARTESIAN_POINT('',(-16.0709416866302,5.,-5.57639807462692));
#6700=CARTESIAN_POINT('Ctrl Pts',(-14.843111038208,5.,-5.51500648260116));
#6701=CARTESIAN_POINT('Ctrl Pts',(-14.843111038208,3.,-5.51500648260116));
#6702=CARTESIAN_POINT('Ctrl Pts',(-14.924983153984,5.,-5.53272409001747));
#6703=CARTESIAN_POINT('Ctrl Pts',(-14.924983153984,3.,-5.53272409001747));
#6704=CARTESIAN_POINT('Ctrl Pts',(-15.1325479150831,5.,-5.57764232519142));
#6705=CARTESIAN_POINT('Ctrl Pts',(-15.1325479150831,3.,-5.57764232519142));
#6706=CARTESIAN_POINT('Ctrl Pts',(-15.3452659787822,5.,-5.57686736095599));
#6707=CARTESIAN_POINT('Ctrl Pts',(-15.3452659787822,3.,-5.57686736095599));
#6708=CARTESIAN_POINT('Ctrl Pts',(-15.4740792512894,5.,-5.57639807462692));
#6709=CARTESIAN_POINT('Ctrl Pts',(-15.4740792512894,3.,-5.57639807462692));
#6710=CARTESIAN_POINT('',(-14.843111038208,5.,-5.51500648260116));
#6711=CARTESIAN_POINT('Ctrl Pts',(-14.843111038208,5.,-5.51500648260116));
#6712=CARTESIAN_POINT('Ctrl Pts',(-14.924983153984,5.,-5.53272409001747));
#6713=CARTESIAN_POINT('Ctrl Pts',(-15.1325479150831,5.,-5.57764232519142));
#6714=CARTESIAN_POINT('Ctrl Pts',(-15.3452659787822,5.,-5.57686736095599));
#6715=CARTESIAN_POINT('Ctrl Pts',(-15.4740792512894,5.,-5.57639807462692));
#6716=CARTESIAN_POINT('',(-14.843111038208,3.,-5.51500648260116));
#6717=CARTESIAN_POINT('',(-14.843111038208,5.,-5.51500648260116));
#6718=CARTESIAN_POINT('Ctrl Pts',(-14.843111038208,3.,-5.51500648260116));
#6719=CARTESIAN_POINT('Ctrl Pts',(-14.924983153984,3.,-5.53272409001747));
#6720=CARTESIAN_POINT('Ctrl Pts',(-15.1325479150831,3.,-5.57764232519142));
#6721=CARTESIAN_POINT('Ctrl Pts',(-15.3452659787822,3.,-5.57686736095599));
#6722=CARTESIAN_POINT('Ctrl Pts',(-15.4740792512894,3.,-5.57639807462692));
#6723=CARTESIAN_POINT('Ctrl Pts',(-14.4184851646423,5.,-5.15859425067902));
#6724=CARTESIAN_POINT('Ctrl Pts',(-14.4184851646423,3.,-5.15859425067902));
#6725=CARTESIAN_POINT('Ctrl Pts',(-14.4770761957103,5.,-5.23957920330152));
#6726=CARTESIAN_POINT('Ctrl Pts',(-14.4770761957103,3.,-5.23957920330152));
#6727=CARTESIAN_POINT('Ctrl Pts',(-14.5889884407841,5.,-5.39426512877501));
#6728=CARTESIAN_POINT('Ctrl Pts',(-14.5889884407841,3.,-5.39426512877501));
#6729=CARTESIAN_POINT('Ctrl Pts',(-14.7611050965758,5.,-5.47604297241027));
#6730=CARTESIAN_POINT('Ctrl Pts',(-14.7611050965758,3.,-5.47604297241027));
#6731=CARTESIAN_POINT('Ctrl Pts',(-14.843111038208,5.,-5.51500648260116));
#6732=CARTESIAN_POINT('Ctrl Pts',(-14.843111038208,3.,-5.51500648260116));
#6733=CARTESIAN_POINT('',(-14.4184851646423,5.,-5.15859425067902));
#6734=CARTESIAN_POINT('Ctrl Pts',(-14.4184851646423,5.,-5.15859425067902));
#6735=CARTESIAN_POINT('Ctrl Pts',(-14.4770761957103,5.,-5.23957920330152));
#6736=CARTESIAN_POINT('Ctrl Pts',(-14.5889884407841,5.,-5.39426512877501));
#6737=CARTESIAN_POINT('Ctrl Pts',(-14.7611050965758,5.,-5.47604297241027));
#6738=CARTESIAN_POINT('Ctrl Pts',(-14.843111038208,5.,-5.51500648260116));
#6739=CARTESIAN_POINT('',(-14.4184851646423,3.,-5.15859425067902));
#6740=CARTESIAN_POINT('',(-14.4184851646423,5.,-5.15859425067902));
#6741=CARTESIAN_POINT('Ctrl Pts',(-14.4184851646423,3.,-5.15859425067902));
#6742=CARTESIAN_POINT('Ctrl Pts',(-14.4770761957103,3.,-5.23957920330152));
#6743=CARTESIAN_POINT('Ctrl Pts',(-14.5889884407841,3.,-5.39426512877501));
#6744=CARTESIAN_POINT('Ctrl Pts',(-14.7611050965758,3.,-5.47604297241027));
#6745=CARTESIAN_POINT('Ctrl Pts',(-14.843111038208,3.,-5.51500648260116));
#6746=CARTESIAN_POINT('Ctrl Pts',(-14.2462491989136,5.,-4.35879915952682));
#6747=CARTESIAN_POINT('Ctrl Pts',(-14.2462491989136,3.,-4.35879915952682));
#6748=CARTESIAN_POINT('Ctrl Pts',(-14.2487196045756,5.,-4.51691614234285));
#6749=CARTESIAN_POINT('Ctrl Pts',(-14.2487196045756,3.,-4.51691614234285));
#6750=CARTESIAN_POINT('Ctrl Pts',(-14.2530795883393,5.,-4.79597455304438));
#6751=CARTESIAN_POINT('Ctrl Pts',(-14.2530795883393,3.,-4.79597455304438));
#6752=CARTESIAN_POINT('Ctrl Pts',(-14.3684741780155,5.,-5.0489548464076));
#6753=CARTESIAN_POINT('Ctrl Pts',(-14.3684741780155,3.,-5.0489548464076));
#6754=CARTESIAN_POINT('Ctrl Pts',(-14.4184851646423,5.,-5.15859425067902));
#6755=CARTESIAN_POINT('Ctrl Pts',(-14.4184851646423,3.,-5.15859425067902));
#6756=CARTESIAN_POINT('',(-14.2462491989136,5.,-4.35879915952682));
#6757=CARTESIAN_POINT('Ctrl Pts',(-14.2462491989136,5.,-4.35879915952682));
#6758=CARTESIAN_POINT('Ctrl Pts',(-14.2487196045756,5.,-4.51691614234285));
#6759=CARTESIAN_POINT('Ctrl Pts',(-14.2530795883393,5.,-4.79597455304438));
#6760=CARTESIAN_POINT('Ctrl Pts',(-14.3684741780155,5.,-5.0489548464076));
#6761=CARTESIAN_POINT('Ctrl Pts',(-14.4184851646423,5.,-5.15859425067902));
#6762=CARTESIAN_POINT('',(-14.2462491989136,3.,-4.35879915952682));
#6763=CARTESIAN_POINT('',(-14.2462491989136,5.,-4.35879915952682));
#6764=CARTESIAN_POINT('Ctrl Pts',(-14.2462491989136,3.,-4.35879915952682));
#6765=CARTESIAN_POINT('Ctrl Pts',(-14.2487196045756,3.,-4.51691614234285));
#6766=CARTESIAN_POINT('Ctrl Pts',(-14.2530795883393,3.,-4.79597455304438));
#6767=CARTESIAN_POINT('Ctrl Pts',(-14.3684741780155,3.,-5.0489548464076));
#6768=CARTESIAN_POINT('Ctrl Pts',(-14.4184851646423,3.,-5.15859425067902));
#6769=CARTESIAN_POINT('Ctrl Pts',(-14.4542980194092,5.,-3.27421486377716));
#6770=CARTESIAN_POINT('Ctrl Pts',(-14.4542980194092,3.,-3.27421486377716));
#6771=CARTESIAN_POINT('Ctrl Pts',(-14.3936658245966,5.,-3.43963083077612));
#6772=CARTESIAN_POINT('Ctrl Pts',(-14.3936658245966,3.,-3.43963083077612));
#6773=CARTESIAN_POINT('Ctrl Pts',(-14.2654211988458,5.,-3.78950615438185));
#6774=CARTESIAN_POINT('Ctrl Pts',(-14.2654211988458,3.,-3.78950615438185));
#6775=CARTESIAN_POINT('Ctrl Pts',(-14.252867625348,5.,-4.16227172954976));
#6776=CARTESIAN_POINT('Ctrl Pts',(-14.252867625348,3.,-4.16227172954976));
#6777=CARTESIAN_POINT('Ctrl Pts',(-14.2462491989136,5.,-4.35879915952682));
#6778=CARTESIAN_POINT('Ctrl Pts',(-14.2462491989136,3.,-4.35879915952682));
#6779=CARTESIAN_POINT('',(-14.4542980194092,5.,-3.27421486377716));
#6780=CARTESIAN_POINT('Ctrl Pts',(-14.4542980194092,5.,-3.27421486377716));
#6781=CARTESIAN_POINT('Ctrl Pts',(-14.3936658245966,5.,-3.43963083077612));
#6782=CARTESIAN_POINT('Ctrl Pts',(-14.2654211988458,5.,-3.78950615438185));
#6783=CARTESIAN_POINT('Ctrl Pts',(-14.252867625348,5.,-4.16227172954976));
#6784=CARTESIAN_POINT('Ctrl Pts',(-14.2462491989136,5.,-4.35879915952682));
#6785=CARTESIAN_POINT('',(-14.4542980194092,3.,-3.27421486377716));
#6786=CARTESIAN_POINT('',(-14.4542980194092,5.,-3.27421486377716));
#6787=CARTESIAN_POINT('Ctrl Pts',(-14.4542980194092,3.,-3.27421486377716));
#6788=CARTESIAN_POINT('Ctrl Pts',(-14.3936658245966,3.,-3.43963083077612));
#6789=CARTESIAN_POINT('Ctrl Pts',(-14.2654211988458,3.,-3.78950615438185));
#6790=CARTESIAN_POINT('Ctrl Pts',(-14.252867625348,3.,-4.16227172954976));
#6791=CARTESIAN_POINT('Ctrl Pts',(-14.2462491989136,3.,-4.35879915952682));
#6792=CARTESIAN_POINT('Ctrl Pts',(-14.9658942222595,5.,-2.53751695156097));
#6793=CARTESIAN_POINT('Ctrl Pts',(-14.9658942222595,3.,-2.53751695156097));
#6794=CARTESIAN_POINT('Ctrl Pts',(-14.8670486402185,5.,-2.64100226807127));
#6795=CARTESIAN_POINT('Ctrl Pts',(-14.8670486402185,3.,-2.64100226807127));
#6796=CARTESIAN_POINT('Ctrl Pts',(-14.6582039803239,5.,-2.85964993329221));
#6797=CARTESIAN_POINT('Ctrl Pts',(-14.6582039803239,3.,-2.85964993329221));
#6798=CARTESIAN_POINT('Ctrl Pts',(-14.5246442894281,5.,-3.13119257835975));
#6799=CARTESIAN_POINT('Ctrl Pts',(-14.5246442894281,3.,-3.13119257835975));
#6800=CARTESIAN_POINT('Ctrl Pts',(-14.4542980194092,5.,-3.27421486377716));
#6801=CARTESIAN_POINT('Ctrl Pts',(-14.4542980194092,3.,-3.27421486377716));
#6802=CARTESIAN_POINT('',(-14.9658942222595,5.,-2.53751695156097));
#6803=CARTESIAN_POINT('Ctrl Pts',(-14.9658942222595,5.,-2.53751695156097));
#6804=CARTESIAN_POINT('Ctrl Pts',(-14.8670486402185,5.,-2.64100226807127));
#6805=CARTESIAN_POINT('Ctrl Pts',(-14.6582039803239,5.,-2.85964993329221));
#6806=CARTESIAN_POINT('Ctrl Pts',(-14.5246442894281,5.,-3.13119257835975));
#6807=CARTESIAN_POINT('Ctrl Pts',(-14.4542980194092,5.,-3.27421486377716));
#6808=CARTESIAN_POINT('',(-14.9658942222595,3.,-2.53751695156097));
#6809=CARTESIAN_POINT('',(-14.9658942222595,5.,-2.53751695156097));
#6810=CARTESIAN_POINT('Ctrl Pts',(-14.9658942222595,3.,-2.53751695156097));
#6811=CARTESIAN_POINT('Ctrl Pts',(-14.8670486402185,3.,-2.64100226807127));
#6812=CARTESIAN_POINT('Ctrl Pts',(-14.6582039803239,3.,-2.85964993329221));
#6813=CARTESIAN_POINT('Ctrl Pts',(-14.5246442894281,3.,-3.13119257835975));
#6814=CARTESIAN_POINT('Ctrl Pts',(-14.4542980194092,3.,-3.27421486377716));
#6815=CARTESIAN_POINT('Ctrl Pts',(-15.4314464330673,5.,-2.27660238742828));
#6816=CARTESIAN_POINT('Ctrl Pts',(-15.4314464330673,3.,-2.27660238742828));
#6817=CARTESIAN_POINT('Ctrl Pts',(-15.3478388194837,5.,-2.30557906249532));
#6818=CARTESIAN_POINT('Ctrl Pts',(-15.3478388194837,3.,-2.30557906249532));
#6819=CARTESIAN_POINT('Ctrl Pts',(-15.1771537140393,5.,-2.3647350008992));
#6820=CARTESIAN_POINT('Ctrl Pts',(-15.1771537140393,3.,-2.3647350008992));
#6821=CARTESIAN_POINT('Ctrl Pts',(-15.0372620113348,5.,-2.47914766501691));
#6822=CARTESIAN_POINT('Ctrl Pts',(-15.0372620113348,3.,-2.47914766501691));
#6823=CARTESIAN_POINT('Ctrl Pts',(-14.9658942222595,5.,-2.53751695156097));
#6824=CARTESIAN_POINT('Ctrl Pts',(-14.9658942222595,3.,-2.53751695156097));
#6825=CARTESIAN_POINT('',(-15.4314464330673,5.,-2.27660238742828));
#6826=CARTESIAN_POINT('Ctrl Pts',(-15.4314464330673,5.,-2.27660238742828));
#6827=CARTESIAN_POINT('Ctrl Pts',(-15.3478388194837,5.,-2.30557906249532));
#6828=CARTESIAN_POINT('Ctrl Pts',(-15.1771537140393,5.,-2.3647350008992));
#6829=CARTESIAN_POINT('Ctrl Pts',(-15.0372620113348,5.,-2.47914766501691));
#6830=CARTESIAN_POINT('Ctrl Pts',(-14.9658942222595,5.,-2.53751695156097));
#6831=CARTESIAN_POINT('',(-15.4314464330673,3.,-2.27660238742828));
#6832=CARTESIAN_POINT('',(-15.4314464330673,5.,-2.27660238742828));
#6833=CARTESIAN_POINT('Ctrl Pts',(-15.4314464330673,3.,-2.27660238742828));
#6834=CARTESIAN_POINT('Ctrl Pts',(-15.3478388194837,3.,-2.30557906249532));
#6835=CARTESIAN_POINT('Ctrl Pts',(-15.1771537140393,3.,-2.3647350008992));
#6836=CARTESIAN_POINT('Ctrl Pts',(-15.0372620113348,3.,-2.47914766501691));
#6837=CARTESIAN_POINT('Ctrl Pts',(-14.9658942222595,3.,-2.53751695156097));
#6838=CARTESIAN_POINT('Ctrl Pts',(-16.251705288887,5.,-2.20668435096741));
#6839=CARTESIAN_POINT('Ctrl Pts',(-16.251705288887,3.,-2.20668435096741));
#6840=CARTESIAN_POINT('Ctrl Pts',(-16.0884302071176,5.,-2.20671608878973));
#6841=CARTESIAN_POINT('Ctrl Pts',(-16.0884302071176,3.,-2.20671608878973));
#6842=CARTESIAN_POINT('Ctrl Pts',(-15.8127668485125,5.,-2.20676967292886));
#6843=CARTESIAN_POINT('Ctrl Pts',(-15.8127668485125,3.,-2.20676967292886));
#6844=CARTESIAN_POINT('Ctrl Pts',(-15.541885200747,5.,-2.25637729949525));
#6845=CARTESIAN_POINT('Ctrl Pts',(-15.541885200747,3.,-2.25637729949525));
#6846=CARTESIAN_POINT('Ctrl Pts',(-15.4314464330673,5.,-2.27660238742828));
#6847=CARTESIAN_POINT('Ctrl Pts',(-15.4314464330673,3.,-2.27660238742828));
#6848=CARTESIAN_POINT('',(-16.251705288887,5.,-2.20668435096741));
#6849=CARTESIAN_POINT('Ctrl Pts',(-16.251705288887,5.,-2.20668435096741));
#6850=CARTESIAN_POINT('Ctrl Pts',(-16.0884302071176,5.,-2.20671608878973));
#6851=CARTESIAN_POINT('Ctrl Pts',(-15.8127668485125,5.,-2.20676967292886));
#6852=CARTESIAN_POINT('Ctrl Pts',(-15.541885200747,5.,-2.25637729949525));
#6853=CARTESIAN_POINT('Ctrl Pts',(-15.4314464330673,5.,-2.27660238742828));
#6854=CARTESIAN_POINT('',(-16.251705288887,3.,-2.20668435096741));
#6855=CARTESIAN_POINT('',(-16.251705288887,5.,-2.20668435096741));
#6856=CARTESIAN_POINT('Ctrl Pts',(-16.251705288887,3.,-2.20668435096741));
#6857=CARTESIAN_POINT('Ctrl Pts',(-16.0884302071176,3.,-2.20671608878973));
#6858=CARTESIAN_POINT('Ctrl Pts',(-15.8127668485125,3.,-2.20676967292886));
#6859=CARTESIAN_POINT('Ctrl Pts',(-15.541885200747,3.,-2.25637729949525));
#6860=CARTESIAN_POINT('Ctrl Pts',(-15.4314464330673,3.,-2.27660238742828));
#6861=CARTESIAN_POINT('Origin',(-16.773533821106,5.,-2.20668435096741));
#6862=CARTESIAN_POINT('',(-16.773533821106,5.,-2.20668435096741));
#6863=CARTESIAN_POINT('',(-8.38676691055298,5.,-2.20668435096741));
#6864=CARTESIAN_POINT('',(-16.773533821106,3.,-2.20668435096741));
#6865=CARTESIAN_POINT('',(-16.773533821106,5.,-2.20668435096741));
#6866=CARTESIAN_POINT('',(-16.773533821106,3.,-2.20668435096741));
#6867=CARTESIAN_POINT('Origin',(-16.0709416866302,5.,-5.57639807462692));
#6868=CARTESIAN_POINT('',(-16.293293718494,5.,-4.50997182746414));
#6869=CARTESIAN_POINT('',(-16.0709416866302,3.,-5.57639807462692));
#6870=CARTESIAN_POINT('Ctrl Pts',(-15.2216917276382,5.,-1.47680699825287));
#6871=CARTESIAN_POINT('Ctrl Pts',(-15.2216917276382,3.,-1.47680699825287));
#6872=CARTESIAN_POINT('Ctrl Pts',(-15.3570116895221,5.,-1.455077361809));
#6873=CARTESIAN_POINT('Ctrl Pts',(-15.3570116895221,3.,-1.455077361809));
#6874=CARTESIAN_POINT('Ctrl Pts',(-15.6832393924884,5.,-1.40269182101602));
#6875=CARTESIAN_POINT('Ctrl Pts',(-15.6832393924884,3.,-1.40269182101602));
#6876=CARTESIAN_POINT('Ctrl Pts',(-16.0138781192059,5.,-1.40211225556832));
#6877=CARTESIAN_POINT('Ctrl Pts',(-16.0138781192059,3.,-1.40211225556832));
#6878=CARTESIAN_POINT('Ctrl Pts',(-16.207367181778,5.,-1.40177309513092));
#6879=CARTESIAN_POINT('Ctrl Pts',(-16.207367181778,3.,-1.40177309513092));
#6880=CARTESIAN_POINT('',(-15.2216917276382,3.,-1.47680699825287));
#6881=CARTESIAN_POINT('',(-15.2216917276382,5.,-1.47680699825287));
#6882=CARTESIAN_POINT('',(-16.207367181778,3.,-1.40177309513092));
#6883=CARTESIAN_POINT('Ctrl Pts',(-15.2216917276382,3.,-1.47680699825287));
#6884=CARTESIAN_POINT('Ctrl Pts',(-15.3570116895221,3.,-1.455077361809));
#6885=CARTESIAN_POINT('Ctrl Pts',(-15.6832393924884,3.,-1.40269182101602));
#6886=CARTESIAN_POINT('Ctrl Pts',(-16.0138781192059,3.,-1.40211225556832));
#6887=CARTESIAN_POINT('Ctrl Pts',(-16.207367181778,3.,-1.40177309513092));
#6888=CARTESIAN_POINT('',(-16.207367181778,5.,-1.40177309513092));
#6889=CARTESIAN_POINT('Ctrl Pts',(-14.2974078655243,5.,-1.89972698688507));
#6890=CARTESIAN_POINT('Ctrl Pts',(-14.2974078655243,3.,-1.89972698688507));
#6891=CARTESIAN_POINT('Ctrl Pts',(-14.4306494408931,5.,-1.80928841298689));
#6892=CARTESIAN_POINT('Ctrl Pts',(-14.4306494408931,3.,-1.80928841298689));
#6893=CARTESIAN_POINT('Ctrl Pts',(-14.7146262317883,5.,-1.61653734472866));
#6894=CARTESIAN_POINT('Ctrl Pts',(-14.7146262317883,3.,-1.61653734472866));
#6895=CARTESIAN_POINT('Ctrl Pts',(-15.0458681348369,5.,-1.52525811894996));
#6896=CARTESIAN_POINT('Ctrl Pts',(-15.0458681348369,3.,-1.52525811894996));
#6897=CARTESIAN_POINT('Ctrl Pts',(-15.2216917276382,5.,-1.47680699825287));
#6898=CARTESIAN_POINT('Ctrl Pts',(-15.2216917276382,3.,-1.47680699825287));
#6899=CARTESIAN_POINT('',(-14.2974078655243,3.,-1.89972698688507));
#6900=CARTESIAN_POINT('',(-14.2974078655243,5.,-1.89972698688507));
#6901=CARTESIAN_POINT('Ctrl Pts',(-14.2974078655243,3.,-1.89972698688507));
#6902=CARTESIAN_POINT('Ctrl Pts',(-14.4306494408931,3.,-1.80928841298689));
#6903=CARTESIAN_POINT('Ctrl Pts',(-14.7146262317883,3.,-1.61653734472866));
#6904=CARTESIAN_POINT('Ctrl Pts',(-15.0458681348369,3.,-1.52525811894996));
#6905=CARTESIAN_POINT('Ctrl Pts',(-15.2216917276382,3.,-1.47680699825287));
#6906=CARTESIAN_POINT('Ctrl Pts',(-13.5214877128601,5.,-2.8939288854599));
#6907=CARTESIAN_POINT('Ctrl Pts',(-13.5214877128601,3.,-2.8939288854599));
#6908=CARTESIAN_POINT('Ctrl Pts',(-13.6275159382526,5.,-2.69883079525126));
#6909=CARTESIAN_POINT('Ctrl Pts',(-13.6275159382526,3.,-2.69883079525126));
#6910=CARTESIAN_POINT('Ctrl Pts',(-13.8311667629414,5.,-2.32410145484111));
#6911=CARTESIAN_POINT('Ctrl Pts',(-13.8311667629414,3.,-2.32410145484111));
#6912=CARTESIAN_POINT('Ctrl Pts',(-14.1463302572479,5.,-2.03723841450735));
#6913=CARTESIAN_POINT('Ctrl Pts',(-14.1463302572479,3.,-2.03723841450735));
#6914=CARTESIAN_POINT('Ctrl Pts',(-14.2974078655243,5.,-1.89972698688507));
#6915=CARTESIAN_POINT('Ctrl Pts',(-14.2974078655243,3.,-1.89972698688507));
#6916=CARTESIAN_POINT('',(-13.5214877128601,3.,-2.8939288854599));
#6917=CARTESIAN_POINT('',(-13.5214877128601,5.,-2.8939288854599));
#6918=CARTESIAN_POINT('Ctrl Pts',(-13.5214877128601,3.,-2.8939288854599));
#6919=CARTESIAN_POINT('Ctrl Pts',(-13.6275159382526,3.,-2.69883079525126));
#6920=CARTESIAN_POINT('Ctrl Pts',(-13.8311667629414,3.,-2.32410145484111));
#6921=CARTESIAN_POINT('Ctrl Pts',(-14.1463302572479,3.,-2.03723841450735));
#6922=CARTESIAN_POINT('Ctrl Pts',(-14.2974078655243,3.,-1.89972698688507));
#6923=CARTESIAN_POINT('Ctrl Pts',(-13.2128238677979,5.,-4.32810336351395));
#6924=CARTESIAN_POINT('Ctrl Pts',(-13.2128238677979,3.,-4.32810336351395));
#6925=CARTESIAN_POINT('Ctrl Pts',(-13.223605802293,5.,-4.07058383682824));
#6926=CARTESIAN_POINT('Ctrl Pts',(-13.223605802293,3.,-4.07058383682824));
#6927=CARTESIAN_POINT('Ctrl Pts',(-13.2443772361383,5.,-3.57447158398235));
#6928=CARTESIAN_POINT('Ctrl Pts',(-13.2443772361383,3.,-3.57447158398235));
#6929=CARTESIAN_POINT('Ctrl Pts',(-13.4314971098591,5.,-3.11493261123911));
#6930=CARTESIAN_POINT('Ctrl Pts',(-13.4314971098591,3.,-3.11493261123911));
#6931=CARTESIAN_POINT('Ctrl Pts',(-13.5214877128601,5.,-2.8939288854599));
#6932=CARTESIAN_POINT('Ctrl Pts',(-13.5214877128601,3.,-2.8939288854599));
#6933=CARTESIAN_POINT('',(-13.2128238677979,3.,-4.32810336351395));
#6934=CARTESIAN_POINT('',(-13.2128238677979,5.,-4.32810336351395));
#6935=CARTESIAN_POINT('Ctrl Pts',(-13.2128238677979,3.,-4.32810336351395));
#6936=CARTESIAN_POINT('Ctrl Pts',(-13.223605802293,3.,-4.07058383682824));
#6937=CARTESIAN_POINT('Ctrl Pts',(-13.2443772361383,3.,-3.57447158398235));
#6938=CARTESIAN_POINT('Ctrl Pts',(-13.4314971098591,3.,-3.11493261123911));
#6939=CARTESIAN_POINT('Ctrl Pts',(-13.5214877128601,3.,-2.8939288854599));
#6940=CARTESIAN_POINT('Ctrl Pts',(-13.2912683486938,5.,-5.01875817775726));
#6941=CARTESIAN_POINT('Ctrl Pts',(-13.2912683486938,3.,-5.01875817775726));
#6942=CARTESIAN_POINT('Ctrl Pts',(-13.2683969563829,5.,-4.90900048636782));
#6943=CARTESIAN_POINT('Ctrl Pts',(-13.2683969563829,3.,-4.90900048636782));
#6944=CARTESIAN_POINT('Ctrl Pts',(-13.2209381938703,5.,-4.68125028477307));
#6945=CARTESIAN_POINT('Ctrl Pts',(-13.2209381938703,3.,-4.68125028477307));
#6946=CARTESIAN_POINT('Ctrl Pts',(-13.2155930648604,5.,-4.44862272744702));
#6947=CARTESIAN_POINT('Ctrl Pts',(-13.2155930648604,3.,-4.44862272744702));
#6948=CARTESIAN_POINT('Ctrl Pts',(-13.2128238677979,5.,-4.32810336351395));
#6949=CARTESIAN_POINT('Ctrl Pts',(-13.2128238677979,3.,-4.32810336351395));
#6950=CARTESIAN_POINT('',(-13.2912683486938,3.,-5.01875817775726));
#6951=CARTESIAN_POINT('',(-13.2912683486938,5.,-5.01875817775726));
#6952=CARTESIAN_POINT('Ctrl Pts',(-13.2912683486938,3.,-5.01875817775726));
#6953=CARTESIAN_POINT('Ctrl Pts',(-13.2683969563829,3.,-4.90900048636782));
#6954=CARTESIAN_POINT('Ctrl Pts',(-13.2209381938703,3.,-4.68125028477307));
#6955=CARTESIAN_POINT('Ctrl Pts',(-13.2155930648604,3.,-4.44862272744702));
#6956=CARTESIAN_POINT('Ctrl Pts',(-13.2128238677979,3.,-4.32810336351395));
#6957=CARTESIAN_POINT('Ctrl Pts',(-13.514666557312,5.,-5.57639807462692));
#6958=CARTESIAN_POINT('Ctrl Pts',(-13.514666557312,3.,-5.57639807462692));
#6959=CARTESIAN_POINT('Ctrl Pts',(-13.4686902338884,5.,-5.49086100993694));
#6960=CARTESIAN_POINT('Ctrl Pts',(-13.4686902338884,3.,-5.49086100993694));
#6961=CARTESIAN_POINT('Ctrl Pts',(-13.3733162739297,5.,-5.31342166778753));
#6962=CARTESIAN_POINT('Ctrl Pts',(-13.3733162739297,3.,-5.31342166778753));
#6963=CARTESIAN_POINT('Ctrl Pts',(-13.3192639893265,5.,-5.11930055162898));
#6964=CARTESIAN_POINT('Ctrl Pts',(-13.3192639893265,3.,-5.11930055162898));
#6965=CARTESIAN_POINT('Ctrl Pts',(-13.2912683486938,5.,-5.01875817775726));
#6966=CARTESIAN_POINT('Ctrl Pts',(-13.2912683486938,3.,-5.01875817775726));
#6967=CARTESIAN_POINT('',(-13.514666557312,3.,-5.57639807462692));
#6968=CARTESIAN_POINT('',(-13.514666557312,5.,-5.57639807462692));
#6969=CARTESIAN_POINT('Ctrl Pts',(-13.514666557312,3.,-5.57639807462692));
#6970=CARTESIAN_POINT('Ctrl Pts',(-13.4686902338884,3.,-5.49086100993694));
#6971=CARTESIAN_POINT('Ctrl Pts',(-13.3733162739297,3.,-5.31342166778753));
#6972=CARTESIAN_POINT('Ctrl Pts',(-13.3192639893265,3.,-5.11930055162898));
#6973=CARTESIAN_POINT('Ctrl Pts',(-13.2912683486938,3.,-5.01875817775726));
#6974=CARTESIAN_POINT('Ctrl Pts',(-13.8591408729553,5.,-5.99079072475433));
#6975=CARTESIAN_POINT('Ctrl Pts',(-13.8591408729553,3.,-5.99079072475433));
#6976=CARTESIAN_POINT('Ctrl Pts',(-13.7945019792337,5.,-5.92978484993006));
#6977=CARTESIAN_POINT('Ctrl Pts',(-13.7945019792337,3.,-5.92978484993006));
#6978=CARTESIAN_POINT('Ctrl Pts',(-13.662934133047,5.,-5.80561175393098));
#6979=CARTESIAN_POINT('Ctrl Pts',(-13.662934133047,3.,-5.80561175393098));
#6980=CARTESIAN_POINT('Ctrl Pts',(-13.5646592705239,5.,-5.65368411425422));
#6981=CARTESIAN_POINT('Ctrl Pts',(-13.5646592705239,3.,-5.65368411425422));
#6982=CARTESIAN_POINT('Ctrl Pts',(-13.514666557312,5.,-5.57639807462692));
#6983=CARTESIAN_POINT('Ctrl Pts',(-13.514666557312,3.,-5.57639807462692));
#6984=CARTESIAN_POINT('',(-13.8591408729553,3.,-5.99079072475433));
#6985=CARTESIAN_POINT('',(-13.8591408729553,5.,-5.99079072475433));
#6986=CARTESIAN_POINT('Ctrl Pts',(-13.8591408729553,3.,-5.99079072475433));
#6987=CARTESIAN_POINT('Ctrl Pts',(-13.7945019792337,3.,-5.92978484993006));
#6988=CARTESIAN_POINT('Ctrl Pts',(-13.662934133047,3.,-5.80561175393098));
#6989=CARTESIAN_POINT('Ctrl Pts',(-13.5646592705239,3.,-5.65368411425422));
#6990=CARTESIAN_POINT('Ctrl Pts',(-13.514666557312,3.,-5.57639807462692));
#6991=CARTESIAN_POINT('Ctrl Pts',(-14.3025243282318,5.,-6.25852614641189));
#6992=CARTESIAN_POINT('Ctrl Pts',(-14.3025243282318,3.,-6.25852614641189));
#6993=CARTESIAN_POINT('Ctrl Pts',(-14.2230303766823,5.,-6.22344901362293));
#6994=CARTESIAN_POINT('Ctrl Pts',(-14.2230303766823,3.,-6.22344901362293));
#6995=CARTESIAN_POINT('Ctrl Pts',(-14.0637811915974,5.,-6.15317945596638));
#6996=CARTESIAN_POINT('Ctrl Pts',(-14.0637811915974,3.,-6.15317945596638));
#6997=CARTESIAN_POINT('Ctrl Pts',(-13.927428884107,5.,-6.04497947681211));
#6998=CARTESIAN_POINT('Ctrl Pts',(-13.927428884107,3.,-6.04497947681211));
#6999=CARTESIAN_POINT('Ctrl Pts',(-13.8591408729553,5.,-5.99079072475433));
#7000=CARTESIAN_POINT('Ctrl Pts',(-13.8591408729553,3.,-5.99079072475433));
#7001=CARTESIAN_POINT('',(-14.3025243282318,3.,-6.25852614641189));
#7002=CARTESIAN_POINT('',(-14.3025243282318,5.,-6.25852614641189));
#7003=CARTESIAN_POINT('Ctrl Pts',(-14.3025243282318,3.,-6.25852614641189));
#7004=CARTESIAN_POINT('Ctrl Pts',(-14.2230303766823,3.,-6.22344901362293));
#7005=CARTESIAN_POINT('Ctrl Pts',(-14.0637811915974,3.,-6.15317945596638));
#7006=CARTESIAN_POINT('Ctrl Pts',(-13.927428884107,3.,-6.04497947681211));
#7007=CARTESIAN_POINT('Ctrl Pts',(-13.8591408729553,3.,-5.99079072475433));
#7008=CARTESIAN_POINT('Ctrl Pts',(-14.8567533493042,5.,-6.38471990823746));
#7009=CARTESIAN_POINT('Ctrl Pts',(-14.8567533493042,3.,-6.38471990823746));
#7010=CARTESIAN_POINT('Ctrl Pts',(-14.7580413768484,5.,-6.37254502603922));
#7011=CARTESIAN_POINT('Ctrl Pts',(-14.7580413768484,3.,-6.37254502603922));
#7012=CARTESIAN_POINT('Ctrl Pts',(-14.5689703763665,5.,-6.34922549244363));
#7013=CARTESIAN_POINT('Ctrl Pts',(-14.5689703763665,3.,-6.34922549244363));
#7014=CARTESIAN_POINT('Ctrl Pts',(-14.3886847386193,5.,-6.2878555094506));
#7015=CARTESIAN_POINT('Ctrl Pts',(-14.3886847386193,3.,-6.2878555094506));
#7016=CARTESIAN_POINT('Ctrl Pts',(-14.3025243282318,5.,-6.25852614641189));
#7017=CARTESIAN_POINT('Ctrl Pts',(-14.3025243282318,3.,-6.25852614641189));
#7018=CARTESIAN_POINT('',(-14.8567533493042,3.,-6.38471990823746));
#7019=CARTESIAN_POINT('',(-14.8567533493042,5.,-6.38471990823746));
#7020=CARTESIAN_POINT('Ctrl Pts',(-14.8567533493042,3.,-6.38471990823746));
#7021=CARTESIAN_POINT('Ctrl Pts',(-14.7580413768484,3.,-6.37254502603922));
#7022=CARTESIAN_POINT('Ctrl Pts',(-14.5689703763665,3.,-6.34922549244363));
#7023=CARTESIAN_POINT('Ctrl Pts',(-14.3886847386193,3.,-6.2878555094506));
#7024=CARTESIAN_POINT('Ctrl Pts',(-14.3025243282318,3.,-6.25852614641189));
#7025=CARTESIAN_POINT('Ctrl Pts',(-15.5763983726501,5.,-6.40177309513092));
#7026=CARTESIAN_POINT('Ctrl Pts',(-15.5763983726501,3.,-6.40177309513092));
#7027=CARTESIAN_POINT('Ctrl Pts',(-15.4225771267113,5.,-6.40233250454822));
#7028=CARTESIAN_POINT('Ctrl Pts',(-15.4225771267113,3.,-6.40233250454822));
#7029=CARTESIAN_POINT('Ctrl Pts',(-15.1825029132107,5.,-6.40320559444594));
#7030=CARTESIAN_POINT('Ctrl Pts',(-15.1825029132107,3.,-6.40320559444594));
#7031=CARTESIAN_POINT('Ctrl Pts',(-14.9428536443437,5.,-6.38960594098442));
#7032=CARTESIAN_POINT('Ctrl Pts',(-14.9428536443437,3.,-6.38960594098442));
#7033=CARTESIAN_POINT('Ctrl Pts',(-14.8567533493042,5.,-6.38471990823746));
#7034=CARTESIAN_POINT('Ctrl Pts',(-14.8567533493042,3.,-6.38471990823746));
#7035=CARTESIAN_POINT('',(-15.5763983726501,3.,-6.40177309513092));
#7036=CARTESIAN_POINT('',(-15.5763983726501,5.,-6.40177309513092));
#7037=CARTESIAN_POINT('Ctrl Pts',(-15.5763983726501,3.,-6.40177309513092));
#7038=CARTESIAN_POINT('Ctrl Pts',(-15.4225771267113,3.,-6.40233250454822));
#7039=CARTESIAN_POINT('Ctrl Pts',(-15.1825029132107,3.,-6.40320559444594));
#7040=CARTESIAN_POINT('Ctrl Pts',(-14.9428536443437,3.,-6.38960594098442));
#7041=CARTESIAN_POINT('Ctrl Pts',(-14.8567533493042,3.,-6.38471990823746));
#7042=CARTESIAN_POINT('Origin',(-16.9236016273499,5.,-6.40177309513092));
#7043=CARTESIAN_POINT('',(-16.9236016273499,3.,-6.40177309513092));
#7044=CARTESIAN_POINT('',(-16.9236016273499,5.,-6.40177309513092));
#7045=CARTESIAN_POINT('',(-16.9236016273499,3.,-6.40177309513092));
#7046=CARTESIAN_POINT('Origin',(-17.9706686735153,5.,-1.40177309513092));
#7047=CARTESIAN_POINT('',(-17.9706686735153,3.,-1.40177309513092));
#7048=CARTESIAN_POINT('',(-17.9706686735153,5.,-1.40177309513092));
#7049=CARTESIAN_POINT('',(-17.9706686735153,3.,-1.40177309513092));
#7050=CARTESIAN_POINT('Origin',(-16.207367181778,5.,-1.40177309513092));
#7051=CARTESIAN_POINT('',(-16.207367181778,3.,-1.40177309513092));
#7052=CARTESIAN_POINT('Origin',(-5.42803441174328,3.,5.96046448864129E-7));
#7053=CARTESIAN_POINT('Origin',(-6.16644024848938,5.,-2.9331511259079));
#7054=CARTESIAN_POINT('',(-6.16644024848938,3.,-2.9331511259079));
#7055=CARTESIAN_POINT('',(-6.16644024848938,5.,-2.9331511259079));
#7056=CARTESIAN_POINT('',(-6.48704051971436,3.,-1.40177309513092));
#7057=CARTESIAN_POINT('',(-6.16644024848938,3.,-2.9331511259079));
#7058=CARTESIAN_POINT('',(-6.48704051971436,5.,-1.40177309513092));
#7059=CARTESIAN_POINT('Origin',(-5.19440770149231,5.,-3.78240048885345));
#7060=CARTESIAN_POINT('',(-5.19440770149231,3.,-3.78240048885345));
#7061=CARTESIAN_POINT('',(-5.19440770149231,5.,-3.78240048885345));
#7062=CARTESIAN_POINT('',(-5.19440770149231,3.,-3.78240048885345));
#7063=CARTESIAN_POINT('Origin',(-3.95975589752197,5.,-1.40177309513092));
#7064=CARTESIAN_POINT('',(-3.95975589752197,3.,-1.40177309513092));
#7065=CARTESIAN_POINT('',(-3.95975589752197,5.,-1.40177309513092));
#7066=CARTESIAN_POINT('',(-3.95975589752197,3.,-1.40177309513092));
#7067=CARTESIAN_POINT('Origin',(-2.79672622680664,5.,-1.40177309513092));
#7068=CARTESIAN_POINT('',(-2.79672622680664,3.,-1.40177309513092));
#7069=CARTESIAN_POINT('',(-2.79672622680664,5.,-1.40177309513092));
#7070=CARTESIAN_POINT('',(-2.79672622680664,3.,-1.40177309513092));
#7071=CARTESIAN_POINT('Origin',(-4.44406509399414,5.,-4.44065451622009));
#7072=CARTESIAN_POINT('',(-4.44406509399414,3.,-4.44065451622009));
#7073=CARTESIAN_POINT('',(-4.44406509399414,5.,-4.44065451622009));
#7074=CARTESIAN_POINT('',(-4.44406509399414,3.,-4.44065451622009));
#7075=CARTESIAN_POINT('Origin',(-2.19986438751221,5.,-6.40177309513092));
#7076=CARTESIAN_POINT('',(-2.19986438751221,3.,-6.40177309513092));
#7077=CARTESIAN_POINT('',(-2.19986438751221,5.,-6.40177309513092));
#7078=CARTESIAN_POINT('',(-2.19986438751221,3.,-6.40177309513092));
#7079=CARTESIAN_POINT('Origin',(-3.57776403427124,5.,-6.40177309513092));
#7080=CARTESIAN_POINT('',(-3.57776403427124,3.,-6.40177309513092));
#7081=CARTESIAN_POINT('',(-3.57776403427124,5.,-6.40177309513092));
#7082=CARTESIAN_POINT('',(-3.57776403427124,3.,-6.40177309513092));
#7083=CARTESIAN_POINT('Origin',(-5.89017868041992,5.,-4.27694350481033));
#7084=CARTESIAN_POINT('',(-5.89017868041992,3.,-4.27694350481033));
#7085=CARTESIAN_POINT('',(-5.89017868041992,5.,-4.27694350481033));
#7086=CARTESIAN_POINT('',(-5.89017868041992,3.,-4.27694350481033));
#7087=CARTESIAN_POINT('Origin',(-5.44679522514343,5.,-6.40177309513092));
#7088=CARTESIAN_POINT('',(-5.44679522514343,3.,-6.40177309513092));
#7089=CARTESIAN_POINT('',(-5.44679522514343,5.,-6.40177309513092));
#7090=CARTESIAN_POINT('',(-5.44679522514343,3.,-6.40177309513092));
#7091=CARTESIAN_POINT('Origin',(-6.47680878639221,5.,-6.40177309513092));
#7092=CARTESIAN_POINT('',(-6.47680878639221,3.,-6.40177309513092));
#7093=CARTESIAN_POINT('',(-6.47680878639221,5.,-6.40177309513092));
#7094=CARTESIAN_POINT('',(-6.47680878639221,3.,-6.40177309513092));
#7095=CARTESIAN_POINT('Origin',(-7.52046465873718,5.,-1.40177309513092));
#7096=CARTESIAN_POINT('',(-7.52046465873718,3.,-1.40177309513092));
#7097=CARTESIAN_POINT('',(-7.52046465873718,5.,-1.40177309513092));
#7098=CARTESIAN_POINT('',(-7.52046465873718,3.,-1.40177309513092));
#7099=CARTESIAN_POINT('Origin',(-6.48704051971436,5.,-1.40177309513092));
#7100=CARTESIAN_POINT('',(-6.48704051971436,3.,-1.40177309513092));
#7101=CARTESIAN_POINT('Origin',(-5.42803441174328,3.,5.96046448864129E-7));
#7102=CARTESIAN_POINT('Ctrl Pts',(3.34242820739746,5.,-3.1480211019516));
#7103=CARTESIAN_POINT('Ctrl Pts',(3.34242820739746,3.,-3.1480211019516));
#7104=CARTESIAN_POINT('Ctrl Pts',(3.35434945003684,5.,-3.21799575087083));
#7105=CARTESIAN_POINT('Ctrl Pts',(3.35434945003684,3.,-3.21799575087083));
#7106=CARTESIAN_POINT('Ctrl Pts',(3.38974099046568,5.,-3.42573505214452));
#7107=CARTESIAN_POINT('Ctrl Pts',(3.38974099046568,3.,-3.42573505214452));
#7108=CARTESIAN_POINT('Ctrl Pts',(3.43306729548087,5.,-3.63198271931941));
#7109=CARTESIAN_POINT('Ctrl Pts',(3.43306729548087,3.,-3.63198271931941));
#7110=CARTESIAN_POINT('Ctrl Pts',(3.46179962158203,5.,-3.76875817775726));
#7111=CARTESIAN_POINT('Ctrl Pts',(3.46179962158203,3.,-3.76875817775726));
#7112=CARTESIAN_POINT('',(3.34242820739746,3.,-3.1480211019516));
#7113=CARTESIAN_POINT('',(3.34242820739746,5.,-3.1480211019516));
#7114=CARTESIAN_POINT('',(3.46179962158203,3.,-3.76875817775726));
#7115=CARTESIAN_POINT('Ctrl Pts',(3.34242820739746,3.,-3.1480211019516));
#7116=CARTESIAN_POINT('Ctrl Pts',(3.35434945003684,3.,-3.21799575087083));
#7117=CARTESIAN_POINT('Ctrl Pts',(3.38974099046568,3.,-3.42573505214452));
#7118=CARTESIAN_POINT('Ctrl Pts',(3.43306729548087,3.,-3.63198271931941));
#7119=CARTESIAN_POINT('Ctrl Pts',(3.46179962158203,3.,-3.76875817775726));
#7120=CARTESIAN_POINT('',(3.46179962158203,5.,-3.76875817775726));
#7121=CARTESIAN_POINT('Ctrl Pts',(3.31855297088623,5.,-2.84447431564331));
#7122=CARTESIAN_POINT('Ctrl Pts',(3.31855297088623,3.,-2.84447431564331));
#7123=CARTESIAN_POINT('Ctrl Pts',(3.31970459107018,5.,-2.89314034364));
#7124=CARTESIAN_POINT('Ctrl Pts',(3.31970459107018,3.,-2.89314034364));
#7125=CARTESIAN_POINT('Ctrl Pts',(3.32210907807571,5.,-2.99475095585307));
#7126=CARTESIAN_POINT('Ctrl Pts',(3.32210907807571,3.,-2.99475095585307));
#7127=CARTESIAN_POINT('Ctrl Pts',(3.33546766593117,5.,-3.0955167258747));
#7128=CARTESIAN_POINT('Ctrl Pts',(3.33546766593117,3.,-3.0955167258747));
#7129=CARTESIAN_POINT('Ctrl Pts',(3.34242820739746,5.,-3.1480211019516));
#7130=CARTESIAN_POINT('Ctrl Pts',(3.34242820739746,3.,-3.1480211019516));
#7131=CARTESIAN_POINT('',(3.31855297088623,3.,-2.84447431564331));
#7132=CARTESIAN_POINT('',(3.31855297088623,5.,-2.84447431564331));
#7133=CARTESIAN_POINT('Ctrl Pts',(3.31855297088623,3.,-2.84447431564331));
#7134=CARTESIAN_POINT('Ctrl Pts',(3.31970459107018,3.,-2.89314034364));
#7135=CARTESIAN_POINT('Ctrl Pts',(3.32210907807571,3.,-2.99475095585307));
#7136=CARTESIAN_POINT('Ctrl Pts',(3.33546766593117,3.,-3.0955167258747));
#7137=CARTESIAN_POINT('Ctrl Pts',(3.34242820739746,3.,-3.1480211019516));
#7138=CARTESIAN_POINT('Ctrl Pts',(3.7824010848999,5.,-1.74454271793365));
#7139=CARTESIAN_POINT('Ctrl Pts',(3.7824010848999,3.,-1.74454271793365));
#7140=CARTESIAN_POINT('Ctrl Pts',(3.64712404749266,5.,-1.89930908093261));
#7141=CARTESIAN_POINT('Ctrl Pts',(3.64712404749266,3.,-1.89930908093261));
#7142=CARTESIAN_POINT('Ctrl Pts',(3.37167460415751,5.,-2.2144424498482));
#7143=CARTESIAN_POINT('Ctrl Pts',(3.37167460415751,3.,-2.2144424498482));
#7144=CARTESIAN_POINT('Ctrl Pts',(3.33646874493819,5.,-2.63199010049357));
#7145=CARTESIAN_POINT('Ctrl Pts',(3.33646874493819,3.,-2.63199010049357));
#7146=CARTESIAN_POINT('Ctrl Pts',(3.31855297088623,5.,-2.84447431564331));
#7147=CARTESIAN_POINT('Ctrl Pts',(3.31855297088623,3.,-2.84447431564331));
#7148=CARTESIAN_POINT('',(3.7824010848999,3.,-1.74454271793365));
#7149=CARTESIAN_POINT('',(3.7824010848999,5.,-1.74454271793365));
#7150=CARTESIAN_POINT('Ctrl Pts',(3.7824010848999,3.,-1.74454271793365));
#7151=CARTESIAN_POINT('Ctrl Pts',(3.64712404749266,3.,-1.89930908093261));
#7152=CARTESIAN_POINT('Ctrl Pts',(3.37167460415751,3.,-2.2144424498482));
#7153=CARTESIAN_POINT('Ctrl Pts',(3.33646874493819,3.,-2.63199010049357));
#7154=CARTESIAN_POINT('Ctrl Pts',(3.31855297088623,3.,-2.84447431564331));
#7155=CARTESIAN_POINT('Ctrl Pts',(5.11937141418457,5.,-1.31650686264038));
#7156=CARTESIAN_POINT('Ctrl Pts',(5.11937141418457,3.,-1.31650686264038));
#7157=CARTESIAN_POINT('Ctrl Pts',(4.85391879788299,5.,-1.32705147145677));
#7158=CARTESIAN_POINT('Ctrl Pts',(4.85391879788299,3.,-1.32705147145677));
#7159=CARTESIAN_POINT('Ctrl Pts',(4.36645296912216,5.,-1.34641513999867));
#7160=CARTESIAN_POINT('Ctrl Pts',(4.36645296912216,3.,-1.34641513999867));
#7161=CARTESIAN_POINT('Ctrl Pts',(3.96516509556902,5.,-1.61995893545297));
#7162=CARTESIAN_POINT('Ctrl Pts',(3.96516509556902,3.,-1.61995893545297));
#7163=CARTESIAN_POINT('Ctrl Pts',(3.7824010848999,5.,-1.74454271793365));
#7164=CARTESIAN_POINT('Ctrl Pts',(3.7824010848999,3.,-1.74454271793365));
#7165=CARTESIAN_POINT('',(5.11937141418457,3.,-1.31650686264038));
#7166=CARTESIAN_POINT('',(5.11937141418457,5.,-1.31650686264038));
#7167=CARTESIAN_POINT('Ctrl Pts',(5.11937141418457,3.,-1.31650686264038));
#7168=CARTESIAN_POINT('Ctrl Pts',(4.85391879788299,3.,-1.32705147145677));
#7169=CARTESIAN_POINT('Ctrl Pts',(4.36645296912216,3.,-1.34641513999867));
#7170=CARTESIAN_POINT('Ctrl Pts',(3.96516509556902,3.,-1.61995893545297));
#7171=CARTESIAN_POINT('Ctrl Pts',(3.7824010848999,3.,-1.74454271793365));
#7172=CARTESIAN_POINT('Ctrl Pts',(6.32673740386963,5.,-1.60300076007843));
#7173=CARTESIAN_POINT('Ctrl Pts',(6.32673740386963,3.,-1.60300076007843));
#7174=CARTESIAN_POINT('Ctrl Pts',(6.14946945618303,5.,-1.51955228478404));
#7175=CARTESIAN_POINT('Ctrl Pts',(6.14946945618303,3.,-1.51955228478404));
#7176=CARTESIAN_POINT('Ctrl Pts',(5.76784533594892,5.,-1.33990361515877));
#7177=CARTESIAN_POINT('Ctrl Pts',(5.76784533594892,3.,-1.33990361515877));
#7178=CARTESIAN_POINT('Ctrl Pts',(5.34552176476987,5.,-1.32466630222153));
#7179=CARTESIAN_POINT('Ctrl Pts',(5.34552176476987,3.,-1.32466630222153));
#7180=CARTESIAN_POINT('Ctrl Pts',(5.11937141418457,5.,-1.31650686264038));
#7181=CARTESIAN_POINT('Ctrl Pts',(5.11937141418457,3.,-1.31650686264038));
#7182=CARTESIAN_POINT('',(6.32673740386963,3.,-1.60300076007843));
#7183=CARTESIAN_POINT('',(6.32673740386963,5.,-1.60300076007843));
#7184=CARTESIAN_POINT('Ctrl Pts',(6.32673740386963,3.,-1.60300076007843));
#7185=CARTESIAN_POINT('Ctrl Pts',(6.14946945618303,3.,-1.51955228478404));
#7186=CARTESIAN_POINT('Ctrl Pts',(5.76784533594892,3.,-1.33990361515877));
#7187=CARTESIAN_POINT('Ctrl Pts',(5.34552176476987,3.,-1.32466630222153));
#7188=CARTESIAN_POINT('Ctrl Pts',(5.11937141418457,3.,-1.31650686264038));
#7189=CARTESIAN_POINT('Ctrl Pts',(7.03956127166748,5.,-2.34652101993561));
#7190=CARTESIAN_POINT('Ctrl Pts',(7.03956127166748,3.,-2.34652101993561));
#7191=CARTESIAN_POINT('Ctrl Pts',(6.94940344666184,5.,-2.2003217375591));
#7192=CARTESIAN_POINT('Ctrl Pts',(6.94940344666184,3.,-2.2003217375591));
#7193=CARTESIAN_POINT('Ctrl Pts',(6.76518866454207,5.,-1.90160036814526));
#7194=CARTESIAN_POINT('Ctrl Pts',(6.76518866454207,3.,-1.90160036814526));
#7195=CARTESIAN_POINT('Ctrl Pts',(6.47493567774121,5.,-1.70392861788951));
#7196=CARTESIAN_POINT('Ctrl Pts',(6.47493567774121,3.,-1.70392861788951));
#7197=CARTESIAN_POINT('Ctrl Pts',(6.32673740386963,5.,-1.60300076007843));
#7198=CARTESIAN_POINT('Ctrl Pts',(6.32673740386963,3.,-1.60300076007843));
#7199=CARTESIAN_POINT('',(7.03956127166748,3.,-2.34652101993561));
#7200=CARTESIAN_POINT('',(7.03956127166748,5.,-2.34652101993561));
#7201=CARTESIAN_POINT('Ctrl Pts',(7.03956127166748,3.,-2.34652101993561));
#7202=CARTESIAN_POINT('Ctrl Pts',(6.94940344666184,3.,-2.2003217375591));
#7203=CARTESIAN_POINT('Ctrl Pts',(6.76518866454207,3.,-1.90160036814526));
#7204=CARTESIAN_POINT('Ctrl Pts',(6.47493567774121,3.,-1.70392861788951));
#7205=CARTESIAN_POINT('Ctrl Pts',(6.32673740386963,3.,-1.60300076007843));
#7206=CARTESIAN_POINT('Ctrl Pts',(7.45566129684448,5.,-3.66643846035004));
#7207=CARTESIAN_POINT('Ctrl Pts',(7.45566129684448,3.,-3.66643846035004));
#7208=CARTESIAN_POINT('Ctrl Pts',(7.39988056997442,5.,-3.40970078388151));
#7209=CARTESIAN_POINT('Ctrl Pts',(7.39988056997442,3.,-3.40970078388151));
#7210=CARTESIAN_POINT('Ctrl Pts',(7.30144845805941,5.,-2.95665484631568));
#7211=CARTESIAN_POINT('Ctrl Pts',(7.30144845805941,3.,-2.95665484631568));
#7212=CARTESIAN_POINT('Ctrl Pts',(7.11873319089139,5.,-2.53097244989464));
#7213=CARTESIAN_POINT('Ctrl Pts',(7.11873319089139,3.,-2.53097244989464));
#7214=CARTESIAN_POINT('Ctrl Pts',(7.03956127166748,5.,-2.34652101993561));
#7215=CARTESIAN_POINT('Ctrl Pts',(7.03956127166748,3.,-2.34652101993561));
#7216=CARTESIAN_POINT('',(7.45566129684448,3.,-3.66643846035004));
#7217=CARTESIAN_POINT('',(7.45566129684448,5.,-3.66643846035004));
#7218=CARTESIAN_POINT('Ctrl Pts',(7.45566129684448,3.,-3.66643846035004));
#7219=CARTESIAN_POINT('Ctrl Pts',(7.39988056997442,3.,-3.40970078388151));
#7220=CARTESIAN_POINT('Ctrl Pts',(7.30144845805941,3.,-2.95665484631568));
#7221=CARTESIAN_POINT('Ctrl Pts',(7.11873319089139,3.,-2.53097244989464));
#7222=CARTESIAN_POINT('Ctrl Pts',(7.03956127166748,3.,-2.34652101993561));
#7223=CARTESIAN_POINT('Origin',(8.02523851394653,5.,-6.40177309513092));
#7224=CARTESIAN_POINT('',(8.02523851394653,3.,-6.40177309513092));
#7225=CARTESIAN_POINT('',(8.02523851394653,5.,-6.40177309513092));
#7226=CARTESIAN_POINT('',(8.02523851394653,3.,-6.40177309513092));
#7227=CARTESIAN_POINT('Origin',(6.99863433837891,5.,-6.40177309513092));
#7228=CARTESIAN_POINT('',(6.99863433837891,3.,-6.40177309513092));
#7229=CARTESIAN_POINT('',(6.99863433837891,5.,-6.40177309513092));
#7230=CARTESIAN_POINT('',(6.99863433837891,3.,-6.40177309513092));
#7231=CARTESIAN_POINT('Origin',(6.4256477355957,5.,-3.66984963417053));
#7232=CARTESIAN_POINT('',(6.4256477355957,3.,-3.66984963417053));
#7233=CARTESIAN_POINT('',(6.4256477355957,5.,-3.66984963417053));
#7234=CARTESIAN_POINT('',(6.4256477355957,3.,-3.66984963417053));
#7235=CARTESIAN_POINT('Ctrl Pts',(6.15620613098145,5.,-2.73192346096039));
#7236=CARTESIAN_POINT('Ctrl Pts',(6.15620613098145,3.,-2.73192346096039));
#7237=CARTESIAN_POINT('Ctrl Pts',(6.20363297664546,5.,-2.85529031235585));
#7238=CARTESIAN_POINT('Ctrl Pts',(6.20363297664546,3.,-2.85529031235585));
#7239=CARTESIAN_POINT('Ctrl Pts',(6.32069658204059,5.,-3.15979650939258));
#7240=CARTESIAN_POINT('Ctrl Pts',(6.32069658204059,3.,-3.15979650939258));
#7241=CARTESIAN_POINT('Ctrl Pts',(6.38650234742959,5.,-3.47960658415695));
#7242=CARTESIAN_POINT('Ctrl Pts',(6.38650234742959,3.,-3.47960658415695));
#7243=CARTESIAN_POINT('Ctrl Pts',(6.4256477355957,5.,-3.66984963417053));
#7244=CARTESIAN_POINT('Ctrl Pts',(6.4256477355957,3.,-3.66984963417053));
#7245=CARTESIAN_POINT('',(6.15620613098145,3.,-2.73192346096039));
#7246=CARTESIAN_POINT('',(6.15620613098145,5.,-2.73192346096039));
#7247=CARTESIAN_POINT('Ctrl Pts',(6.15620613098145,3.,-2.73192346096039));
#7248=CARTESIAN_POINT('Ctrl Pts',(6.20363297664546,3.,-2.85529031235585));
#7249=CARTESIAN_POINT('Ctrl Pts',(6.32069658204059,3.,-3.15979650939258));
#7250=CARTESIAN_POINT('Ctrl Pts',(6.38650234742959,3.,-3.47960658415695));
#7251=CARTESIAN_POINT('Ctrl Pts',(6.4256477355957,3.,-3.66984963417053));
#7252=CARTESIAN_POINT('Ctrl Pts',(5.78103542327881,5.,-2.31582522392273));
#7253=CARTESIAN_POINT('Ctrl Pts',(5.78103542327881,3.,-2.31582522392273));
#7254=CARTESIAN_POINT('Ctrl Pts',(5.85772036051801,5.,-2.36920738730755));
#7255=CARTESIAN_POINT('Ctrl Pts',(5.85772036051801,3.,-2.36920738730755));
#7256=CARTESIAN_POINT('Ctrl Pts',(6.01496131214717,5.,-2.47866646066468));
#7257=CARTESIAN_POINT('Ctrl Pts',(6.01496131214717,3.,-2.47866646066468));
#7258=CARTESIAN_POINT('Ctrl Pts',(6.10835808712707,5.,-2.64613021093827));
#7259=CARTESIAN_POINT('Ctrl Pts',(6.10835808712707,3.,-2.64613021093827));
#7260=CARTESIAN_POINT('Ctrl Pts',(6.15620613098145,5.,-2.73192346096039));
#7261=CARTESIAN_POINT('Ctrl Pts',(6.15620613098145,3.,-2.73192346096039));
#7262=CARTESIAN_POINT('',(5.78103542327881,3.,-2.31582522392273));
#7263=CARTESIAN_POINT('',(5.78103542327881,5.,-2.31582522392273));
#7264=CARTESIAN_POINT('Ctrl Pts',(5.78103542327881,3.,-2.31582522392273));
#7265=CARTESIAN_POINT('Ctrl Pts',(5.85772036051801,3.,-2.36920738730755));
#7266=CARTESIAN_POINT('Ctrl Pts',(6.01496131214717,3.,-2.47866646066468));
#7267=CARTESIAN_POINT('Ctrl Pts',(6.10835808712707,3.,-2.64613021093827));
#7268=CARTESIAN_POINT('Ctrl Pts',(6.15620613098145,3.,-2.73192346096039));
#7269=CARTESIAN_POINT('Ctrl Pts',(5.16711950302124,5.,-2.17598855495453));
#7270=CARTESIAN_POINT('Ctrl Pts',(5.16711950302124,3.,-2.17598855495453));
#7271=CARTESIAN_POINT('Ctrl Pts',(5.28208885831372,5.,-2.17987220582624));
#7272=CARTESIAN_POINT('Ctrl Pts',(5.28208885831372,3.,-2.17987220582624));
#7273=CARTESIAN_POINT('Ctrl Pts',(5.49610536680519,5.,-2.1871016575149));
#7274=CARTESIAN_POINT('Ctrl Pts',(5.49610536680519,3.,-2.1871016575149));
#7275=CARTESIAN_POINT('Ctrl Pts',(5.69088918656086,5.,-2.27509963241373));
#7276=CARTESIAN_POINT('Ctrl Pts',(5.69088918656086,3.,-2.27509963241373));
#7277=CARTESIAN_POINT('Ctrl Pts',(5.78103542327881,5.,-2.31582522392273));
#7278=CARTESIAN_POINT('Ctrl Pts',(5.78103542327881,3.,-2.31582522392273));
#7279=CARTESIAN_POINT('',(5.16711950302124,3.,-2.17598855495453));
#7280=CARTESIAN_POINT('',(5.16711950302124,5.,-2.17598855495453));
#7281=CARTESIAN_POINT('Ctrl Pts',(5.16711950302124,3.,-2.17598855495453));
#7282=CARTESIAN_POINT('Ctrl Pts',(5.28208885831372,3.,-2.17987220582624));
#7283=CARTESIAN_POINT('Ctrl Pts',(5.49610536680519,3.,-2.1871016575149));
#7284=CARTESIAN_POINT('Ctrl Pts',(5.69088918656086,3.,-2.27509963241373));
#7285=CARTESIAN_POINT('Ctrl Pts',(5.78103542327881,3.,-2.31582522392273));
#7286=CARTESIAN_POINT('Ctrl Pts',(4.5378565788269,5.,-2.36868977546692));
#7287=CARTESIAN_POINT('Ctrl Pts',(4.5378565788269,3.,-2.36868977546692));
#7288=CARTESIAN_POINT('Ctrl Pts',(4.62381949748334,5.,-2.31262091560699));
#7289=CARTESIAN_POINT('Ctrl Pts',(4.62381949748334,3.,-2.31262091560699));
#7290=CARTESIAN_POINT('Ctrl Pts',(4.81406870471909,5.,-2.18853187459156));
#7291=CARTESIAN_POINT('Ctrl Pts',(4.81406870471909,3.,-2.18853187459156));
#7292=CARTESIAN_POINT('Ctrl Pts',(5.04211468031554,5.,-2.18042977263456));
#7293=CARTESIAN_POINT('Ctrl Pts',(5.04211468031554,3.,-2.18042977263456));
#7294=CARTESIAN_POINT('Ctrl Pts',(5.16711950302124,5.,-2.17598855495453));
#7295=CARTESIAN_POINT('Ctrl Pts',(5.16711950302124,3.,-2.17598855495453));
#7296=CARTESIAN_POINT('',(4.5378565788269,3.,-2.36868977546692));
#7297=CARTESIAN_POINT('',(4.5378565788269,5.,-2.36868977546692));
#7298=CARTESIAN_POINT('Ctrl Pts',(4.5378565788269,3.,-2.36868977546692));
#7299=CARTESIAN_POINT('Ctrl Pts',(4.62381949748334,3.,-2.31262091560699));
#7300=CARTESIAN_POINT('Ctrl Pts',(4.81406870471909,3.,-2.18853187459156));
#7301=CARTESIAN_POINT('Ctrl Pts',(5.04211468031554,3.,-2.18042977263456));
#7302=CARTESIAN_POINT('Ctrl Pts',(5.16711950302124,3.,-2.17598855495453));
#7303=CARTESIAN_POINT('Ctrl Pts',(4.32128190994263,5.,-2.8581166267395));
#7304=CARTESIAN_POINT('Ctrl Pts',(4.32128190994263,3.,-2.8581166267395));
#7305=CARTESIAN_POINT('Ctrl Pts',(4.33006355687892,5.,-2.76375965982757));
#7306=CARTESIAN_POINT('Ctrl Pts',(4.33006355687892,3.,-2.76375965982757));
#7307=CARTESIAN_POINT('Ctrl Pts',(4.34751061508378,5.,-2.57629465403882));
#7308=CARTESIAN_POINT('Ctrl Pts',(4.34751061508378,3.,-2.57629465403882));
#7309=CARTESIAN_POINT('Ctrl Pts',(4.4746903562364,5.,-2.43758336119298));
#7310=CARTESIAN_POINT('Ctrl Pts',(4.4746903562364,3.,-2.43758336119298));
#7311=CARTESIAN_POINT('Ctrl Pts',(4.5378565788269,5.,-2.36868977546692));
#7312=CARTESIAN_POINT('Ctrl Pts',(4.5378565788269,3.,-2.36868977546692));
#7313=CARTESIAN_POINT('',(4.32128190994263,3.,-2.8581166267395));
#7314=CARTESIAN_POINT('',(4.32128190994263,5.,-2.8581166267395));
#7315=CARTESIAN_POINT('Ctrl Pts',(4.32128190994263,3.,-2.8581166267395));
#7316=CARTESIAN_POINT('Ctrl Pts',(4.33006355687892,3.,-2.76375965982757));
#7317=CARTESIAN_POINT('Ctrl Pts',(4.34751061508378,3.,-2.57629465403882));
#7318=CARTESIAN_POINT('Ctrl Pts',(4.4746903562364,3.,-2.43758336119298));
#7319=CARTESIAN_POINT('Ctrl Pts',(4.5378565788269,3.,-2.36868977546692));
#7320=CARTESIAN_POINT('Ctrl Pts',(4.33492422103882,5.,-3.01841676235199));
#7321=CARTESIAN_POINT('Ctrl Pts',(4.33492422103882,3.,-3.01841676235199));
#7322=CARTESIAN_POINT('Ctrl Pts',(4.33094606530352,5.,-2.99089490132257));
#7323=CARTESIAN_POINT('Ctrl Pts',(4.33094606530352,3.,-2.99089490132257));
#7324=CARTESIAN_POINT('Ctrl Pts',(4.32326048776873,5.,-2.93772418330202));
#7325=CARTESIAN_POINT('Ctrl Pts',(4.32326048776873,3.,-2.93772418330202));
#7326=CARTESIAN_POINT('Ctrl Pts',(4.32192576344856,5.,-2.88402190259747));
#7327=CARTESIAN_POINT('Ctrl Pts',(4.32192576344856,3.,-2.88402190259747));
#7328=CARTESIAN_POINT('Ctrl Pts',(4.32128190994263,5.,-2.8581166267395));
#7329=CARTESIAN_POINT('Ctrl Pts',(4.32128190994263,3.,-2.8581166267395));
#7330=CARTESIAN_POINT('',(4.33492422103882,3.,-3.01841676235199));
#7331=CARTESIAN_POINT('',(4.33492422103882,5.,-3.01841676235199));
#7332=CARTESIAN_POINT('Ctrl Pts',(4.33492422103882,3.,-3.01841676235199));
#7333=CARTESIAN_POINT('Ctrl Pts',(4.33094606530352,3.,-2.99089490132257));
#7334=CARTESIAN_POINT('Ctrl Pts',(4.32326048776873,3.,-2.93772418330202));
#7335=CARTESIAN_POINT('Ctrl Pts',(4.32192576344856,3.,-2.88402190259747));
#7336=CARTESIAN_POINT('Ctrl Pts',(4.32128190994263,3.,-2.8581166267395));
#7337=CARTESIAN_POINT('Origin',(4.47476148605347,5.,-3.68690252304077));
#7338=CARTESIAN_POINT('',(4.47476148605347,3.,-3.68690252304077));
#7339=CARTESIAN_POINT('',(4.47476148605347,5.,-3.68690252304077));
#7340=CARTESIAN_POINT('',(4.47476148605347,3.,-3.68690252304077));
#7341=CARTESIAN_POINT('Origin',(5.04092693328857,5.,-6.40177309513092));
#7342=CARTESIAN_POINT('',(5.04092693328857,3.,-6.40177309513092));
#7343=CARTESIAN_POINT('',(5.04092693328857,5.,-6.40177309513092));
#7344=CARTESIAN_POINT('',(5.04092693328857,3.,-6.40177309513092));
#7345=CARTESIAN_POINT('Origin',(4.01432275772095,5.,-6.40177309513092));
#7346=CARTESIAN_POINT('',(4.01432275772095,3.,-6.40177309513092));
#7347=CARTESIAN_POINT('',(4.01432275772095,5.,-6.40177309513092));
#7348=CARTESIAN_POINT('',(4.01432275772095,3.,-6.40177309513092));
#7349=CARTESIAN_POINT('Origin',(3.46179962158203,5.,-3.76875817775726));
#7350=CARTESIAN_POINT('',(3.46179962158203,3.,-3.76875817775726));
#7351=CARTESIAN_POINT('Origin',(-5.42803441174328,3.,5.96046448864129E-7));
#7352=CARTESIAN_POINT('Origin',(0.596861839294434,5.,6.40177428722382));
#7353=CARTESIAN_POINT('',(0.596861839294434,3.,6.40177428722382));
#7354=CARTESIAN_POINT('',(0.596861839294434,5.,6.40177428722382));
#7355=CARTESIAN_POINT('',(-0.381991863250732,3.,6.40177428722382));
#7356=CARTESIAN_POINT('',(0.596861839294434,3.,6.40177428722382));
#7357=CARTESIAN_POINT('',(-0.381991863250732,5.,6.40177428722382));
#7358=CARTESIAN_POINT('Origin',(0.907230377197266,5.,4.91473495960236));
#7359=CARTESIAN_POINT('',(0.907230377197266,3.,4.91473495960236));
#7360=CARTESIAN_POINT('',(0.907230377197266,5.,4.91473495960236));
#7361=CARTESIAN_POINT('',(0.907230377197266,3.,4.91473495960236));
#7362=CARTESIAN_POINT('Ctrl Pts',(1.15279674530029,5.,4.05184209346771));
#7363=CARTESIAN_POINT('Ctrl Pts',(1.15279674530029,3.,4.05184209346771));
#7364=CARTESIAN_POINT('Ctrl Pts',(1.11183469367516,5.,4.15830315344676));
#7365=CARTESIAN_POINT('Ctrl Pts',(1.11183469367516,3.,4.15830315344676));
#7366=CARTESIAN_POINT('Ctrl Pts',(1.0041387830379,5.,4.43820663354533));
#7367=CARTESIAN_POINT('Ctrl Pts',(1.0041387830379,3.,4.43820663354533));
#7368=CARTESIAN_POINT('Ctrl Pts',(0.944305882745762,5.,4.73242333819567));
#7369=CARTESIAN_POINT('Ctrl Pts',(0.944305882745762,3.,4.73242333819567));
#7370=CARTESIAN_POINT('Ctrl Pts',(0.907230377197266,5.,4.91473495960236));
#7371=CARTESIAN_POINT('Ctrl Pts',(0.907230377197266,3.,4.91473495960236));
#7372=CARTESIAN_POINT('',(1.15279674530029,3.,4.05184209346771));
#7373=CARTESIAN_POINT('',(1.15279674530029,5.,4.05184209346771));
#7374=CARTESIAN_POINT('Ctrl Pts',(1.15279674530029,3.,4.05184209346771));
#7375=CARTESIAN_POINT('Ctrl Pts',(1.11183469367516,3.,4.15830315344676));
#7376=CARTESIAN_POINT('Ctrl Pts',(1.0041387830379,3.,4.43820663354533));
#7377=CARTESIAN_POINT('Ctrl Pts',(0.944305882745762,3.,4.73242333819567));
#7378=CARTESIAN_POINT('Ctrl Pts',(0.907230377197266,3.,4.91473495960236));
#7379=CARTESIAN_POINT('Ctrl Pts',(1.56548500061035,5.,3.57435286045075));
#7380=CARTESIAN_POINT('Ctrl Pts',(1.56548500061035,3.,3.57435286045075));
#7381=CARTESIAN_POINT('Ctrl Pts',(1.48236608958302,5.,3.63997363857785));
#7382=CARTESIAN_POINT('Ctrl Pts',(1.48236608958302,3.,3.63997363857785));
#7383=CARTESIAN_POINT('Ctrl Pts',(1.31427616150664,5.,3.77267739683661));
#7384=CARTESIAN_POINT('Ctrl Pts',(1.31427616150664,3.,3.77267739683661));
#7385=CARTESIAN_POINT('Ctrl Pts',(1.20701716331359,5.,3.95810614308162));
#7386=CARTESIAN_POINT('Ctrl Pts',(1.20701716331359,3.,3.95810614308162));
#7387=CARTESIAN_POINT('Ctrl Pts',(1.15279674530029,5.,4.05184209346771));
#7388=CARTESIAN_POINT('Ctrl Pts',(1.15279674530029,3.,4.05184209346771));
#7389=CARTESIAN_POINT('',(1.56548500061035,3.,3.57435286045075));
#7390=CARTESIAN_POINT('',(1.56548500061035,5.,3.57435286045075));
#7391=CARTESIAN_POINT('Ctrl Pts',(1.56548500061035,3.,3.57435286045075));
#7392=CARTESIAN_POINT('Ctrl Pts',(1.48236608958302,3.,3.63997363857785));
#7393=CARTESIAN_POINT('Ctrl Pts',(1.31427616150664,3.,3.77267739683661));
#7394=CARTESIAN_POINT('Ctrl Pts',(1.20701716331359,3.,3.95810614308162));
#7395=CARTESIAN_POINT('Ctrl Pts',(1.15279674530029,3.,4.05184209346771));
#7396=CARTESIAN_POINT('Ctrl Pts',(2.04297304153442,5.,3.39358866214752));
#7397=CARTESIAN_POINT('Ctrl Pts',(2.04297304153442,3.,3.39358866214752));
#7398=CARTESIAN_POINT('Ctrl Pts',(1.96562454182543,5.,3.40381253457159));
#7399=CARTESIAN_POINT('Ctrl Pts',(1.96562454182543,3.,3.40381253457159));
#7400=CARTESIAN_POINT('Ctrl Pts',(1.79295828075749,5.,3.42663544428207));
#7401=CARTESIAN_POINT('Ctrl Pts',(1.79295828075749,3.,3.42663544428207));
#7402=CARTESIAN_POINT('Ctrl Pts',(1.64639371910873,5.,3.5218120660578));
#7403=CARTESIAN_POINT('Ctrl Pts',(1.64639371910873,3.,3.5218120660578));
#7404=CARTESIAN_POINT('Ctrl Pts',(1.56548500061035,5.,3.57435286045075));
#7405=CARTESIAN_POINT('Ctrl Pts',(1.56548500061035,3.,3.57435286045075));
#7406=CARTESIAN_POINT('',(2.04297304153442,3.,3.39358866214752));
#7407=CARTESIAN_POINT('',(2.04297304153442,5.,3.39358866214752));
#7408=CARTESIAN_POINT('Ctrl Pts',(2.04297304153442,3.,3.39358866214752));
#7409=CARTESIAN_POINT('Ctrl Pts',(1.96562454182543,3.,3.40381253457159));
#7410=CARTESIAN_POINT('Ctrl Pts',(1.79295828075749,3.,3.42663544428207));
#7411=CARTESIAN_POINT('Ctrl Pts',(1.64639371910873,3.,3.5218120660578));
#7412=CARTESIAN_POINT('Ctrl Pts',(1.56548500061035,3.,3.57435286045075));
#7413=CARTESIAN_POINT('Ctrl Pts',(2.35163688659668,5.,3.50102365016937));
#7414=CARTESIAN_POINT('Ctrl Pts',(2.35163688659668,3.,3.50102365016937));
#7415=CARTESIAN_POINT('Ctrl Pts',(2.30905353231988,5.,3.4697283380964));
#7416=CARTESIAN_POINT('Ctrl Pts',(2.30905353231988,3.,3.4697283380964));
#7417=CARTESIAN_POINT('Ctrl Pts',(2.21758563796009,5.,3.40250685338099));
#7418=CARTESIAN_POINT('Ctrl Pts',(2.21758563796009,3.,3.40250685338099));
#7419=CARTESIAN_POINT('Ctrl Pts',(2.10379034408322,5.,3.39669485463041));
#7420=CARTESIAN_POINT('Ctrl Pts',(2.10379034408322,3.,3.39669485463041));
#7421=CARTESIAN_POINT('Ctrl Pts',(2.04297304153442,5.,3.39358866214752));
#7422=CARTESIAN_POINT('Ctrl Pts',(2.04297304153442,3.,3.39358866214752));
#7423=CARTESIAN_POINT('',(2.35163688659668,3.,3.50102365016937));
#7424=CARTESIAN_POINT('',(2.35163688659668,5.,3.50102365016937));
#7425=CARTESIAN_POINT('Ctrl Pts',(2.35163688659668,3.,3.50102365016937));
#7426=CARTESIAN_POINT('Ctrl Pts',(2.30905353231988,3.,3.4697283380964));
#7427=CARTESIAN_POINT('Ctrl Pts',(2.21758563796009,3.,3.40250685338099));
#7428=CARTESIAN_POINT('Ctrl Pts',(2.10379034408322,3.,3.39669485463041));
#7429=CARTESIAN_POINT('Ctrl Pts',(2.04297304153442,3.,3.39358866214752));
#7430=CARTESIAN_POINT('Ctrl Pts',(2.46248245239258,5.,3.79604399204254));
#7431=CARTESIAN_POINT('Ctrl Pts',(2.46248245239258,3.,3.79604399204254));
#7432=CARTESIAN_POINT('Ctrl Pts',(2.45896373573657,5.,3.73797091726364));
#7433=CARTESIAN_POINT('Ctrl Pts',(2.45896373573657,3.,3.73797091726364));
#7434=CARTESIAN_POINT('Ctrl Pts',(2.45229174839867,5.,3.62785610624685));
#7435=CARTESIAN_POINT('Ctrl Pts',(2.45229174839867,3.,3.62785610624685));
#7436=CARTESIAN_POINT('Ctrl Pts',(2.38394057002879,5.,3.54172864381493));
#7437=CARTESIAN_POINT('Ctrl Pts',(2.38394057002879,3.,3.54172864381493));
#7438=CARTESIAN_POINT('Ctrl Pts',(2.35163688659668,5.,3.50102365016937));
#7439=CARTESIAN_POINT('Ctrl Pts',(2.35163688659668,3.,3.50102365016937));
#7440=CARTESIAN_POINT('',(2.46248245239258,3.,3.79604399204254));
#7441=CARTESIAN_POINT('',(2.46248245239258,5.,3.79604399204254));
#7442=CARTESIAN_POINT('Ctrl Pts',(2.46248245239258,3.,3.79604399204254));
#7443=CARTESIAN_POINT('Ctrl Pts',(2.45896373573657,3.,3.73797091726364));
#7444=CARTESIAN_POINT('Ctrl Pts',(2.45229174839867,3.,3.62785610624685));
#7445=CARTESIAN_POINT('Ctrl Pts',(2.38394057002879,3.,3.54172864381493));
#7446=CARTESIAN_POINT('Ctrl Pts',(2.35163688659668,3.,3.50102365016937));
#7447=CARTESIAN_POINT('Ctrl Pts',(2.36698627471924,5.,4.34515774250031));
#7448=CARTESIAN_POINT('Ctrl Pts',(2.36698627471924,3.,4.34515774250031));
#7449=CARTESIAN_POINT('Ctrl Pts',(2.39341388363523,5.,4.22307500617953));
#7450=CARTESIAN_POINT('Ctrl Pts',(2.39341388363523,3.,4.22307500617953));
#7451=CARTESIAN_POINT('Ctrl Pts',(2.43277109092699,5.,4.04126379596387));
#7452=CARTESIAN_POINT('Ctrl Pts',(2.43277109092699,3.,4.04126379596387));
#7453=CARTESIAN_POINT('Ctrl Pts',(2.45513536040554,5.,3.85668249420403));
#7454=CARTESIAN_POINT('Ctrl Pts',(2.45513536040554,3.,3.85668249420403));
#7455=CARTESIAN_POINT('Ctrl Pts',(2.46248245239258,5.,3.79604399204254));
#7456=CARTESIAN_POINT('Ctrl Pts',(2.46248245239258,3.,3.79604399204254));
#7457=CARTESIAN_POINT('',(2.36698627471924,3.,4.34515774250031));
#7458=CARTESIAN_POINT('',(2.36698627471924,5.,4.34515774250031));
#7459=CARTESIAN_POINT('Ctrl Pts',(2.36698627471924,3.,4.34515774250031));
#7460=CARTESIAN_POINT('Ctrl Pts',(2.39341388363523,3.,4.22307500617953));
#7461=CARTESIAN_POINT('Ctrl Pts',(2.43277109092699,3.,4.04126379596387));
#7462=CARTESIAN_POINT('Ctrl Pts',(2.45513536040554,3.,3.85668249420403));
#7463=CARTESIAN_POINT('Ctrl Pts',(2.46248245239258,3.,3.79604399204254));
#7464=CARTESIAN_POINT('Origin',(1.93724393844604,5.,6.40177428722382));
#7465=CARTESIAN_POINT('',(1.93724393844604,3.,6.40177428722382));
#7466=CARTESIAN_POINT('',(1.93724393844604,5.,6.40177428722382));
#7467=CARTESIAN_POINT('',(1.93724393844604,3.,6.40177428722382));
#7468=CARTESIAN_POINT('Origin',(2.91609764099121,5.,6.40177428722382));
#7469=CARTESIAN_POINT('',(2.91609764099121,3.,6.40177428722382));
#7470=CARTESIAN_POINT('',(2.91609764099121,5.,6.40177428722382));
#7471=CARTESIAN_POINT('',(2.91609764099121,3.,6.40177428722382));
#7472=CARTESIAN_POINT('Origin',(3.34242820739746,5.,4.3519788980484));
#7473=CARTESIAN_POINT('',(3.34242820739746,3.,4.3519788980484));
#7474=CARTESIAN_POINT('',(3.34242820739746,5.,4.3519788980484));
#7475=CARTESIAN_POINT('',(3.34242820739746,3.,4.3519788980484));
#7476=CARTESIAN_POINT('Ctrl Pts',(3.45498085021973,5.,3.62892329692841));
#7477=CARTESIAN_POINT('Ctrl Pts',(3.45498085021973,3.,3.62892329692841));
#7478=CARTESIAN_POINT('Ctrl Pts',(3.44708112313842,5.,3.72122522061006));
#7479=CARTESIAN_POINT('Ctrl Pts',(3.44708112313842,3.,3.72122522061006));
#7480=CARTESIAN_POINT('Ctrl Pts',(3.42624617008292,5.,3.96466480112313));
#7481=CARTESIAN_POINT('Ctrl Pts',(3.42624617008292,3.,3.96466480112313));
#7482=CARTESIAN_POINT('Ctrl Pts',(3.37453358318123,5.,4.20362329228406));
#7483=CARTESIAN_POINT('Ctrl Pts',(3.37453358318123,3.,4.20362329228406));
#7484=CARTESIAN_POINT('Ctrl Pts',(3.34242820739746,5.,4.3519788980484));
#7485=CARTESIAN_POINT('Ctrl Pts',(3.34242820739746,3.,4.3519788980484));
#7486=CARTESIAN_POINT('',(3.45498085021973,3.,3.62892329692841));
#7487=CARTESIAN_POINT('',(3.45498085021973,5.,3.62892329692841));
#7488=CARTESIAN_POINT('Ctrl Pts',(3.45498085021973,3.,3.62892329692841));
#7489=CARTESIAN_POINT('Ctrl Pts',(3.44708112313842,3.,3.72122522061006));
#7490=CARTESIAN_POINT('Ctrl Pts',(3.42624617008292,3.,3.96466480112313));
#7491=CARTESIAN_POINT('Ctrl Pts',(3.37453358318123,3.,4.20362329228406));
#7492=CARTESIAN_POINT('Ctrl Pts',(3.34242820739746,3.,4.3519788980484));
#7493=CARTESIAN_POINT('Ctrl Pts',(3.19747686386108,5.,2.95020520687103));
#7494=CARTESIAN_POINT('Ctrl Pts',(3.19747686386108,3.,2.95020520687103));
#7495=CARTESIAN_POINT('Ctrl Pts',(3.27254466011534,5.,3.04523275412997));
#7496=CARTESIAN_POINT('Ctrl Pts',(3.27254466011534,3.,3.04523275412997));
#7497=CARTESIAN_POINT('Ctrl Pts',(3.42940547625143,5.,3.24380123971546));
#7498=CARTESIAN_POINT('Ctrl Pts',(3.42940547625143,3.,3.24380123971546));
#7499=CARTESIAN_POINT('Ctrl Pts',(3.44621548903225,5.,3.49693172030785));
#7500=CARTESIAN_POINT('Ctrl Pts',(3.44621548903225,3.,3.49693172030785));
#7501=CARTESIAN_POINT('Ctrl Pts',(3.45498085021973,5.,3.62892329692841));
#7502=CARTESIAN_POINT('Ctrl Pts',(3.45498085021973,3.,3.62892329692841));
#7503=CARTESIAN_POINT('',(3.19747686386108,3.,2.95020520687103));
#7504=CARTESIAN_POINT('',(3.19747686386108,5.,2.95020520687103));
#7505=CARTESIAN_POINT('Ctrl Pts',(3.19747686386108,3.,2.95020520687103));
#7506=CARTESIAN_POINT('Ctrl Pts',(3.27254466011534,3.,3.04523275412997));
#7507=CARTESIAN_POINT('Ctrl Pts',(3.42940547625143,3.,3.24380123971546));
#7508=CARTESIAN_POINT('Ctrl Pts',(3.44621548903225,3.,3.49693172030785));
#7509=CARTESIAN_POINT('Ctrl Pts',(3.45498085021973,3.,3.62892329692841));
#7510=CARTESIAN_POINT('Ctrl Pts',(2.4931788444519,5.,2.69440710544586));
#7511=CARTESIAN_POINT('Ctrl Pts',(2.4931788444519,3.,2.69440710544586));
#7512=CARTESIAN_POINT('Ctrl Pts',(2.63136931603434,5.,2.70236229594548));
#7513=CARTESIAN_POINT('Ctrl Pts',(2.63136931603434,3.,2.70236229594548));
#7514=CARTESIAN_POINT('Ctrl Pts',(2.89258856893456,5.,2.71739986615703));
#7515=CARTESIAN_POINT('Ctrl Pts',(2.89258856893456,3.,2.71739986615703));
#7516=CARTESIAN_POINT('Ctrl Pts',(3.09985753461922,5.,2.87566544400509));
#7517=CARTESIAN_POINT('Ctrl Pts',(3.09985753461922,3.,2.87566544400509));
#7518=CARTESIAN_POINT('Ctrl Pts',(3.19747686386108,5.,2.95020520687103));
#7519=CARTESIAN_POINT('Ctrl Pts',(3.19747686386108,3.,2.95020520687103));
#7520=CARTESIAN_POINT('',(2.4931788444519,3.,2.69440710544586));
#7521=CARTESIAN_POINT('',(2.4931788444519,5.,2.69440710544586));
#7522=CARTESIAN_POINT('Ctrl Pts',(2.4931788444519,3.,2.69440710544586));
#7523=CARTESIAN_POINT('Ctrl Pts',(2.63136931603434,3.,2.70236229594548));
#7524=CARTESIAN_POINT('Ctrl Pts',(2.89258856893456,3.,2.71739986615703));
#7525=CARTESIAN_POINT('Ctrl Pts',(3.09985753461922,3.,2.87566544400509));
#7526=CARTESIAN_POINT('Ctrl Pts',(3.19747686386108,3.,2.95020520687103));
#7527=CARTESIAN_POINT('Ctrl Pts',(1.85709476470947,5.,2.8223067522049));
#7528=CARTESIAN_POINT('Ctrl Pts',(1.85709476470947,3.,2.8223067522049));
#7529=CARTESIAN_POINT('Ctrl Pts',(1.95933435545308,5.,2.78500265643497));
#7530=CARTESIAN_POINT('Ctrl Pts',(1.95933435545308,3.,2.78500265643497));
#7531=CARTESIAN_POINT('Ctrl Pts',(2.16484062404536,5.,2.71001971226306));
#7532=CARTESIAN_POINT('Ctrl Pts',(2.16484062404536,3.,2.71001971226306));
#7533=CARTESIAN_POINT('Ctrl Pts',(2.38336871496048,5.,2.69962861872011));
#7534=CARTESIAN_POINT('Ctrl Pts',(2.38336871496048,3.,2.69962861872011));
#7535=CARTESIAN_POINT('Ctrl Pts',(2.4931788444519,5.,2.69440710544586));
#7536=CARTESIAN_POINT('Ctrl Pts',(2.4931788444519,3.,2.69440710544586));
#7537=CARTESIAN_POINT('',(1.85709476470947,3.,2.8223067522049));
#7538=CARTESIAN_POINT('',(1.85709476470947,5.,2.8223067522049));
#7539=CARTESIAN_POINT('Ctrl Pts',(1.85709476470947,3.,2.8223067522049));
#7540=CARTESIAN_POINT('Ctrl Pts',(1.95933435545308,3.,2.78500265643497));
#7541=CARTESIAN_POINT('Ctrl Pts',(2.16484062404536,3.,2.71001971226306));
#7542=CARTESIAN_POINT('Ctrl Pts',(2.38336871496048,3.,2.69962861872011));
#7543=CARTESIAN_POINT('Ctrl Pts',(2.4931788444519,3.,2.69440710544586));
#7544=CARTESIAN_POINT('Ctrl Pts',(1.20736598968506,5.,3.25034201145172));
#7545=CARTESIAN_POINT('Ctrl Pts',(1.20736598968506,3.,3.25034201145172));
#7546=CARTESIAN_POINT('Ctrl Pts',(1.31630130039978,5.,3.15973825695415));
#7547=CARTESIAN_POINT('Ctrl Pts',(1.31630130039978,3.,3.15973825695415));
#7548=CARTESIAN_POINT('Ctrl Pts',(1.51708439754017,5.,2.99274279587534));
#7549=CARTESIAN_POINT('Ctrl Pts',(1.51708439754017,3.,2.99274279587534));
#7550=CARTESIAN_POINT('Ctrl Pts',(1.75037602331857,5.,2.87580135655941));
#7551=CARTESIAN_POINT('Ctrl Pts',(1.75037602331857,3.,2.87580135655941));
#7552=CARTESIAN_POINT('Ctrl Pts',(1.85709476470947,5.,2.8223067522049));
#7553=CARTESIAN_POINT('Ctrl Pts',(1.85709476470947,3.,2.8223067522049));
#7554=CARTESIAN_POINT('',(1.20736598968506,3.,3.25034201145172));
#7555=CARTESIAN_POINT('',(1.20736598968506,5.,3.25034201145172));
#7556=CARTESIAN_POINT('Ctrl Pts',(1.20736598968506,3.,3.25034201145172));
#7557=CARTESIAN_POINT('Ctrl Pts',(1.31630130039978,3.,3.15973825695415));
#7558=CARTESIAN_POINT('Ctrl Pts',(1.51708439754017,3.,2.99274279587534));
#7559=CARTESIAN_POINT('Ctrl Pts',(1.75037602331857,3.,2.87580135655941));
#7560=CARTESIAN_POINT('Ctrl Pts',(1.85709476470947,3.,2.8223067522049));
#7561=CARTESIAN_POINT('Origin',(1.30286455154419,5.,2.77967393398285));
#7562=CARTESIAN_POINT('',(1.30286455154419,3.,2.77967393398285));
#7563=CARTESIAN_POINT('',(1.30286455154419,5.,2.77967393398285));
#7564=CARTESIAN_POINT('',(1.30286455154419,3.,2.77967393398285));
#7565=CARTESIAN_POINT('Origin',(0.375170707702637,5.,2.77967393398285));
#7566=CARTESIAN_POINT('',(0.375170707702637,3.,2.77967393398285));
#7567=CARTESIAN_POINT('',(0.375170707702637,5.,2.77967393398285));
#7568=CARTESIAN_POINT('',(0.375170707702637,3.,2.77967393398285));
#7569=CARTESIAN_POINT('Origin',(-0.381991863250732,5.,6.40177428722382));
#7570=CARTESIAN_POINT('',(-0.381991863250732,3.,6.40177428722382));
#7571=CARTESIAN_POINT('Origin',(-5.42803441174328,3.,5.96046448864129E-7));
#7572=CARTESIAN_POINT('Origin',(-17.9058659076691,5.,6.40177428722382));
#7573=CARTESIAN_POINT('',(-17.9058659076691,3.,6.40177428722382));
#7574=CARTESIAN_POINT('',(-17.9058659076691,5.,6.40177428722382));
#7575=CARTESIAN_POINT('',(-18.8744878768921,3.,6.40177428722382));
#7576=CARTESIAN_POINT('',(-17.9058659076691,3.,6.40177428722382));
#7577=CARTESIAN_POINT('',(-18.8744878768921,5.,6.40177428722382));
#7578=CARTESIAN_POINT('Origin',(-17.7080488204956,5.,5.45702636241913));
#7579=CARTESIAN_POINT('',(-17.7080488204956,3.,5.45702636241913));
#7580=CARTESIAN_POINT('',(-17.7080488204956,5.,5.45702636241913));
#7581=CARTESIAN_POINT('',(-17.7080488204956,3.,5.45702636241913));
#7582=CARTESIAN_POINT('Origin',(-18.6766707897186,5.,5.45702636241913));
#7583=CARTESIAN_POINT('',(-18.6766707897186,3.,5.45702636241913));
#7584=CARTESIAN_POINT('',(-18.6766707897186,5.,5.45702636241913));
#7585=CARTESIAN_POINT('',(-18.6766707897186,3.,5.45702636241913));
#7586=CARTESIAN_POINT('Origin',(-18.8744878768921,5.,6.40177428722382));
#7587=CARTESIAN_POINT('',(-18.8744878768921,3.,6.40177428722382));
#7588=CARTESIAN_POINT('Origin',(-5.42803441174328,3.,5.96046448864129E-7));
#7589=CARTESIAN_POINT('Origin',(-8.47203254699707,5.,1.40177428722382));
#7590=CARTESIAN_POINT('',(-8.47203254699707,3.,1.40177428722382));
#7591=CARTESIAN_POINT('',(-8.47203254699707,5.,1.40177428722382));
#7592=CARTESIAN_POINT('',(-9.51568961143494,3.,6.40177428722382));
#7593=CARTESIAN_POINT('',(-8.47203254699707,3.,1.40177428722382));
#7594=CARTESIAN_POINT('',(-9.51568961143494,5.,6.40177428722382));
#7595=CARTESIAN_POINT('Origin',(-9.44747686386108,5.,1.40177428722382));
#7596=CARTESIAN_POINT('',(-9.44747686386108,3.,1.40177428722382));
#7597=CARTESIAN_POINT('',(-9.44747686386108,5.,1.40177428722382));
#7598=CARTESIAN_POINT('',(-9.44747686386108,3.,1.40177428722382));
#7599=CARTESIAN_POINT('Origin',(-10.4945433139801,5.,6.40177428722382));
#7600=CARTESIAN_POINT('',(-10.4945433139801,3.,6.40177428722382));
#7601=CARTESIAN_POINT('',(-10.4945433139801,5.,6.40177428722382));
#7602=CARTESIAN_POINT('',(-10.4945433139801,3.,6.40177428722382));
#7603=CARTESIAN_POINT('Origin',(-9.51568961143494,5.,6.40177428722382));
#7604=CARTESIAN_POINT('',(-9.51568961143494,3.,6.40177428722382));
#7605=CARTESIAN_POINT('Origin',(-5.42803441174328,3.,5.96046448864129E-7));
#7606=CARTESIAN_POINT('Ctrl Pts',(-2.1674633026123,5.,5.37005484104157));
#7607=CARTESIAN_POINT('Ctrl Pts',(-2.1674633026123,3.,5.37005484104157));
#7608=CARTESIAN_POINT('Ctrl Pts',(-2.13460427483428,5.,5.29878788034871));
#7609=CARTESIAN_POINT('Ctrl Pts',(-2.13460427483428,3.,5.29878788034871));
#7610=CARTESIAN_POINT('Ctrl Pts',(-2.05680977985959,5.,5.13006173139093));
#7611=CARTESIAN_POINT('Ctrl Pts',(-2.05680977985959,3.,5.13006173139093));
#7612=CARTESIAN_POINT('Ctrl Pts',(-2.01777317916,5.,4.94817348263141));
#7613=CARTESIAN_POINT('Ctrl Pts',(-2.01777317916,3.,4.94817348263141));
#7614=CARTESIAN_POINT('Ctrl Pts',(-1.99522495269775,5.,4.84311163425446));
#7615=CARTESIAN_POINT('Ctrl Pts',(-1.99522495269775,3.,4.84311163425446));
#7616=CARTESIAN_POINT('',(-2.1674633026123,5.,5.37005484104157));
#7617=CARTESIAN_POINT('',(-1.99522495269775,5.,4.84311163425446));
#7618=CARTESIAN_POINT('Ctrl Pts',(-2.1674633026123,5.,5.37005484104157));
#7619=CARTESIAN_POINT('Ctrl Pts',(-2.13460427483428,5.,5.29878788034871));
#7620=CARTESIAN_POINT('Ctrl Pts',(-2.05680977985959,5.,5.13006173139093));
#7621=CARTESIAN_POINT('Ctrl Pts',(-2.01777317916,5.,4.94817348263141));
#7622=CARTESIAN_POINT('Ctrl Pts',(-1.99522495269775,5.,4.84311163425446));
#7623=CARTESIAN_POINT('',(-2.1674633026123,3.,5.37005484104157));
#7624=CARTESIAN_POINT('',(-2.1674633026123,5.,5.37005484104157));
#7625=CARTESIAN_POINT('',(-1.99522495269775,3.,4.84311163425446));
#7626=CARTESIAN_POINT('Ctrl Pts',(-2.1674633026123,3.,5.37005484104157));
#7627=CARTESIAN_POINT('Ctrl Pts',(-2.13460427483428,3.,5.29878788034871));
#7628=CARTESIAN_POINT('Ctrl Pts',(-2.05680977985959,3.,5.13006173139093));
#7629=CARTESIAN_POINT('Ctrl Pts',(-2.01777317916,3.,4.94817348263141));
#7630=CARTESIAN_POINT('Ctrl Pts',(-1.99522495269775,3.,4.84311163425446));
#7631=CARTESIAN_POINT('',(-1.99522495269775,5.,4.84311163425446));
#7632=CARTESIAN_POINT('Ctrl Pts',(-2.460777759552,5.,5.64631760120392));
#7633=CARTESIAN_POINT('Ctrl Pts',(-2.460777759552,3.,5.64631760120392));
#7634=CARTESIAN_POINT('Ctrl Pts',(-2.40017387271703,5.,5.60904258933948));
#7635=CARTESIAN_POINT('Ctrl Pts',(-2.40017387271703,3.,5.60904258933948));
#7636=CARTESIAN_POINT('Ctrl Pts',(-2.28322351615418,5.,5.53711113153874));
#7637=CARTESIAN_POINT('Ctrl Pts',(-2.28322351615418,3.,5.53711113153874));
#7638=CARTESIAN_POINT('Ctrl Pts',(-2.2051020725058,5.,5.42437223632703));
#7639=CARTESIAN_POINT('Ctrl Pts',(-2.2051020725058,3.,5.42437223632703));
#7640=CARTESIAN_POINT('Ctrl Pts',(-2.1674633026123,5.,5.37005484104157));
#7641=CARTESIAN_POINT('Ctrl Pts',(-2.1674633026123,3.,5.37005484104157));
#7642=CARTESIAN_POINT('',(-2.460777759552,5.,5.64631760120392));
#7643=CARTESIAN_POINT('Ctrl Pts',(-2.460777759552,5.,5.64631760120392));
#7644=CARTESIAN_POINT('Ctrl Pts',(-2.40017387271703,5.,5.60904258933948));
#7645=CARTESIAN_POINT('Ctrl Pts',(-2.28322351615418,5.,5.53711113153874));
#7646=CARTESIAN_POINT('Ctrl Pts',(-2.2051020725058,5.,5.42437223632703));
#7647=CARTESIAN_POINT('Ctrl Pts',(-2.1674633026123,5.,5.37005484104157));
#7648=CARTESIAN_POINT('',(-2.460777759552,3.,5.64631760120392));
#7649=CARTESIAN_POINT('',(-2.460777759552,5.,5.64631760120392));
#7650=CARTESIAN_POINT('Ctrl Pts',(-2.460777759552,3.,5.64631760120392));
#7651=CARTESIAN_POINT('Ctrl Pts',(-2.40017387271703,3.,5.60904258933948));
#7652=CARTESIAN_POINT('Ctrl Pts',(-2.28322351615418,3.,5.53711113153874));
#7653=CARTESIAN_POINT('Ctrl Pts',(-2.2051020725058,3.,5.42437223632703));
#7654=CARTESIAN_POINT('Ctrl Pts',(-2.1674633026123,3.,5.37005484104157));
#7655=CARTESIAN_POINT('Ctrl Pts',(-2.87858247756958,5.,5.75375258922577));
#7656=CARTESIAN_POINT('Ctrl Pts',(-2.87858247756958,3.,5.75375258922577));
#7657=CARTESIAN_POINT('Ctrl Pts',(-2.80567757370645,5.,5.74923561627247));
#7658=CARTESIAN_POINT('Ctrl Pts',(-2.80567757370645,3.,5.74923561627247));
#7659=CARTESIAN_POINT('Ctrl Pts',(-2.65953719267767,5.,5.74018118901842));
#7660=CARTESIAN_POINT('Ctrl Pts',(-2.65953719267767,3.,5.74018118901842));
#7661=CARTESIAN_POINT('Ctrl Pts',(-2.52713073952864,5.,5.67765261089301));
#7662=CARTESIAN_POINT('Ctrl Pts',(-2.52713073952864,3.,5.67765261089301));
#7663=CARTESIAN_POINT('Ctrl Pts',(-2.460777759552,5.,5.64631760120392));
#7664=CARTESIAN_POINT('Ctrl Pts',(-2.460777759552,3.,5.64631760120392));
#7665=CARTESIAN_POINT('',(-2.87858247756958,5.,5.75375258922577));
#7666=CARTESIAN_POINT('Ctrl Pts',(-2.87858247756958,5.,5.75375258922577));
#7667=CARTESIAN_POINT('Ctrl Pts',(-2.80567757370645,5.,5.74923561627247));
#7668=CARTESIAN_POINT('Ctrl Pts',(-2.65953719267767,5.,5.74018118901842));
#7669=CARTESIAN_POINT('Ctrl Pts',(-2.52713073952864,5.,5.67765261089301));
#7670=CARTESIAN_POINT('Ctrl Pts',(-2.460777759552,5.,5.64631760120392));
#7671=CARTESIAN_POINT('',(-2.87858247756958,3.,5.75375258922577));
#7672=CARTESIAN_POINT('',(-2.87858247756958,5.,5.75375258922577));
#7673=CARTESIAN_POINT('Ctrl Pts',(-2.87858247756958,3.,5.75375258922577));
#7674=CARTESIAN_POINT('Ctrl Pts',(-2.80567757370645,3.,5.74923561627247));
#7675=CARTESIAN_POINT('Ctrl Pts',(-2.65953719267767,3.,5.74018118901842));
#7676=CARTESIAN_POINT('Ctrl Pts',(-2.52713073952864,3.,5.67765261089301));
#7677=CARTESIAN_POINT('Ctrl Pts',(-2.460777759552,3.,5.64631760120392));
#7678=CARTESIAN_POINT('Ctrl Pts',(-3.2025933265686,5.,5.63608586788178));
#7679=CARTESIAN_POINT('Ctrl Pts',(-3.2025933265686,3.,5.63608586788178));
#7680=CARTESIAN_POINT('Ctrl Pts',(-3.15695306394716,5.,5.6703850850471));
#7681=CARTESIAN_POINT('Ctrl Pts',(-3.15695306394716,3.,5.6703850850471));
#7682=CARTESIAN_POINT('Ctrl Pts',(-3.0611889930011,5.,5.74235295896707));
#7683=CARTESIAN_POINT('Ctrl Pts',(-3.0611889930011,3.,5.74235295896707));
#7684=CARTESIAN_POINT('Ctrl Pts',(-2.94132198700706,5.,5.74983593155061));
#7685=CARTESIAN_POINT('Ctrl Pts',(-2.94132198700706,3.,5.74983593155061));
#7686=CARTESIAN_POINT('Ctrl Pts',(-2.87858247756958,5.,5.75375258922577));
#7687=CARTESIAN_POINT('Ctrl Pts',(-2.87858247756958,3.,5.75375258922577));
#7688=CARTESIAN_POINT('',(-3.2025933265686,5.,5.63608586788178));
#7689=CARTESIAN_POINT('Ctrl Pts',(-3.2025933265686,5.,5.63608586788178));
#7690=CARTESIAN_POINT('Ctrl Pts',(-3.15695306394716,5.,5.6703850850471));
#7691=CARTESIAN_POINT('Ctrl Pts',(-3.0611889930011,5.,5.74235295896707));
#7692=CARTESIAN_POINT('Ctrl Pts',(-2.94132198700706,5.,5.74983593155061));
#7693=CARTESIAN_POINT('Ctrl Pts',(-2.87858247756958,5.,5.75375258922577));
#7694=CARTESIAN_POINT('',(-3.2025933265686,3.,5.63608586788178));
#7695=CARTESIAN_POINT('',(-3.2025933265686,5.,5.63608586788178));
#7696=CARTESIAN_POINT('Ctrl Pts',(-3.2025933265686,3.,5.63608586788178));
#7697=CARTESIAN_POINT('Ctrl Pts',(-3.15695306394716,3.,5.6703850850471));
#7698=CARTESIAN_POINT('Ctrl Pts',(-3.0611889930011,3.,5.74235295896707));
#7699=CARTESIAN_POINT('Ctrl Pts',(-2.94132198700706,3.,5.74983593155061));
#7700=CARTESIAN_POINT('Ctrl Pts',(-2.87858247756958,3.,5.75375258922577));
#7701=CARTESIAN_POINT('Ctrl Pts',(-3.32537651062012,5.,5.3478866815567));
#7702=CARTESIAN_POINT('Ctrl Pts',(-3.32537651062012,3.,5.3478866815567));
#7703=CARTESIAN_POINT('Ctrl Pts',(-3.32027623136987,5.,5.40251262065863));
#7704=CARTESIAN_POINT('Ctrl Pts',(-3.32027623136987,3.,5.40251262065863));
#7705=CARTESIAN_POINT('Ctrl Pts',(-3.31008362530167,5.,5.51167932527481));
#7706=CARTESIAN_POINT('Ctrl Pts',(-3.31008362530167,3.,5.51167932527481));
#7707=CARTESIAN_POINT('Ctrl Pts',(-3.2384047844916,5.,5.59463859572395));
#7708=CARTESIAN_POINT('Ctrl Pts',(-3.2384047844916,3.,5.59463859572395));
#7709=CARTESIAN_POINT('Ctrl Pts',(-3.2025933265686,5.,5.63608586788178));
#7710=CARTESIAN_POINT('Ctrl Pts',(-3.2025933265686,3.,5.63608586788178));
#7711=CARTESIAN_POINT('',(-3.32537651062012,5.,5.3478866815567));
#7712=CARTESIAN_POINT('Ctrl Pts',(-3.32537651062012,5.,5.3478866815567));
#7713=CARTESIAN_POINT('Ctrl Pts',(-3.32027623136987,5.,5.40251262065863));
#7714=CARTESIAN_POINT('Ctrl Pts',(-3.31008362530167,5.,5.51167932527481));
#7715=CARTESIAN_POINT('Ctrl Pts',(-3.2384047844916,5.,5.59463859572395));
#7716=CARTESIAN_POINT('Ctrl Pts',(-3.2025933265686,5.,5.63608586788178));
#7717=CARTESIAN_POINT('',(-3.32537651062012,3.,5.3478866815567));
#7718=CARTESIAN_POINT('',(-3.32537651062012,5.,5.3478866815567));
#7719=CARTESIAN_POINT('Ctrl Pts',(-3.32537651062012,3.,5.3478866815567));
#7720=CARTESIAN_POINT('Ctrl Pts',(-3.32027623136987,3.,5.40251262065863));
#7721=CARTESIAN_POINT('Ctrl Pts',(-3.31008362530167,3.,5.51167932527481));
#7722=CARTESIAN_POINT('Ctrl Pts',(-3.2384047844916,3.,5.59463859572395));
#7723=CARTESIAN_POINT('Ctrl Pts',(-3.2025933265686,3.,5.63608586788178));
#7724=CARTESIAN_POINT('Ctrl Pts',(-3.16507577896118,5.,5.01705348491669));
#7725=CARTESIAN_POINT('Ctrl Pts',(-3.16507577896118,3.,5.01705348491669));
#7726=CARTESIAN_POINT('Ctrl Pts',(-3.21182884463802,5.,5.06183284793676));
#7727=CARTESIAN_POINT('Ctrl Pts',(-3.21182884463802,3.,5.06183284793676));
#7728=CARTESIAN_POINT('Ctrl Pts',(-3.30616211291812,5.,5.15218379292896));
#7729=CARTESIAN_POINT('Ctrl Pts',(-3.30616211291812,3.,5.15218379292896));
#7730=CARTESIAN_POINT('Ctrl Pts',(-3.31893438127278,5.,5.2822721698899));
#7731=CARTESIAN_POINT('Ctrl Pts',(-3.31893438127278,3.,5.2822721698899));
#7732=CARTESIAN_POINT('Ctrl Pts',(-3.32537651062012,5.,5.3478866815567));
#7733=CARTESIAN_POINT('Ctrl Pts',(-3.32537651062012,3.,5.3478866815567));
#7734=CARTESIAN_POINT('',(-3.16507577896118,5.,5.01705348491669));
#7735=CARTESIAN_POINT('Ctrl Pts',(-3.16507577896118,5.,5.01705348491669));
#7736=CARTESIAN_POINT('Ctrl Pts',(-3.21182884463802,5.,5.06183284793676));
#7737=CARTESIAN_POINT('Ctrl Pts',(-3.30616211291812,5.,5.15218379292896));
#7738=CARTESIAN_POINT('Ctrl Pts',(-3.31893438127278,5.,5.2822721698899));
#7739=CARTESIAN_POINT('Ctrl Pts',(-3.32537651062012,5.,5.3478866815567));
#7740=CARTESIAN_POINT('',(-3.16507577896118,3.,5.01705348491669));
#7741=CARTESIAN_POINT('',(-3.16507577896118,5.,5.01705348491669));
#7742=CARTESIAN_POINT('Ctrl Pts',(-3.16507577896118,3.,5.01705348491669));
#7743=CARTESIAN_POINT('Ctrl Pts',(-3.21182884463802,3.,5.06183284793676));
#7744=CARTESIAN_POINT('Ctrl Pts',(-3.30616211291812,3.,5.15218379292896));
#7745=CARTESIAN_POINT('Ctrl Pts',(-3.31893438127278,3.,5.2822721698899));
#7746=CARTESIAN_POINT('Ctrl Pts',(-3.32537651062012,3.,5.3478866815567));
#7747=CARTESIAN_POINT('Ctrl Pts',(-2.20327615737915,5.,4.75784480571747));
#7748=CARTESIAN_POINT('Ctrl Pts',(-2.20327615737915,3.,4.75784480571747));
#7749=CARTESIAN_POINT('Ctrl Pts',(-2.41028155750629,5.,4.78056010433964));
#7750=CARTESIAN_POINT('Ctrl Pts',(-2.41028155750629,3.,4.78056010433964));
#7751=CARTESIAN_POINT('Ctrl Pts',(-2.74566548033087,5.,4.81736274791976));
#7752=CARTESIAN_POINT('Ctrl Pts',(-2.74566548033087,3.,4.81736274791976));
#7753=CARTESIAN_POINT('Ctrl Pts',(-3.04897479868097,5.,4.96177518013034));
#7754=CARTESIAN_POINT('Ctrl Pts',(-3.04897479868097,3.,4.96177518013034));
#7755=CARTESIAN_POINT('Ctrl Pts',(-3.16507577896118,5.,5.01705348491669));
#7756=CARTESIAN_POINT('Ctrl Pts',(-3.16507577896118,3.,5.01705348491669));
#7757=CARTESIAN_POINT('',(-2.20327615737915,5.,4.75784480571747));
#7758=CARTESIAN_POINT('Ctrl Pts',(-2.20327615737915,5.,4.75784480571747));
#7759=CARTESIAN_POINT('Ctrl Pts',(-2.41028155750629,5.,4.78056010433964));
#7760=CARTESIAN_POINT('Ctrl Pts',(-2.74566548033087,5.,4.81736274791976));
#7761=CARTESIAN_POINT('Ctrl Pts',(-3.04897479868097,5.,4.96177518013034));
#7762=CARTESIAN_POINT('Ctrl Pts',(-3.16507577896118,5.,5.01705348491669));
#7763=CARTESIAN_POINT('',(-2.20327615737915,3.,4.75784480571747));
#7764=CARTESIAN_POINT('',(-2.20327615737915,5.,4.75784480571747));
#7765=CARTESIAN_POINT('Ctrl Pts',(-2.20327615737915,3.,4.75784480571747));
#7766=CARTESIAN_POINT('Ctrl Pts',(-2.41028155750629,3.,4.78056010433964));
#7767=CARTESIAN_POINT('Ctrl Pts',(-2.74566548033087,3.,4.81736274791976));
#7768=CARTESIAN_POINT('Ctrl Pts',(-3.04897479868097,3.,4.96177518013034));
#7769=CARTESIAN_POINT('Ctrl Pts',(-3.16507577896118,3.,5.01705348491669));
#7770=CARTESIAN_POINT('Ctrl Pts',(-1.96794033050537,5.,4.71350729465485));
#7771=CARTESIAN_POINT('Ctrl Pts',(-1.96794033050537,3.,4.71350729465485));
#7772=CARTESIAN_POINT('Ctrl Pts',(-2.00224403557211,5.,4.72163582555622));
#7773=CARTESIAN_POINT('Ctrl Pts',(-2.00224403557211,3.,4.72163582555622));
#7774=CARTESIAN_POINT('Ctrl Pts',(-2.07998968599536,5.,4.74005826478495));
#7775=CARTESIAN_POINT('Ctrl Pts',(-2.07998968599536,3.,4.74005826478495));
#7776=CARTESIAN_POINT('Ctrl Pts',(-2.15908183106555,5.,4.75146888964866));
#7777=CARTESIAN_POINT('Ctrl Pts',(-2.15908183106555,3.,4.75146888964866));
#7778=CARTESIAN_POINT('Ctrl Pts',(-2.20327615737915,5.,4.75784480571747));
#7779=CARTESIAN_POINT('Ctrl Pts',(-2.20327615737915,3.,4.75784480571747));
#7780=CARTESIAN_POINT('',(-1.96794033050537,5.,4.71350729465485));
#7781=CARTESIAN_POINT('Ctrl Pts',(-1.96794033050537,5.,4.71350729465485));
#7782=CARTESIAN_POINT('Ctrl Pts',(-2.00224403557211,5.,4.72163582555622));
#7783=CARTESIAN_POINT('Ctrl Pts',(-2.07998968599536,5.,4.74005826478495));
#7784=CARTESIAN_POINT('Ctrl Pts',(-2.15908183106555,5.,4.75146888964866));
#7785=CARTESIAN_POINT('Ctrl Pts',(-2.20327615737915,5.,4.75784480571747));
#7786=CARTESIAN_POINT('',(-1.96794033050537,3.,4.71350729465485));
#7787=CARTESIAN_POINT('',(-1.96794033050537,5.,4.71350729465485));
#7788=CARTESIAN_POINT('Ctrl Pts',(-1.96794033050537,3.,4.71350729465485));
#7789=CARTESIAN_POINT('Ctrl Pts',(-2.00224403557211,3.,4.72163582555622));
#7790=CARTESIAN_POINT('Ctrl Pts',(-2.07998968599536,3.,4.74005826478495));
#7791=CARTESIAN_POINT('Ctrl Pts',(-2.15908183106555,3.,4.75146888964866));
#7792=CARTESIAN_POINT('Ctrl Pts',(-2.20327615737915,3.,4.75784480571747));
#7793=CARTESIAN_POINT('Origin',(-1.99522495269775,5.,4.84311163425446));
#7794=CARTESIAN_POINT('',(-1.46473057284909,5.,2.32321697429521));
#7795=CARTESIAN_POINT('',(-1.99522495269775,3.,4.84311163425446));
#7796=CARTESIAN_POINT('Ctrl Pts',(-2.2783088684082,5.,3.39358866214752));
#7797=CARTESIAN_POINT('Ctrl Pts',(-2.2783088684082,3.,3.39358866214752));
#7798=CARTESIAN_POINT('Ctrl Pts',(-2.35835929681206,5.,3.39617596170502));
#7799=CARTESIAN_POINT('Ctrl Pts',(-2.35835929681206,3.,3.39617596170502));
#7800=CARTESIAN_POINT('Ctrl Pts',(-2.50501949914241,5.,3.40091614716257));
#7801=CARTESIAN_POINT('Ctrl Pts',(-2.50501949914241,3.,3.40091614716257));
#7802=CARTESIAN_POINT('Ctrl Pts',(-2.63408373560565,5.,3.46975746699318));
#7803=CARTESIAN_POINT('Ctrl Pts',(-2.63408373560565,3.,3.46975746699318));
#7804=CARTESIAN_POINT('Ctrl Pts',(-2.69270181655884,5.,3.50102365016937));
#7805=CARTESIAN_POINT('Ctrl Pts',(-2.69270181655884,3.,3.50102365016937));
#7806=CARTESIAN_POINT('',(-2.2783088684082,3.,3.39358866214752));
#7807=CARTESIAN_POINT('',(-2.2783088684082,5.,3.39358866214752));
#7808=CARTESIAN_POINT('',(-2.69270181655884,3.,3.50102365016937));
#7809=CARTESIAN_POINT('Ctrl Pts',(-2.2783088684082,3.,3.39358866214752));
#7810=CARTESIAN_POINT('Ctrl Pts',(-2.35835929681206,3.,3.39617596170502));
#7811=CARTESIAN_POINT('Ctrl Pts',(-2.50501949914241,3.,3.40091614716257));
#7812=CARTESIAN_POINT('Ctrl Pts',(-2.63408373560565,3.,3.46975746699318));
#7813=CARTESIAN_POINT('Ctrl Pts',(-2.69270181655884,3.,3.50102365016937));
#7814=CARTESIAN_POINT('',(-2.69270181655884,5.,3.50102365016937));
#7815=CARTESIAN_POINT('Ctrl Pts',(-1.90313816070557,5.,3.4993189573288));
#7816=CARTESIAN_POINT('Ctrl Pts',(-1.90313816070557,3.,3.4993189573288));
#7817=CARTESIAN_POINT('Ctrl Pts',(-1.95412925090406,5.,3.46857923390292));
#7818=CARTESIAN_POINT('Ctrl Pts',(-1.95412925090406,3.,3.46857923390292));
#7819=CARTESIAN_POINT('Ctrl Pts',(-2.06889925988364,5.,3.39939070861578));
#7820=CARTESIAN_POINT('Ctrl Pts',(-2.06889925988364,3.,3.39939070861578));
#7821=CARTESIAN_POINT('Ctrl Pts',(-2.20350629982617,5.,3.39566119349848));
#7822=CARTESIAN_POINT('Ctrl Pts',(-2.20350629982617,3.,3.39566119349848));
#7823=CARTESIAN_POINT('Ctrl Pts',(-2.2783088684082,5.,3.39358866214752));
#7824=CARTESIAN_POINT('Ctrl Pts',(-2.2783088684082,3.,3.39358866214752));
#7825=CARTESIAN_POINT('',(-1.90313816070557,3.,3.4993189573288));
#7826=CARTESIAN_POINT('',(-1.90313816070557,5.,3.4993189573288));
#7827=CARTESIAN_POINT('Ctrl Pts',(-1.90313816070557,3.,3.4993189573288));
#7828=CARTESIAN_POINT('Ctrl Pts',(-1.95412925090406,3.,3.46857923390292));
#7829=CARTESIAN_POINT('Ctrl Pts',(-2.06889925988364,3.,3.39939070861578));
#7830=CARTESIAN_POINT('Ctrl Pts',(-2.20350629982617,3.,3.39566119349848));
#7831=CARTESIAN_POINT('Ctrl Pts',(-2.2783088684082,3.,3.39358866214752));
#7832=CARTESIAN_POINT('Ctrl Pts',(-1.7769455909729,5.,3.76193821430206));
#7833=CARTESIAN_POINT('Ctrl Pts',(-1.7769455909729,3.,3.76193821430206));
#7834=CARTESIAN_POINT('Ctrl Pts',(-1.78249087042701,5.,3.71153620988978));
#7835=CARTESIAN_POINT('Ctrl Pts',(-1.78249087042701,3.,3.71153620988978));
#7836=CARTESIAN_POINT('Ctrl Pts',(-1.79373778121518,5.,3.60931109177598));
#7837=CARTESIAN_POINT('Ctrl Pts',(-1.79373778121518,3.,3.60931109177598));
#7838=CARTESIAN_POINT('Ctrl Pts',(-1.86633495797802,5.,3.53632123137348));
#7839=CARTESIAN_POINT('Ctrl Pts',(-1.86633495797802,3.,3.53632123137348));
#7840=CARTESIAN_POINT('Ctrl Pts',(-1.90313816070557,5.,3.4993189573288));
#7841=CARTESIAN_POINT('Ctrl Pts',(-1.90313816070557,3.,3.4993189573288));
#7842=CARTESIAN_POINT('',(-1.7769455909729,3.,3.76193821430206));
#7843=CARTESIAN_POINT('',(-1.7769455909729,5.,3.76193821430206));
#7844=CARTESIAN_POINT('Ctrl Pts',(-1.7769455909729,3.,3.76193821430206));
#7845=CARTESIAN_POINT('Ctrl Pts',(-1.78249087042701,3.,3.71153620988978));
#7846=CARTESIAN_POINT('Ctrl Pts',(-1.79373778121518,3.,3.60931109177598));
#7847=CARTESIAN_POINT('Ctrl Pts',(-1.86633495797802,3.,3.53632123137348));
#7848=CARTESIAN_POINT('Ctrl Pts',(-1.90313816070557,3.,3.4993189573288));
#7849=CARTESIAN_POINT('Ctrl Pts',(-1.83833599090576,5.,4.08935964107514));
#7850=CARTESIAN_POINT('Ctrl Pts',(-1.83833599090576,3.,4.08935964107514));
#7851=CARTESIAN_POINT('Ctrl Pts',(-1.82054155320583,5.,4.02840278964492));
#7852=CARTESIAN_POINT('Ctrl Pts',(-1.82054155320583,3.,4.02840278964492));
#7853=CARTESIAN_POINT('Ctrl Pts',(-1.78924342176757,5.,3.92118751370881));
#7854=CARTESIAN_POINT('Ctrl Pts',(-1.78924342176757,3.,3.92118751370881));
#7855=CARTESIAN_POINT('Ctrl Pts',(-1.78065227345833,5.,3.80993745894794));
#7856=CARTESIAN_POINT('Ctrl Pts',(-1.78065227345833,3.,3.80993745894794));
#7857=CARTESIAN_POINT('Ctrl Pts',(-1.7769455909729,5.,3.76193821430206));
#7858=CARTESIAN_POINT('Ctrl Pts',(-1.7769455909729,3.,3.76193821430206));
#7859=CARTESIAN_POINT('',(-1.83833599090576,3.,4.08935964107514));
#7860=CARTESIAN_POINT('',(-1.83833599090576,5.,4.08935964107514));
#7861=CARTESIAN_POINT('Ctrl Pts',(-1.83833599090576,3.,4.08935964107514));
#7862=CARTESIAN_POINT('Ctrl Pts',(-1.82054155320583,3.,4.02840278964492));
#7863=CARTESIAN_POINT('Ctrl Pts',(-1.78924342176757,3.,3.92118751370881));
#7864=CARTESIAN_POINT('Ctrl Pts',(-1.78065227345833,3.,3.80993745894794));
#7865=CARTESIAN_POINT('Ctrl Pts',(-1.7769455909729,3.,3.76193821430206));
#7866=CARTESIAN_POINT('Ctrl Pts',(-2.77285099029541,5.,4.22919571399689));
#7867=CARTESIAN_POINT('Ctrl Pts',(-2.77285099029541,3.,4.22919571399689));
#7868=CARTESIAN_POINT('Ctrl Pts',(-2.57743858036947,5.,4.21407359029131));
#7869=CARTESIAN_POINT('Ctrl Pts',(-2.57743858036947,3.,4.21407359029131));
#7870=CARTESIAN_POINT('Ctrl Pts',(-2.26232426697504,5.,4.18968825248009));
#7871=CARTESIAN_POINT('Ctrl Pts',(-2.26232426697504,3.,4.18968825248009));
#7872=CARTESIAN_POINT('Ctrl Pts',(-1.95505703700653,5.,4.11697941534246));
#7873=CARTESIAN_POINT('Ctrl Pts',(-1.95505703700653,3.,4.11697941534246));
#7874=CARTESIAN_POINT('Ctrl Pts',(-1.83833599090576,5.,4.08935964107514));
#7875=CARTESIAN_POINT('Ctrl Pts',(-1.83833599090576,3.,4.08935964107514));
#7876=CARTESIAN_POINT('',(-2.77285099029541,3.,4.22919571399689));
#7877=CARTESIAN_POINT('',(-2.77285099029541,5.,4.22919571399689));
#7878=CARTESIAN_POINT('Ctrl Pts',(-2.77285099029541,3.,4.22919571399689));
#7879=CARTESIAN_POINT('Ctrl Pts',(-2.57743858036947,3.,4.21407359029131));
#7880=CARTESIAN_POINT('Ctrl Pts',(-2.26232426697504,3.,4.18968825248009));
#7881=CARTESIAN_POINT('Ctrl Pts',(-1.95505703700653,3.,4.11697941534246));
#7882=CARTESIAN_POINT('Ctrl Pts',(-1.83833599090576,3.,4.08935964107514));
#7883=CARTESIAN_POINT('Ctrl Pts',(-3.92394304275513,5.,4.60436642169952));
#7884=CARTESIAN_POINT('Ctrl Pts',(-3.92394304275513,3.,4.60436642169952));
#7885=CARTESIAN_POINT('Ctrl Pts',(-3.778229478391,5.,4.51034270530038));
#7886=CARTESIAN_POINT('Ctrl Pts',(-3.778229478391,3.,4.51034270530038));
#7887=CARTESIAN_POINT('Ctrl Pts',(-3.43001210204371,5.,4.2856505705509));
#7888=CARTESIAN_POINT('Ctrl Pts',(-3.43001210204371,3.,4.2856505705509));
#7889=CARTESIAN_POINT('Ctrl Pts',(-3.01449346390271,5.,4.24995453697192));
#7890=CARTESIAN_POINT('Ctrl Pts',(-3.01449346390271,3.,4.24995453697192));
#7891=CARTESIAN_POINT('Ctrl Pts',(-2.77285099029541,5.,4.22919571399689));
#7892=CARTESIAN_POINT('Ctrl Pts',(-2.77285099029541,3.,4.22919571399689));
#7893=CARTESIAN_POINT('',(-3.92394304275513,3.,4.60436642169952));
#7894=CARTESIAN_POINT('',(-3.92394304275513,5.,4.60436642169952));
#7895=CARTESIAN_POINT('Ctrl Pts',(-3.92394304275513,3.,4.60436642169952));
#7896=CARTESIAN_POINT('Ctrl Pts',(-3.778229478391,3.,4.51034270530038));
#7897=CARTESIAN_POINT('Ctrl Pts',(-3.43001210204371,3.,4.2856505705509));
#7898=CARTESIAN_POINT('Ctrl Pts',(-3.01449346390271,3.,4.24995453697192));
#7899=CARTESIAN_POINT('Ctrl Pts',(-2.77285099029541,3.,4.22919571399689));
#7900=CARTESIAN_POINT('Ctrl Pts',(-4.24624919891357,5.,5.43315231800079));
#7901=CARTESIAN_POINT('Ctrl Pts',(-4.24624919891357,3.,5.43315231800079));
#7902=CARTESIAN_POINT('Ctrl Pts',(-4.23519328293144,5.,5.27137810517891));
#7903=CARTESIAN_POINT('Ctrl Pts',(-4.23519328293144,3.,5.27137810517891));
#7904=CARTESIAN_POINT('Ctrl Pts',(-4.21396223750433,5.,4.96071767081006));
#7905=CARTESIAN_POINT('Ctrl Pts',(-4.21396223750433,3.,4.96071767081006));
#7906=CARTESIAN_POINT('Ctrl Pts',(-4.01790491044896,5.,4.71981887977013));
#7907=CARTESIAN_POINT('Ctrl Pts',(-4.01790491044896,3.,4.71981887977013));
#7908=CARTESIAN_POINT('Ctrl Pts',(-3.92394304275513,5.,4.60436642169952));
#7909=CARTESIAN_POINT('Ctrl Pts',(-3.92394304275513,3.,4.60436642169952));
#7910=CARTESIAN_POINT('',(-4.24624919891357,3.,5.43315231800079));
#7911=CARTESIAN_POINT('',(-4.24624919891357,5.,5.43315231800079));
#7912=CARTESIAN_POINT('Ctrl Pts',(-4.24624919891357,3.,5.43315231800079));
#7913=CARTESIAN_POINT('Ctrl Pts',(-4.23519328293144,3.,5.27137810517891));
#7914=CARTESIAN_POINT('Ctrl Pts',(-4.21396223750433,3.,4.96071767081006));
#7915=CARTESIAN_POINT('Ctrl Pts',(-4.01790491044896,3.,4.71981887977013));
#7916=CARTESIAN_POINT('Ctrl Pts',(-3.92394304275513,3.,4.60436642169952));
#7917=CARTESIAN_POINT('Ctrl Pts',(-3.95293474197388,5.,6.19201958179474));
#7918=CARTESIAN_POINT('Ctrl Pts',(-3.95293474197388,3.,6.19201958179474));
#7919=CARTESIAN_POINT('Ctrl Pts',(-4.03846301858034,5.,6.08441428140085));
#7920=CARTESIAN_POINT('Ctrl Pts',(-4.03846301858034,3.,6.08441428140085));
#7921=CARTESIAN_POINT('Ctrl Pts',(-4.21490098909794,5.,5.86243318261416));
#7922=CARTESIAN_POINT('Ctrl Pts',(-4.21490098909794,3.,5.86243318261416));
#7923=CARTESIAN_POINT('Ctrl Pts',(-4.23558946053474,5.,5.57912625829049));
#7924=CARTESIAN_POINT('Ctrl Pts',(-4.23558946053474,3.,5.57912625829049));
#7925=CARTESIAN_POINT('Ctrl Pts',(-4.24624919891357,5.,5.43315231800079));
#7926=CARTESIAN_POINT('Ctrl Pts',(-4.24624919891357,3.,5.43315231800079));
#7927=CARTESIAN_POINT('',(-3.95293474197388,3.,6.19201958179474));
#7928=CARTESIAN_POINT('',(-3.95293474197388,5.,6.19201958179474));
#7929=CARTESIAN_POINT('Ctrl Pts',(-3.95293474197388,3.,6.19201958179474));
#7930=CARTESIAN_POINT('Ctrl Pts',(-4.03846301858034,3.,6.08441428140085));
#7931=CARTESIAN_POINT('Ctrl Pts',(-4.21490098909794,3.,5.86243318261416));
#7932=CARTESIAN_POINT('Ctrl Pts',(-4.23558946053474,3.,5.57912625829049));
#7933=CARTESIAN_POINT('Ctrl Pts',(-4.24624919891357,3.,5.43315231800079));
#7934=CARTESIAN_POINT('Ctrl Pts',(-3.2094144821167,5.,6.48703992366791));
#7935=CARTESIAN_POINT('Ctrl Pts',(-3.2094144821167,3.,6.48703992366791));
#7936=CARTESIAN_POINT('Ctrl Pts',(-3.35180492492381,5.,6.47587531567836));
#7937=CARTESIAN_POINT('Ctrl Pts',(-3.35180492492381,3.,6.47587531567836));
#7938=CARTESIAN_POINT('Ctrl Pts',(-3.63040613822194,5.,6.45403063796991));
#7939=CARTESIAN_POINT('Ctrl Pts',(-3.63040613822194,3.,6.45403063796991));
#7940=CARTESIAN_POINT('Ctrl Pts',(-3.84702683347725,5.,6.27805549501206));
#7941=CARTESIAN_POINT('Ctrl Pts',(-3.84702683347725,3.,6.27805549501206));
#7942=CARTESIAN_POINT('Ctrl Pts',(-3.95293474197388,5.,6.19201958179474));
#7943=CARTESIAN_POINT('Ctrl Pts',(-3.95293474197388,3.,6.19201958179474));
#7944=CARTESIAN_POINT('',(-3.2094144821167,3.,6.48703992366791));
#7945=CARTESIAN_POINT('',(-3.2094144821167,5.,6.48703992366791));
#7946=CARTESIAN_POINT('Ctrl Pts',(-3.2094144821167,3.,6.48703992366791));
#7947=CARTESIAN_POINT('Ctrl Pts',(-3.35180492492381,3.,6.47587531567836));
#7948=CARTESIAN_POINT('Ctrl Pts',(-3.63040613822194,3.,6.45403063796991));
#7949=CARTESIAN_POINT('Ctrl Pts',(-3.84702683347725,3.,6.27805549501206));
#7950=CARTESIAN_POINT('Ctrl Pts',(-3.95293474197388,3.,6.19201958179474));
#7951=CARTESIAN_POINT('Ctrl Pts',(-2.64665842056274,5.,6.35914146900177));
#7952=CARTESIAN_POINT('Ctrl Pts',(-2.64665842056274,3.,6.35914146900177));
#7953=CARTESIAN_POINT('Ctrl Pts',(-2.73896999273259,5.,6.39644033693574));
#7954=CARTESIAN_POINT('Ctrl Pts',(-2.73896999273259,3.,6.39644033693574));
#7955=CARTESIAN_POINT('Ctrl Pts',(-2.9197206916458,5.,6.46947339540573));
#7956=CARTESIAN_POINT('Ctrl Pts',(-2.9197206916458,3.,6.46947339540573));
#7957=CARTESIAN_POINT('Ctrl Pts',(-3.1142390207495,5.,6.48126864900836));
#7958=CARTESIAN_POINT('Ctrl Pts',(-3.1142390207495,3.,6.48126864900836));
#7959=CARTESIAN_POINT('Ctrl Pts',(-3.2094144821167,5.,6.48703992366791));
#7960=CARTESIAN_POINT('Ctrl Pts',(-3.2094144821167,3.,6.48703992366791));
#7961=CARTESIAN_POINT('',(-2.64665842056274,3.,6.35914146900177));
#7962=CARTESIAN_POINT('',(-2.64665842056274,5.,6.35914146900177));
#7963=CARTESIAN_POINT('Ctrl Pts',(-2.64665842056274,3.,6.35914146900177));
#7964=CARTESIAN_POINT('Ctrl Pts',(-2.73896999273259,3.,6.39644033693574));
#7965=CARTESIAN_POINT('Ctrl Pts',(-2.9197206916458,3.,6.46947339540573));
#7966=CARTESIAN_POINT('Ctrl Pts',(-3.1142390207495,3.,6.48126864900836));
#7967=CARTESIAN_POINT('Ctrl Pts',(-3.2094144821167,3.,6.48703992366791));
#7968=CARTESIAN_POINT('Ctrl Pts',(-2.15211629867554,5.,5.9924978017807));
#7969=CARTESIAN_POINT('Ctrl Pts',(-2.15211629867554,3.,5.9924978017807));
#7970=CARTESIAN_POINT('Ctrl Pts',(-2.22590577469185,5.,6.06721480574277));
#7971=CARTESIAN_POINT('Ctrl Pts',(-2.22590577469185,3.,6.06721480574277));
#7972=CARTESIAN_POINT('Ctrl Pts',(-2.37184794195521,5.,6.21499145464101));
#7973=CARTESIAN_POINT('Ctrl Pts',(-2.37184794195521,3.,6.21499145464101));
#7974=CARTESIAN_POINT('Ctrl Pts',(-2.55574240470685,5.,6.31145207572369));
#7975=CARTESIAN_POINT('Ctrl Pts',(-2.55574240470685,3.,6.31145207572369));
#7976=CARTESIAN_POINT('Ctrl Pts',(-2.64665842056274,5.,6.35914146900177));
#7977=CARTESIAN_POINT('Ctrl Pts',(-2.64665842056274,3.,6.35914146900177));
#7978=CARTESIAN_POINT('',(-2.15211629867554,3.,5.9924978017807));
#7979=CARTESIAN_POINT('',(-2.15211629867554,5.,5.9924978017807));
#7980=CARTESIAN_POINT('Ctrl Pts',(-2.15211629867554,3.,5.9924978017807));
#7981=CARTESIAN_POINT('Ctrl Pts',(-2.22590577469185,3.,6.06721480574277));
#7982=CARTESIAN_POINT('Ctrl Pts',(-2.37184794195521,3.,6.21499145464101));
#7983=CARTESIAN_POINT('Ctrl Pts',(-2.55574240470685,3.,6.31145207572369));
#7984=CARTESIAN_POINT('Ctrl Pts',(-2.64665842056274,3.,6.35914146900177));
#7985=CARTESIAN_POINT('Ctrl Pts',(-2.08049297332764,5.,6.40177428722382));
#7986=CARTESIAN_POINT('Ctrl Pts',(-2.08049297332764,3.,6.40177428722382));
#7987=CARTESIAN_POINT('Ctrl Pts',(-2.09798823948657,5.,6.33502515510404));
#7988=CARTESIAN_POINT('Ctrl Pts',(-2.09798823948657,3.,6.33502515510404));
#7989=CARTESIAN_POINT('Ctrl Pts',(-2.13322371963903,5.,6.2005923491876));
#7990=CARTESIAN_POINT('Ctrl Pts',(-2.13322371963903,3.,6.2005923491876));
#7991=CARTESIAN_POINT('Ctrl Pts',(-2.145789653968,5.,6.06218337856071));
#7992=CARTESIAN_POINT('Ctrl Pts',(-2.145789653968,3.,6.06218337856071));
#7993=CARTESIAN_POINT('Ctrl Pts',(-2.15211629867554,5.,5.9924978017807));
#7994=CARTESIAN_POINT('Ctrl Pts',(-2.15211629867554,3.,5.9924978017807));
#7995=CARTESIAN_POINT('',(-2.08049297332764,3.,6.40177428722382));
#7996=CARTESIAN_POINT('',(-2.08049297332764,5.,6.40177428722382));
#7997=CARTESIAN_POINT('Ctrl Pts',(-2.08049297332764,3.,6.40177428722382));
#7998=CARTESIAN_POINT('Ctrl Pts',(-2.09798823948657,3.,6.33502515510404));
#7999=CARTESIAN_POINT('Ctrl Pts',(-2.13322371963903,3.,6.2005923491876));
#8000=CARTESIAN_POINT('Ctrl Pts',(-2.145789653968,3.,6.06218337856071));
#8001=CARTESIAN_POINT('Ctrl Pts',(-2.15211629867554,3.,5.9924978017807));
#8002=CARTESIAN_POINT('Origin',(-1.12892389297485,5.,6.40177428722382));
#8003=CARTESIAN_POINT('',(-1.12892389297485,3.,6.40177428722382));
#8004=CARTESIAN_POINT('',(-1.12892389297485,5.,6.40177428722382));
#8005=CARTESIAN_POINT('',(-1.12892389297485,3.,6.40177428722382));
#8006=CARTESIAN_POINT('Ctrl Pts',(-1.210777759552,5.,5.88676750659943));
#8007=CARTESIAN_POINT('Ctrl Pts',(-1.210777759552,3.,5.88676750659943));
#8008=CARTESIAN_POINT('Ctrl Pts',(-1.20661282969321,5.,5.9687494904306));
#8009=CARTESIAN_POINT('Ctrl Pts',(-1.20661282969321,3.,5.9687494904306));
#8010=CARTESIAN_POINT('Ctrl Pts',(-1.19774687542615,5.,6.14326587942471));
#8011=CARTESIAN_POINT('Ctrl Pts',(-1.19774687542615,3.,6.14326587942471));
#8012=CARTESIAN_POINT('Ctrl Pts',(-1.15277139270902,5.,6.31219986067768));
#8013=CARTESIAN_POINT('Ctrl Pts',(-1.15277139270902,3.,6.31219986067768));
#8014=CARTESIAN_POINT('Ctrl Pts',(-1.12892389297485,5.,6.40177428722382));
#8015=CARTESIAN_POINT('Ctrl Pts',(-1.12892389297485,3.,6.40177428722382));
#8016=CARTESIAN_POINT('',(-1.210777759552,3.,5.88676750659943));
#8017=CARTESIAN_POINT('',(-1.210777759552,5.,5.88676750659943));
#8018=CARTESIAN_POINT('Ctrl Pts',(-1.210777759552,3.,5.88676750659943));
#8019=CARTESIAN_POINT('Ctrl Pts',(-1.20661282969321,3.,5.9687494904306));
#8020=CARTESIAN_POINT('Ctrl Pts',(-1.19774687542615,3.,6.14326587942471));
#8021=CARTESIAN_POINT('Ctrl Pts',(-1.15277139270902,3.,6.31219986067768));
#8022=CARTESIAN_POINT('Ctrl Pts',(-1.12892389297485,3.,6.40177428722382));
#8023=CARTESIAN_POINT('Ctrl Pts',(-1.0675311088562,5.,4.97953712940216));
#8024=CARTESIAN_POINT('Ctrl Pts',(-1.0675311088562,3.,4.97953712940216));
#8025=CARTESIAN_POINT('Ctrl Pts',(-1.10856390305205,5.,5.1623734138543));
#8026=CARTESIAN_POINT('Ctrl Pts',(-1.10856390305205,3.,5.1623734138543));
#8027=CARTESIAN_POINT('Ctrl Pts',(-1.17578750003077,5.,5.46191218375703));
#8028=CARTESIAN_POINT('Ctrl Pts',(-1.17578750003077,3.,5.46191218375703));
#8029=CARTESIAN_POINT('Ctrl Pts',(-1.20096746275856,5.,5.76764987591062));
#8030=CARTESIAN_POINT('Ctrl Pts',(-1.20096746275856,3.,5.76764987591062));
#8031=CARTESIAN_POINT('Ctrl Pts',(-1.210777759552,5.,5.88676750659943));
#8032=CARTESIAN_POINT('Ctrl Pts',(-1.210777759552,3.,5.88676750659943));
#8033=CARTESIAN_POINT('',(-1.0675311088562,3.,4.97953712940216));
#8034=CARTESIAN_POINT('',(-1.0675311088562,5.,4.97953712940216));
#8035=CARTESIAN_POINT('Ctrl Pts',(-1.0675311088562,3.,4.97953712940216));
#8036=CARTESIAN_POINT('Ctrl Pts',(-1.10856390305205,3.,5.1623734138543));
#8037=CARTESIAN_POINT('Ctrl Pts',(-1.17578750003077,3.,5.46191218375703));
#8038=CARTESIAN_POINT('Ctrl Pts',(-1.20096746275856,3.,5.76764987591062));
#8039=CARTESIAN_POINT('Ctrl Pts',(-1.210777759552,3.,5.88676750659943));
#8040=CARTESIAN_POINT('Ctrl Pts',(-0.864598751068115,5.,4.01091516017914));
#8041=CARTESIAN_POINT('Ctrl Pts',(-0.864598751068115,3.,4.01091516017914));
#8042=CARTESIAN_POINT('Ctrl Pts',(-0.885939672154494,5.,4.12241221352713));
#8043=CARTESIAN_POINT('Ctrl Pts',(-0.885939672154494,3.,4.12241221352713));
#8044=CARTESIAN_POINT('Ctrl Pts',(-0.947960677430166,5.,4.44644505662363));
#8045=CARTESIAN_POINT('Ctrl Pts',(-0.947960677430166,3.,4.44644505662363));
#8046=CARTESIAN_POINT('Ctrl Pts',(-1.02016904831427,5.,4.76837841127899));
#8047=CARTESIAN_POINT('Ctrl Pts',(-1.02016904831427,3.,4.76837841127899));
#8048=CARTESIAN_POINT('Ctrl Pts',(-1.0675311088562,5.,4.97953712940216));
#8049=CARTESIAN_POINT('Ctrl Pts',(-1.0675311088562,3.,4.97953712940216));
#8050=CARTESIAN_POINT('',(-0.864598751068115,3.,4.01091516017914));
#8051=CARTESIAN_POINT('',(-0.864598751068115,5.,4.01091516017914));
#8052=CARTESIAN_POINT('Ctrl Pts',(-0.864598751068115,3.,4.01091516017914));
#8053=CARTESIAN_POINT('Ctrl Pts',(-0.885939672154494,3.,4.12241221352713));
#8054=CARTESIAN_POINT('Ctrl Pts',(-0.947960677430166,3.,4.44644505662363));
#8055=CARTESIAN_POINT('Ctrl Pts',(-1.02016904831427,3.,4.76837841127899));
#8056=CARTESIAN_POINT('Ctrl Pts',(-1.0675311088562,3.,4.97953712940216));
#8057=CARTESIAN_POINT('Ctrl Pts',(-0.835607051849365,5.,3.66302907466889));
#8058=CARTESIAN_POINT('Ctrl Pts',(-0.835607051849365,3.,3.66302907466889));
#8059=CARTESIAN_POINT('Ctrl Pts',(-0.836965148364444,5.,3.71939140729394));
#8060=CARTESIAN_POINT('Ctrl Pts',(-0.836965148364444,3.,3.71939140729394));
#8061=CARTESIAN_POINT('Ctrl Pts',(-0.839772904426974,5.,3.83591602787105));
#8062=CARTESIAN_POINT('Ctrl Pts',(-0.839772904426974,3.,3.83591602787105));
#8063=CARTESIAN_POINT('Ctrl Pts',(-0.856145494702312,5.,3.95132756380925));
#8064=CARTESIAN_POINT('Ctrl Pts',(-0.856145494702312,3.,3.95132756380925));
#8065=CARTESIAN_POINT('Ctrl Pts',(-0.864598751068115,5.,4.01091516017914));
#8066=CARTESIAN_POINT('Ctrl Pts',(-0.864598751068115,3.,4.01091516017914));
#8067=CARTESIAN_POINT('',(-0.835607051849365,3.,3.66302907466889));
#8068=CARTESIAN_POINT('',(-0.835607051849365,5.,3.66302907466889));
#8069=CARTESIAN_POINT('Ctrl Pts',(-0.835607051849365,3.,3.66302907466889));
#8070=CARTESIAN_POINT('Ctrl Pts',(-0.836965148364444,3.,3.71939140729394));
#8071=CARTESIAN_POINT('Ctrl Pts',(-0.839772904426974,3.,3.83591602787105));
#8072=CARTESIAN_POINT('Ctrl Pts',(-0.856145494702312,3.,3.95132756380925));
#8073=CARTESIAN_POINT('Ctrl Pts',(-0.864598751068115,3.,4.01091516017914));
#8074=CARTESIAN_POINT('Ctrl Pts',(-1.16985082626343,5.,2.97578513622284));
#8075=CARTESIAN_POINT('Ctrl Pts',(-1.16985082626343,3.,2.97578513622284));
#8076=CARTESIAN_POINT('Ctrl Pts',(-1.07237591396109,5.,3.07326946605123));
#8077=CARTESIAN_POINT('Ctrl Pts',(-1.07237591396109,3.,3.07326946605123));
#8078=CARTESIAN_POINT('Ctrl Pts',(-0.881483259861513,5.,3.2641805632199));
#8079=CARTESIAN_POINT('Ctrl Pts',(-0.881483259861513,3.,3.2641805632199));
#8080=CARTESIAN_POINT('Ctrl Pts',(-0.850680900067946,5.,3.53197678886969));
#8081=CARTESIAN_POINT('Ctrl Pts',(-0.850680900067946,3.,3.53197678886969));
#8082=CARTESIAN_POINT('Ctrl Pts',(-0.835607051849365,5.,3.66302907466889));
#8083=CARTESIAN_POINT('Ctrl Pts',(-0.835607051849365,3.,3.66302907466889));
#8084=CARTESIAN_POINT('',(-1.16985082626343,3.,2.97578513622284));
#8085=CARTESIAN_POINT('',(-1.16985082626343,5.,2.97578513622284));
#8086=CARTESIAN_POINT('Ctrl Pts',(-1.16985082626343,3.,2.97578513622284));
#8087=CARTESIAN_POINT('Ctrl Pts',(-1.07237591396109,3.,3.07326946605123));
#8088=CARTESIAN_POINT('Ctrl Pts',(-0.881483259861513,3.,3.2641805632199));
#8089=CARTESIAN_POINT('Ctrl Pts',(-0.850680900067946,3.,3.53197678886969));
#8090=CARTESIAN_POINT('Ctrl Pts',(-0.835607051849365,3.,3.66302907466889));
#8091=CARTESIAN_POINT('Ctrl Pts',(-2.20327615737915,5.,2.69440710544586));
#8092=CARTESIAN_POINT('Ctrl Pts',(-2.20327615737915,3.,2.69440710544586));
#8093=CARTESIAN_POINT('Ctrl Pts',(-1.99502722501681,5.,2.69893751491464));
#8094=CARTESIAN_POINT('Ctrl Pts',(-1.99502722501681,3.,2.69893751491464));
#8095=CARTESIAN_POINT('Ctrl Pts',(-1.62516814313482,5.,2.70698371744575));
#8096=CARTESIAN_POINT('Ctrl Pts',(-1.62516814313482,3.,2.70698371744575));
#8097=CARTESIAN_POINT('Ctrl Pts',(-1.30830456038536,5.,2.89404750229605));
#8098=CARTESIAN_POINT('Ctrl Pts',(-1.30830456038536,3.,2.89404750229605));
#8099=CARTESIAN_POINT('Ctrl Pts',(-1.16985082626343,5.,2.97578513622284));
#8100=CARTESIAN_POINT('Ctrl Pts',(-1.16985082626343,3.,2.97578513622284));
#8101=CARTESIAN_POINT('',(-2.20327615737915,3.,2.69440710544586));
#8102=CARTESIAN_POINT('',(-2.20327615737915,5.,2.69440710544586));
#8103=CARTESIAN_POINT('Ctrl Pts',(-2.20327615737915,3.,2.69440710544586));
#8104=CARTESIAN_POINT('Ctrl Pts',(-1.99502722501681,3.,2.69893751491464));
#8105=CARTESIAN_POINT('Ctrl Pts',(-1.62516814313482,3.,2.70698371744575));
#8106=CARTESIAN_POINT('Ctrl Pts',(-1.30830456038536,3.,2.89404750229605));
#8107=CARTESIAN_POINT('Ctrl Pts',(-1.16985082626343,3.,2.97578513622284));
#8108=CARTESIAN_POINT('Ctrl Pts',(-3.28274250030518,5.,2.96725809574127));
#8109=CARTESIAN_POINT('Ctrl Pts',(-3.28274250030518,3.,2.96725809574127));
#8110=CARTESIAN_POINT('Ctrl Pts',(-3.1278438835729,5.,2.88782193376452));
#8111=CARTESIAN_POINT('Ctrl Pts',(-3.1278438835729,3.,2.88782193376452));
#8112=CARTESIAN_POINT('Ctrl Pts',(-2.78992459472923,5.,2.71452786613542));
#8113=CARTESIAN_POINT('Ctrl Pts',(-2.78992459472923,3.,2.71452786613542));
#8114=CARTESIAN_POINT('Ctrl Pts',(-2.40938204163511,5.,2.70147608732631));
#8115=CARTESIAN_POINT('Ctrl Pts',(-2.40938204163511,3.,2.70147608732631));
#8116=CARTESIAN_POINT('Ctrl Pts',(-2.20327615737915,5.,2.69440710544586));
#8117=CARTESIAN_POINT('Ctrl Pts',(-2.20327615737915,3.,2.69440710544586));
#8118=CARTESIAN_POINT('',(-3.28274250030518,3.,2.96725809574127));
#8119=CARTESIAN_POINT('',(-3.28274250030518,5.,2.96725809574127));
#8120=CARTESIAN_POINT('Ctrl Pts',(-3.28274250030518,3.,2.96725809574127));
#8121=CARTESIAN_POINT('Ctrl Pts',(-3.1278438835729,3.,2.88782193376452));
#8122=CARTESIAN_POINT('Ctrl Pts',(-2.78992459472923,3.,2.71452786613542));
#8123=CARTESIAN_POINT('Ctrl Pts',(-2.40938204163511,3.,2.70147608732631));
#8124=CARTESIAN_POINT('Ctrl Pts',(-2.20327615737915,3.,2.69440710544586));
#8125=CARTESIAN_POINT('Ctrl Pts',(-3.8540244102478,5.,3.72442066669464));
#8126=CARTESIAN_POINT('Ctrl Pts',(-3.8540244102478,3.,3.72442066669464));
#8127=CARTESIAN_POINT('Ctrl Pts',(-3.79007200745861,5.,3.57231920885388));
#8128=CARTESIAN_POINT('Ctrl Pts',(-3.79007200745861,3.,3.57231920885388));
#8129=CARTESIAN_POINT('Ctrl Pts',(-3.6635877351226,5.,3.27149482419934));
#8130=CARTESIAN_POINT('Ctrl Pts',(-3.6635877351226,3.,3.27149482419934));
#8131=CARTESIAN_POINT('Ctrl Pts',(-3.40873684292538,5.,3.06790818427755));
#8132=CARTESIAN_POINT('Ctrl Pts',(-3.40873684292538,3.,3.06790818427755));
#8133=CARTESIAN_POINT('Ctrl Pts',(-3.28274250030518,5.,2.96725809574127));
#8134=CARTESIAN_POINT('Ctrl Pts',(-3.28274250030518,3.,2.96725809574127));
#8135=CARTESIAN_POINT('',(-3.8540244102478,3.,3.72442066669464));
#8136=CARTESIAN_POINT('',(-3.8540244102478,5.,3.72442066669464));
#8137=CARTESIAN_POINT('Ctrl Pts',(-3.8540244102478,3.,3.72442066669464));
#8138=CARTESIAN_POINT('Ctrl Pts',(-3.79007200745861,3.,3.57231920885388));
#8139=CARTESIAN_POINT('Ctrl Pts',(-3.6635877351226,3.,3.27149482419934));
#8140=CARTESIAN_POINT('Ctrl Pts',(-3.40873684292538,3.,3.06790818427755));
#8141=CARTESIAN_POINT('Ctrl Pts',(-3.28274250030518,3.,2.96725809574127));
#8142=CARTESIAN_POINT('Origin',(-2.89904594421387,5.,3.80627572536469));
#8143=CARTESIAN_POINT('',(-2.89904594421387,3.,3.80627572536469));
#8144=CARTESIAN_POINT('',(-2.89904594421387,5.,3.80627572536469));
#8145=CARTESIAN_POINT('',(-2.89904594421387,3.,3.80627572536469));
#8146=CARTESIAN_POINT('Ctrl Pts',(-2.69270181655884,5.,3.50102365016937));
#8147=CARTESIAN_POINT('Ctrl Pts',(-2.69270181655884,3.,3.50102365016937));
#8148=CARTESIAN_POINT('Ctrl Pts',(-2.73946893435599,5.,3.54144682838787));
#8149=CARTESIAN_POINT('Ctrl Pts',(-2.73946893435599,3.,3.54144682838787));
#8150=CARTESIAN_POINT('Ctrl Pts',(-2.83558740536473,5.,3.62452686980776));
#8151=CARTESIAN_POINT('Ctrl Pts',(-2.83558740536473,3.,3.62452686980776));
#8152=CARTESIAN_POINT('Ctrl Pts',(-2.87751732285325,5.,3.74461653237077));
#8153=CARTESIAN_POINT('Ctrl Pts',(-2.87751732285325,3.,3.74461653237077));
#8154=CARTESIAN_POINT('Ctrl Pts',(-2.89904594421387,5.,3.80627572536469));
#8155=CARTESIAN_POINT('Ctrl Pts',(-2.89904594421387,3.,3.80627572536469));
#8156=CARTESIAN_POINT('Ctrl Pts',(-2.69270181655884,3.,3.50102365016937));
#8157=CARTESIAN_POINT('Ctrl Pts',(-2.73946893435599,3.,3.54144682838787));
#8158=CARTESIAN_POINT('Ctrl Pts',(-2.83558740536473,3.,3.62452686980776));
#8159=CARTESIAN_POINT('Ctrl Pts',(-2.87751732285325,3.,3.74461653237077));
#8160=CARTESIAN_POINT('Ctrl Pts',(-2.89904594421387,3.,3.80627572536469));
#8161=CARTESIAN_POINT('Origin',(-5.42803441174328,3.,5.96046448864129E-7));
#8162=CARTESIAN_POINT('Ctrl Pts',(-6.67803525924683,5.,5.72987735271454));
#8163=CARTESIAN_POINT('Ctrl Pts',(-6.67803525924683,3.,5.72987735271454));
#8164=CARTESIAN_POINT('Ctrl Pts',(-6.54818443328863,5.,5.71410971072503));
#8165=CARTESIAN_POINT('Ctrl Pts',(-6.54818443328863,3.,5.71410971072503));
#8166=CARTESIAN_POINT('Ctrl Pts',(-6.28165917637506,5.,5.68174584394818));
#8167=CARTESIAN_POINT('Ctrl Pts',(-6.28165917637506,3.,5.68174584394818));
#8168=CARTESIAN_POINT('Ctrl Pts',(-6.09727918948756,5.,5.48585570535501));
#8169=CARTESIAN_POINT('Ctrl Pts',(-6.09727918948756,3.,5.48585570535501));
#8170=CARTESIAN_POINT('Ctrl Pts',(-6.0027289390564,5.,5.38540303707123));
#8171=CARTESIAN_POINT('Ctrl Pts',(-6.0027289390564,3.,5.38540303707123));
#8172=CARTESIAN_POINT('',(-6.67803525924683,5.,5.72987735271454));
#8173=CARTESIAN_POINT('',(-6.0027289390564,5.,5.38540303707123));
#8174=CARTESIAN_POINT('Ctrl Pts',(-6.67803525924683,5.,5.72987735271454));
#8175=CARTESIAN_POINT('Ctrl Pts',(-6.54818443328863,5.,5.71410971072503));
#8176=CARTESIAN_POINT('Ctrl Pts',(-6.28165917637506,5.,5.68174584394818));
#8177=CARTESIAN_POINT('Ctrl Pts',(-6.09727918948756,5.,5.48585570535501));
#8178=CARTESIAN_POINT('Ctrl Pts',(-6.0027289390564,5.,5.38540303707123));
#8179=CARTESIAN_POINT('',(-6.67803525924683,3.,5.72987735271454));
#8180=CARTESIAN_POINT('',(-6.67803525924683,5.,5.72987735271454));
#8181=CARTESIAN_POINT('',(-6.0027289390564,3.,5.38540303707123));
#8182=CARTESIAN_POINT('Ctrl Pts',(-6.67803525924683,3.,5.72987735271454));
#8183=CARTESIAN_POINT('Ctrl Pts',(-6.54818443328863,3.,5.71410971072503));
#8184=CARTESIAN_POINT('Ctrl Pts',(-6.28165917637506,3.,5.68174584394818));
#8185=CARTESIAN_POINT('Ctrl Pts',(-6.09727918948756,3.,5.48585570535501));
#8186=CARTESIAN_POINT('Ctrl Pts',(-6.0027289390564,3.,5.38540303707123));
#8187=CARTESIAN_POINT('',(-6.0027289390564,5.,5.38540303707123));
#8188=CARTESIAN_POINT('Ctrl Pts',(-7.21009492874146,5.,5.50136506557465));
#8189=CARTESIAN_POINT('Ctrl Pts',(-7.21009492874146,3.,5.50136506557465));
#8190=CARTESIAN_POINT('Ctrl Pts',(-7.13462248714333,5.,5.56801346998899));
#8191=CARTESIAN_POINT('Ctrl Pts',(-7.13462248714333,3.,5.56801346998899));
#8192=CARTESIAN_POINT('Ctrl Pts',(-6.98241034962094,5.,5.70242936913775));
#8193=CARTESIAN_POINT('Ctrl Pts',(-6.98241034962094,3.,5.70242936913775));
#8194=CARTESIAN_POINT('Ctrl Pts',(-6.78005519737356,5.,5.72067738308902));
#8195=CARTESIAN_POINT('Ctrl Pts',(-6.78005519737356,3.,5.72067738308902));
#8196=CARTESIAN_POINT('Ctrl Pts',(-6.67803525924683,5.,5.72987735271454));
#8197=CARTESIAN_POINT('Ctrl Pts',(-6.67803525924683,3.,5.72987735271454));
#8198=CARTESIAN_POINT('',(-7.21009492874146,5.,5.50136506557465));
#8199=CARTESIAN_POINT('Ctrl Pts',(-7.21009492874146,5.,5.50136506557465));
#8200=CARTESIAN_POINT('Ctrl Pts',(-7.13462248714333,5.,5.56801346998899));
#8201=CARTESIAN_POINT('Ctrl Pts',(-6.98241034962094,5.,5.70242936913775));
#8202=CARTESIAN_POINT('Ctrl Pts',(-6.78005519737356,5.,5.72067738308902));
#8203=CARTESIAN_POINT('Ctrl Pts',(-6.67803525924683,5.,5.72987735271454));
#8204=CARTESIAN_POINT('',(-7.21009492874146,3.,5.50136506557465));
#8205=CARTESIAN_POINT('',(-7.21009492874146,5.,5.50136506557465));
#8206=CARTESIAN_POINT('Ctrl Pts',(-7.21009492874146,3.,5.50136506557465));
#8207=CARTESIAN_POINT('Ctrl Pts',(-7.13462248714333,3.,5.56801346998899));
#8208=CARTESIAN_POINT('Ctrl Pts',(-6.98241034962094,3.,5.70242936913775));
#8209=CARTESIAN_POINT('Ctrl Pts',(-6.78005519737356,3.,5.72067738308902));
#8210=CARTESIAN_POINT('Ctrl Pts',(-6.67803525924683,3.,5.72987735271454));
#8211=CARTESIAN_POINT('Ctrl Pts',(-7.421555519104,5.,4.88403856754303));
#8212=CARTESIAN_POINT('Ctrl Pts',(-7.421555519104,3.,4.88403856754303));
#8213=CARTESIAN_POINT('Ctrl Pts',(-7.41512103653776,5.,5.00426611822522));
#8214=CARTESIAN_POINT('Ctrl Pts',(-7.41512103653776,3.,5.00426611822522));
#8215=CARTESIAN_POINT('Ctrl Pts',(-7.40299645779603,5.,5.23081244734543));
#8216=CARTESIAN_POINT('Ctrl Pts',(-7.40299645779603,3.,5.23081244734543));
#8217=CARTESIAN_POINT('Ctrl Pts',(-7.27170864090959,5.,5.41494920755833));
#8218=CARTESIAN_POINT('Ctrl Pts',(-7.27170864090959,3.,5.41494920755833));
#8219=CARTESIAN_POINT('Ctrl Pts',(-7.21009492874146,5.,5.50136506557465));
#8220=CARTESIAN_POINT('Ctrl Pts',(-7.21009492874146,3.,5.50136506557465));
#8221=CARTESIAN_POINT('',(-7.421555519104,5.,4.88403856754303));
#8222=CARTESIAN_POINT('Ctrl Pts',(-7.421555519104,5.,4.88403856754303));
#8223=CARTESIAN_POINT('Ctrl Pts',(-7.41512103653776,5.,5.00426611822522));
#8224=CARTESIAN_POINT('Ctrl Pts',(-7.40299645779603,5.,5.23081244734543));
#8225=CARTESIAN_POINT('Ctrl Pts',(-7.27170864090959,5.,5.41494920755833));
#8226=CARTESIAN_POINT('Ctrl Pts',(-7.21009492874146,5.,5.50136506557465));
#8227=CARTESIAN_POINT('',(-7.421555519104,3.,4.88403856754303));
#8228=CARTESIAN_POINT('',(-7.421555519104,5.,4.88403856754303));
#8229=CARTESIAN_POINT('Ctrl Pts',(-7.421555519104,3.,4.88403856754303));
#8230=CARTESIAN_POINT('Ctrl Pts',(-7.41512103653776,3.,5.00426611822522));
#8231=CARTESIAN_POINT('Ctrl Pts',(-7.40299645779603,3.,5.23081244734543));
#8232=CARTESIAN_POINT('Ctrl Pts',(-7.27170864090959,3.,5.41494920755833));
#8233=CARTESIAN_POINT('Ctrl Pts',(-7.21009492874146,3.,5.50136506557465));
#8234=CARTESIAN_POINT('Ctrl Pts',(-7.2851300239563,5.,4.19679462909699));
#8235=CARTESIAN_POINT('Ctrl Pts',(-7.2851300239563,3.,4.19679462909699));
#8236=CARTESIAN_POINT('Ctrl Pts',(-7.32487653169327,5.,4.31522031922774));
#8237=CARTESIAN_POINT('Ctrl Pts',(-7.32487653169327,3.,4.31522031922774));
#8238=CARTESIAN_POINT('Ctrl Pts',(-7.39985058697731,5.,4.53860734728239));
#8239=CARTESIAN_POINT('Ctrl Pts',(-7.39985058697731,3.,4.53860734728239));
#8240=CARTESIAN_POINT('Ctrl Pts',(-7.41461722139457,5.,4.77361644641815));
#8241=CARTESIAN_POINT('Ctrl Pts',(-7.41461722139457,3.,4.77361644641815));
#8242=CARTESIAN_POINT('Ctrl Pts',(-7.421555519104,5.,4.88403856754303));
#8243=CARTESIAN_POINT('Ctrl Pts',(-7.421555519104,3.,4.88403856754303));
#8244=CARTESIAN_POINT('',(-7.2851300239563,5.,4.19679462909699));
#8245=CARTESIAN_POINT('Ctrl Pts',(-7.2851300239563,5.,4.19679462909699));
#8246=CARTESIAN_POINT('Ctrl Pts',(-7.32487653169327,5.,4.31522031922774));
#8247=CARTESIAN_POINT('Ctrl Pts',(-7.39985058697731,5.,4.53860734728239));
#8248=CARTESIAN_POINT('Ctrl Pts',(-7.41461722139457,5.,4.77361644641815));
#8249=CARTESIAN_POINT('Ctrl Pts',(-7.421555519104,5.,4.88403856754303));
#8250=CARTESIAN_POINT('',(-7.2851300239563,3.,4.19679462909699));
#8251=CARTESIAN_POINT('',(-7.2851300239563,5.,4.19679462909699));
#8252=CARTESIAN_POINT('Ctrl Pts',(-7.2851300239563,3.,4.19679462909699));
#8253=CARTESIAN_POINT('Ctrl Pts',(-7.32487653169327,3.,4.31522031922774));
#8254=CARTESIAN_POINT('Ctrl Pts',(-7.39985058697731,3.,4.53860734728239));
#8255=CARTESIAN_POINT('Ctrl Pts',(-7.41461722139457,3.,4.77361644641815));
#8256=CARTESIAN_POINT('Ctrl Pts',(-7.421555519104,3.,4.88403856754303));
#8257=CARTESIAN_POINT('Ctrl Pts',(-6.90313816070557,5.,3.62721741199493));
#8258=CARTESIAN_POINT('Ctrl Pts',(-6.90313816070557,3.,3.62721741199493));
#8259=CARTESIAN_POINT('Ctrl Pts',(-6.98165549603421,5.,3.70343439918847));
#8260=CARTESIAN_POINT('Ctrl Pts',(-6.98165549603421,3.,3.70343439918847));
#8261=CARTESIAN_POINT('Ctrl Pts',(-7.14904901772647,5.,3.86592373795294));
#8262=CARTESIAN_POINT('Ctrl Pts',(-7.14904901772647,3.,3.86592373795294));
#8263=CARTESIAN_POINT('Ctrl Pts',(-7.23793614777803,5.,4.08204621342703));
#8264=CARTESIAN_POINT('Ctrl Pts',(-7.23793614777803,3.,4.08204621342703));
#8265=CARTESIAN_POINT('Ctrl Pts',(-7.2851300239563,5.,4.19679462909699));
#8266=CARTESIAN_POINT('Ctrl Pts',(-7.2851300239563,3.,4.19679462909699));
#8267=CARTESIAN_POINT('',(-6.90313816070557,5.,3.62721741199493));
#8268=CARTESIAN_POINT('Ctrl Pts',(-6.90313816070557,5.,3.62721741199493));
#8269=CARTESIAN_POINT('Ctrl Pts',(-6.98165549603421,5.,3.70343439918847));
#8270=CARTESIAN_POINT('Ctrl Pts',(-7.14904901772647,5.,3.86592373795294));
#8271=CARTESIAN_POINT('Ctrl Pts',(-7.23793614777803,5.,4.08204621342703));
#8272=CARTESIAN_POINT('Ctrl Pts',(-7.2851300239563,5.,4.19679462909699));
#8273=CARTESIAN_POINT('',(-6.90313816070557,3.,3.62721741199493));
#8274=CARTESIAN_POINT('',(-6.90313816070557,5.,3.62721741199493));
#8275=CARTESIAN_POINT('Ctrl Pts',(-6.90313816070557,3.,3.62721741199493));
#8276=CARTESIAN_POINT('Ctrl Pts',(-6.98165549603421,3.,3.70343439918847));
#8277=CARTESIAN_POINT('Ctrl Pts',(-7.14904901772647,3.,3.86592373795294));
#8278=CARTESIAN_POINT('Ctrl Pts',(-7.23793614777803,3.,4.08204621342703));
#8279=CARTESIAN_POINT('Ctrl Pts',(-7.2851300239563,3.,4.19679462909699));
#8280=CARTESIAN_POINT('Ctrl Pts',(-6.34038209915161,5.,3.43110501766205));
#8281=CARTESIAN_POINT('Ctrl Pts',(-6.34038209915161,3.,3.43110501766205));
#8282=CARTESIAN_POINT('Ctrl Pts',(-6.44302367405148,5.,3.43919381970235));
#8283=CARTESIAN_POINT('Ctrl Pts',(-6.44302367405148,3.,3.43919381970235));
#8284=CARTESIAN_POINT('Ctrl Pts',(-6.64779070122716,5.,3.45533075007213));
#8285=CARTESIAN_POINT('Ctrl Pts',(-6.64779070122716,3.,3.45533075007213));
#8286=CARTESIAN_POINT('Ctrl Pts',(-6.81816548612807,5.,3.57001821597547));
#8287=CARTESIAN_POINT('Ctrl Pts',(-6.81816548612807,3.,3.57001821597547));
#8288=CARTESIAN_POINT('Ctrl Pts',(-6.90313816070557,5.,3.62721741199493));
#8289=CARTESIAN_POINT('Ctrl Pts',(-6.90313816070557,3.,3.62721741199493));
#8290=CARTESIAN_POINT('',(-6.34038209915161,5.,3.43110501766205));
#8291=CARTESIAN_POINT('Ctrl Pts',(-6.34038209915161,5.,3.43110501766205));
#8292=CARTESIAN_POINT('Ctrl Pts',(-6.44302367405148,5.,3.43919381970235));
#8293=CARTESIAN_POINT('Ctrl Pts',(-6.64779070122716,5.,3.45533075007213));
#8294=CARTESIAN_POINT('Ctrl Pts',(-6.81816548612807,5.,3.57001821597547));
#8295=CARTESIAN_POINT('Ctrl Pts',(-6.90313816070557,5.,3.62721741199493));
#8296=CARTESIAN_POINT('',(-6.34038209915161,3.,3.43110501766205));
#8297=CARTESIAN_POINT('',(-6.34038209915161,5.,3.43110501766205));
#8298=CARTESIAN_POINT('Ctrl Pts',(-6.34038209915161,3.,3.43110501766205));
#8299=CARTESIAN_POINT('Ctrl Pts',(-6.44302367405148,3.,3.43919381970235));
#8300=CARTESIAN_POINT('Ctrl Pts',(-6.64779070122716,3.,3.45533075007213));
#8301=CARTESIAN_POINT('Ctrl Pts',(-6.81816548612807,3.,3.57001821597547));
#8302=CARTESIAN_POINT('Ctrl Pts',(-6.90313816070557,3.,3.62721741199493));
#8303=CARTESIAN_POINT('Ctrl Pts',(-5.81684827804565,5.,3.64085972309113));
#8304=CARTESIAN_POINT('Ctrl Pts',(-5.81684827804565,3.,3.64085972309113));
#8305=CARTESIAN_POINT('Ctrl Pts',(-5.89074486275368,5.,3.57969336112142));
#8306=CARTESIAN_POINT('Ctrl Pts',(-5.89074486275368,3.,3.57969336112142));
#8307=CARTESIAN_POINT('Ctrl Pts',(-6.04255927360357,5.,3.4540321381711));
#8308=CARTESIAN_POINT('Ctrl Pts',(-6.04255927360357,3.,3.4540321381711));
#8309=CARTESIAN_POINT('Ctrl Pts',(-6.23937012344458,5.,3.43888116354889));
#8310=CARTESIAN_POINT('Ctrl Pts',(-6.23937012344458,3.,3.43888116354889));
#8311=CARTESIAN_POINT('Ctrl Pts',(-6.34038209915161,5.,3.43110501766205));
#8312=CARTESIAN_POINT('Ctrl Pts',(-6.34038209915161,3.,3.43110501766205));
#8313=CARTESIAN_POINT('',(-5.81684827804565,5.,3.64085972309113));
#8314=CARTESIAN_POINT('Ctrl Pts',(-5.81684827804565,5.,3.64085972309113));
#8315=CARTESIAN_POINT('Ctrl Pts',(-5.89074486275368,5.,3.57969336112142));
#8316=CARTESIAN_POINT('Ctrl Pts',(-6.04255927360357,5.,3.4540321381711));
#8317=CARTESIAN_POINT('Ctrl Pts',(-6.23937012344458,5.,3.43888116354889));
#8318=CARTESIAN_POINT('Ctrl Pts',(-6.34038209915161,5.,3.43110501766205));
#8319=CARTESIAN_POINT('',(-5.81684827804565,3.,3.64085972309113));
#8320=CARTESIAN_POINT('',(-5.81684827804565,5.,3.64085972309113));
#8321=CARTESIAN_POINT('Ctrl Pts',(-5.81684827804565,3.,3.64085972309113));
#8322=CARTESIAN_POINT('Ctrl Pts',(-5.89074486275368,3.,3.57969336112142));
#8323=CARTESIAN_POINT('Ctrl Pts',(-6.04255927360357,3.,3.4540321381711));
#8324=CARTESIAN_POINT('Ctrl Pts',(-6.23937012344458,3.,3.43888116354889));
#8325=CARTESIAN_POINT('Ctrl Pts',(-6.34038209915161,3.,3.43110501766205));
#8326=CARTESIAN_POINT('Ctrl Pts',(-5.61391592025757,5.,4.19850051403046));
#8327=CARTESIAN_POINT('Ctrl Pts',(-5.61391592025757,3.,4.19850051403046));
#8328=CARTESIAN_POINT('Ctrl Pts',(-5.62058894801847,5.,4.09020918541118));
#8329=CARTESIAN_POINT('Ctrl Pts',(-5.62058894801847,3.,4.09020918541118));
#8330=CARTESIAN_POINT('Ctrl Pts',(-5.63331248551114,5.,3.88372888453628));
#8331=CARTESIAN_POINT('Ctrl Pts',(-5.63331248551114,3.,3.88372888453628));
#8332=CARTESIAN_POINT('Ctrl Pts',(-5.757698267098,5.,3.71913172311873));
#8333=CARTESIAN_POINT('Ctrl Pts',(-5.757698267098,3.,3.71913172311873));
#8334=CARTESIAN_POINT('Ctrl Pts',(-5.81684827804565,5.,3.64085972309113));
#8335=CARTESIAN_POINT('Ctrl Pts',(-5.81684827804565,3.,3.64085972309113));
#8336=CARTESIAN_POINT('',(-5.61391592025757,5.,4.19850051403046));
#8337=CARTESIAN_POINT('Ctrl Pts',(-5.61391592025757,5.,4.19850051403046));
#8338=CARTESIAN_POINT('Ctrl Pts',(-5.62058894801847,5.,4.09020918541118));
#8339=CARTESIAN_POINT('Ctrl Pts',(-5.63331248551114,5.,3.88372888453628));
#8340=CARTESIAN_POINT('Ctrl Pts',(-5.757698267098,5.,3.71913172311873));
#8341=CARTESIAN_POINT('Ctrl Pts',(-5.81684827804565,5.,3.64085972309113));
#8342=CARTESIAN_POINT('',(-5.61391592025757,3.,4.19850051403046));
#8343=CARTESIAN_POINT('',(-5.61391592025757,5.,4.19850051403046));
#8344=CARTESIAN_POINT('Ctrl Pts',(-5.61391592025757,3.,4.19850051403046));
#8345=CARTESIAN_POINT('Ctrl Pts',(-5.62058894801847,3.,4.09020918541118));
#8346=CARTESIAN_POINT('Ctrl Pts',(-5.63331248551114,3.,3.88372888453628));
#8347=CARTESIAN_POINT('Ctrl Pts',(-5.757698267098,3.,3.71913172311873));
#8348=CARTESIAN_POINT('Ctrl Pts',(-5.81684827804565,3.,3.64085972309113));
#8349=CARTESIAN_POINT('Ctrl Pts',(-6.0027289390564,5.,5.38540303707123));
#8350=CARTESIAN_POINT('Ctrl Pts',(-6.0027289390564,3.,5.38540303707123));
#8351=CARTESIAN_POINT('Ctrl Pts',(-5.88935543601365,5.,5.21060217023647));
#8352=CARTESIAN_POINT('Ctrl Pts',(-5.88935543601365,3.,5.21060217023647));
#8353=CARTESIAN_POINT('Ctrl Pts',(-5.65534271615166,5.,4.84979805653793));
#8354=CARTESIAN_POINT('Ctrl Pts',(-5.65534271615166,3.,4.84979805653793));
#8355=CARTESIAN_POINT('Ctrl Pts',(-5.62800775423643,5.,4.42004738102253));
#8356=CARTESIAN_POINT('Ctrl Pts',(-5.62800775423643,3.,4.42004738102253));
#8357=CARTESIAN_POINT('Ctrl Pts',(-5.61391592025757,5.,4.19850051403046));
#8358=CARTESIAN_POINT('Ctrl Pts',(-5.61391592025757,3.,4.19850051403046));
#8359=CARTESIAN_POINT('Ctrl Pts',(-6.0027289390564,5.,5.38540303707123));
#8360=CARTESIAN_POINT('Ctrl Pts',(-5.88935543601365,5.,5.21060217023647));
#8361=CARTESIAN_POINT('Ctrl Pts',(-5.65534271615166,5.,4.84979805653793));
#8362=CARTESIAN_POINT('Ctrl Pts',(-5.62800775423643,5.,4.42004738102253));
#8363=CARTESIAN_POINT('Ctrl Pts',(-5.61391592025757,5.,4.19850051403046));
#8364=CARTESIAN_POINT('Ctrl Pts',(-6.0027289390564,3.,5.38540303707123));
#8365=CARTESIAN_POINT('Ctrl Pts',(-5.88935543601365,3.,5.21060217023647));
#8366=CARTESIAN_POINT('Ctrl Pts',(-5.65534271615166,3.,4.84979805653793));
#8367=CARTESIAN_POINT('Ctrl Pts',(-5.62800775423643,3.,4.42004738102253));
#8368=CARTESIAN_POINT('Ctrl Pts',(-5.61391592025757,3.,4.19850051403046));
#8369=CARTESIAN_POINT('Ctrl Pts',(-7.61937260627747,5.,6.28240168094635));
#8370=CARTESIAN_POINT('Ctrl Pts',(-7.61937260627747,3.,6.28240168094635));
#8371=CARTESIAN_POINT('Ctrl Pts',(-7.74239131208204,5.,6.20799048903789));
#8372=CARTESIAN_POINT('Ctrl Pts',(-7.74239131208204,3.,6.20799048903789));
#8373=CARTESIAN_POINT('Ctrl Pts',(-7.98499500896657,5.,6.06124508045543));
#8374=CARTESIAN_POINT('Ctrl Pts',(-7.98499500896657,3.,6.06124508045543));
#8375=CARTESIAN_POINT('Ctrl Pts',(-8.13531639238398,5.,5.82101011762669));
#8376=CARTESIAN_POINT('Ctrl Pts',(-8.13531639238398,3.,5.82101011762669));
#8377=CARTESIAN_POINT('Ctrl Pts',(-8.2094132900238,5.,5.70259273052216));
#8378=CARTESIAN_POINT('Ctrl Pts',(-8.2094132900238,3.,5.70259273052216));
#8379=CARTESIAN_POINT('',(-7.61937260627747,3.,6.28240168094635));
#8380=CARTESIAN_POINT('',(-7.61937260627747,5.,6.28240168094635));
#8381=CARTESIAN_POINT('',(-8.2094132900238,3.,5.70259273052216));
#8382=CARTESIAN_POINT('Ctrl Pts',(-7.61937260627747,3.,6.28240168094635));
#8383=CARTESIAN_POINT('Ctrl Pts',(-7.74239131208204,3.,6.20799048903789));
#8384=CARTESIAN_POINT('Ctrl Pts',(-7.98499500896657,3.,6.06124508045543));
#8385=CARTESIAN_POINT('Ctrl Pts',(-8.13531639238398,3.,5.82101011762669));
#8386=CARTESIAN_POINT('Ctrl Pts',(-8.2094132900238,3.,5.70259273052216));
#8387=CARTESIAN_POINT('',(-8.2094132900238,5.,5.70259273052216));
#8388=CARTESIAN_POINT('Ctrl Pts',(-6.7121422290802,5.,6.48703992366791));
#8389=CARTESIAN_POINT('Ctrl Pts',(-6.7121422290802,3.,6.48703992366791));
#8390=CARTESIAN_POINT('Ctrl Pts',(-6.87527241228237,5.,6.47981277764538));
#8391=CARTESIAN_POINT('Ctrl Pts',(-6.87527241228237,3.,6.47981277764538));
#8392=CARTESIAN_POINT('Ctrl Pts',(-7.19017161638256,5.,6.46586181844373));
#8393=CARTESIAN_POINT('Ctrl Pts',(-7.19017161638256,3.,6.46586181844373));
#8394=CARTESIAN_POINT('Ctrl Pts',(-7.47978861380602,5.,6.34206626479905));
#8395=CARTESIAN_POINT('Ctrl Pts',(-7.47978861380602,3.,6.34206626479905));
#8396=CARTESIAN_POINT('Ctrl Pts',(-7.61937260627747,5.,6.28240168094635));
#8397=CARTESIAN_POINT('Ctrl Pts',(-7.61937260627747,3.,6.28240168094635));
#8398=CARTESIAN_POINT('',(-6.7121422290802,3.,6.48703992366791));
#8399=CARTESIAN_POINT('',(-6.7121422290802,5.,6.48703992366791));
#8400=CARTESIAN_POINT('Ctrl Pts',(-6.7121422290802,3.,6.48703992366791));
#8401=CARTESIAN_POINT('Ctrl Pts',(-6.87527241228237,3.,6.47981277764538));
#8402=CARTESIAN_POINT('Ctrl Pts',(-7.19017161638256,3.,6.46586181844373));
#8403=CARTESIAN_POINT('Ctrl Pts',(-7.47978861380602,3.,6.34206626479905));
#8404=CARTESIAN_POINT('Ctrl Pts',(-7.61937260627747,3.,6.28240168094635));
#8405=CARTESIAN_POINT('Ctrl Pts',(-5.20463824272156,5.,5.84583938121796));
#8406=CARTESIAN_POINT('Ctrl Pts',(-5.20463824272156,3.,5.84583938121796));
#8407=CARTESIAN_POINT('Ctrl Pts',(-5.4125028117651,5.,6.03281223318472));
#8408=CARTESIAN_POINT('Ctrl Pts',(-5.4125028117651,3.,6.03281223318472));
#8409=CARTESIAN_POINT('Ctrl Pts',(-5.84073614200342,5.,6.41800537807854));
#8410=CARTESIAN_POINT('Ctrl Pts',(-5.84073614200342,3.,6.41800537807854));
#8411=CARTESIAN_POINT('Ctrl Pts',(-6.41607368036121,5.,6.46358477683426));
#8412=CARTESIAN_POINT('Ctrl Pts',(-6.41607368036121,3.,6.46358477683426));
#8413=CARTESIAN_POINT('Ctrl Pts',(-6.7121422290802,5.,6.48703992366791));
#8414=CARTESIAN_POINT('Ctrl Pts',(-6.7121422290802,3.,6.48703992366791));
#8415=CARTESIAN_POINT('',(-5.20463824272156,3.,5.84583938121796));
#8416=CARTESIAN_POINT('',(-5.20463824272156,5.,5.84583938121796));
#8417=CARTESIAN_POINT('Ctrl Pts',(-5.20463824272156,3.,5.84583938121796));
#8418=CARTESIAN_POINT('Ctrl Pts',(-5.4125028117651,3.,6.03281223318472));
#8419=CARTESIAN_POINT('Ctrl Pts',(-5.84073614200342,3.,6.41800537807854));
#8420=CARTESIAN_POINT('Ctrl Pts',(-6.41607368036121,3.,6.46358477683426));
#8421=CARTESIAN_POINT('Ctrl Pts',(-6.7121422290802,3.,6.48703992366791));
#8422=CARTESIAN_POINT('Ctrl Pts',(-4.6418833732605,5.,4.32469427585602));
#8423=CARTESIAN_POINT('Ctrl Pts',(-4.6418833732605,3.,4.32469427585602));
#8424=CARTESIAN_POINT('Ctrl Pts',(-4.66452089142743,5.,4.60713280504927));
#8425=CARTESIAN_POINT('Ctrl Pts',(-4.66452089142743,3.,4.60713280504927));
#8426=CARTESIAN_POINT('Ctrl Pts',(-4.70941296248079,5.,5.1672317711659));
#8427=CARTESIAN_POINT('Ctrl Pts',(-4.70941296248079,3.,5.1672317711659));
#8428=CARTESIAN_POINT('Ctrl Pts',(-5.04050464160865,5.,5.62092697221025));
#8429=CARTESIAN_POINT('Ctrl Pts',(-5.04050464160865,3.,5.62092697221025));
#8430=CARTESIAN_POINT('Ctrl Pts',(-5.20463824272156,5.,5.84583938121796));
#8431=CARTESIAN_POINT('Ctrl Pts',(-5.20463824272156,3.,5.84583938121796));
#8432=CARTESIAN_POINT('',(-4.6418833732605,3.,4.32469427585602));
#8433=CARTESIAN_POINT('',(-4.6418833732605,5.,4.32469427585602));
#8434=CARTESIAN_POINT('Ctrl Pts',(-4.6418833732605,3.,4.32469427585602));
#8435=CARTESIAN_POINT('Ctrl Pts',(-4.66452089142743,3.,4.60713280504927));
#8436=CARTESIAN_POINT('Ctrl Pts',(-4.70941296248079,3.,5.1672317711659));
#8437=CARTESIAN_POINT('Ctrl Pts',(-5.04050464160865,3.,5.62092697221025));
#8438=CARTESIAN_POINT('Ctrl Pts',(-5.20463824272156,3.,5.84583938121796));
#8439=CARTESIAN_POINT('Ctrl Pts',(-5.09208679199219,5.,3.13608586788178));
#8440=CARTESIAN_POINT('Ctrl Pts',(-5.09208679199219,3.,3.13608586788178));
#8441=CARTESIAN_POINT('Ctrl Pts',(-4.96085799000743,5.,3.30146244070691));
#8442=CARTESIAN_POINT('Ctrl Pts',(-4.96085799000743,3.,3.30146244070691));
#8443=CARTESIAN_POINT('Ctrl Pts',(-4.68531122650489,5.,3.64871074833378));
#8444=CARTESIAN_POINT('Ctrl Pts',(-4.68531122650489,3.,3.64871074833378));
#8445=CARTESIAN_POINT('Ctrl Pts',(-4.65681060786688,5.,4.09234190401319));
#8446=CARTESIAN_POINT('Ctrl Pts',(-4.65681060786688,3.,4.09234190401319));
#8447=CARTESIAN_POINT('Ctrl Pts',(-4.6418833732605,5.,4.32469427585602));
#8448=CARTESIAN_POINT('Ctrl Pts',(-4.6418833732605,3.,4.32469427585602));
#8449=CARTESIAN_POINT('',(-5.09208679199219,3.,3.13608586788178));
#8450=CARTESIAN_POINT('',(-5.09208679199219,5.,3.13608586788178));
#8451=CARTESIAN_POINT('Ctrl Pts',(-5.09208679199219,3.,3.13608586788178));
#8452=CARTESIAN_POINT('Ctrl Pts',(-4.96085799000743,3.,3.30146244070691));
#8453=CARTESIAN_POINT('Ctrl Pts',(-4.68531122650489,3.,3.64871074833378));
#8454=CARTESIAN_POINT('Ctrl Pts',(-4.65681060786688,3.,4.09234190401319));
#8455=CARTESIAN_POINT('Ctrl Pts',(-4.6418833732605,3.,4.32469427585602));
#8456=CARTESIAN_POINT('Ctrl Pts',(-6.34379267692566,5.,2.69440710544586));
#8457=CARTESIAN_POINT('Ctrl Pts',(-6.34379267692566,3.,2.69440710544586));
#8458=CARTESIAN_POINT('Ctrl Pts',(-6.09712464193641,5.,2.70737226600807));
#8459=CARTESIAN_POINT('Ctrl Pts',(-6.09712464193641,3.,2.70737226600807));
#8460=CARTESIAN_POINT('Ctrl Pts',(-5.63464582536682,5.,2.73168069378513));
#8461=CARTESIAN_POINT('Ctrl Pts',(-5.63464582536682,3.,2.73168069378513));
#8462=CARTESIAN_POINT('Ctrl Pts',(-5.26471230381697,5.,3.00741664320993));
#8463=CARTESIAN_POINT('Ctrl Pts',(-5.26471230381697,3.,3.00741664320993));
#8464=CARTESIAN_POINT('Ctrl Pts',(-5.09208679199219,5.,3.13608586788178));
#8465=CARTESIAN_POINT('Ctrl Pts',(-5.09208679199219,3.,3.13608586788178));
#8466=CARTESIAN_POINT('',(-6.34379267692566,3.,2.69440710544586));
#8467=CARTESIAN_POINT('',(-6.34379267692566,5.,2.69440710544586));
#8468=CARTESIAN_POINT('Ctrl Pts',(-6.34379267692566,3.,2.69440710544586));
#8469=CARTESIAN_POINT('Ctrl Pts',(-6.09712464193641,3.,2.70737226600807));
#8470=CARTESIAN_POINT('Ctrl Pts',(-5.63464582536682,3.,2.73168069378513));
#8471=CARTESIAN_POINT('Ctrl Pts',(-5.26471230381697,3.,3.00741664320993));
#8472=CARTESIAN_POINT('Ctrl Pts',(-5.09208679199219,3.,3.13608586788178));
#8473=CARTESIAN_POINT('Ctrl Pts',(-7.83594846725464,5.,3.29297482967377));
#8474=CARTESIAN_POINT('Ctrl Pts',(-7.83594846725464,3.,3.29297482967377));
#8475=CARTESIAN_POINT('Ctrl Pts',(-7.62714095065414,5.,3.11844251469783));
#8476=CARTESIAN_POINT('Ctrl Pts',(-7.62714095065414,3.,3.11844251469783));
#8477=CARTESIAN_POINT('Ctrl Pts',(-7.19567690555563,5.,2.75780215152546));
#8478=CARTESIAN_POINT('Ctrl Pts',(-7.19567690555563,3.,2.75780215152546));
#8479=CARTESIAN_POINT('Ctrl Pts',(-6.63376610489178,5.,2.71598618651106));
#8480=CARTESIAN_POINT('Ctrl Pts',(-6.63376610489178,3.,2.71598618651106));
#8481=CARTESIAN_POINT('Ctrl Pts',(-6.34379267692566,5.,2.69440710544586));
#8482=CARTESIAN_POINT('Ctrl Pts',(-6.34379267692566,3.,2.69440710544586));
#8483=CARTESIAN_POINT('',(-7.83594846725464,3.,3.29297482967377));
#8484=CARTESIAN_POINT('',(-7.83594846725464,5.,3.29297482967377));
#8485=CARTESIAN_POINT('Ctrl Pts',(-7.83594846725464,3.,3.29297482967377));
#8486=CARTESIAN_POINT('Ctrl Pts',(-7.62714095065414,3.,3.11844251469783));
#8487=CARTESIAN_POINT('Ctrl Pts',(-7.19567690555563,3.,2.75780215152546));
#8488=CARTESIAN_POINT('Ctrl Pts',(-6.63376610489178,3.,2.71598618651106));
#8489=CARTESIAN_POINT('Ctrl Pts',(-6.34379267692566,3.,2.69440710544586));
#8490=CARTESIAN_POINT('Ctrl Pts',(-8.40381979942322,5.,4.89768207073212));
#8491=CARTESIAN_POINT('Ctrl Pts',(-8.40381979942322,3.,4.89768207073212));
#8492=CARTESIAN_POINT('Ctrl Pts',(-8.38582582935829,5.,4.58552695576007));
#8493=CARTESIAN_POINT('Ctrl Pts',(-8.38582582935829,3.,4.58552695576007));
#8494=CARTESIAN_POINT('Ctrl Pts',(-8.3517161358592,5.,3.99380010185001));
#8495=CARTESIAN_POINT('Ctrl Pts',(-8.3517161358592,3.,3.99380010185001));
#8496=CARTESIAN_POINT('Ctrl Pts',(-8.0014417495615,5.,3.51784715431917));
#8497=CARTESIAN_POINT('Ctrl Pts',(-8.0014417495615,3.,3.51784715431917));
#8498=CARTESIAN_POINT('Ctrl Pts',(-7.83594846725464,5.,3.29297482967377));
#8499=CARTESIAN_POINT('Ctrl Pts',(-7.83594846725464,3.,3.29297482967377));
#8500=CARTESIAN_POINT('',(-8.40381979942322,3.,4.89768207073212));
#8501=CARTESIAN_POINT('',(-8.40381979942322,5.,4.89768207073212));
#8502=CARTESIAN_POINT('Ctrl Pts',(-8.40381979942322,3.,4.89768207073212));
#8503=CARTESIAN_POINT('Ctrl Pts',(-8.38582582935829,3.,4.58552695576007));
#8504=CARTESIAN_POINT('Ctrl Pts',(-8.3517161358592,3.,3.99380010185001));
#8505=CARTESIAN_POINT('Ctrl Pts',(-8.0014417495615,3.,3.51784715431917));
#8506=CARTESIAN_POINT('Ctrl Pts',(-7.83594846725464,3.,3.29297482967377));
#8507=CARTESIAN_POINT('Ctrl Pts',(-8.2094132900238,5.,5.70259273052216));
#8508=CARTESIAN_POINT('Ctrl Pts',(-8.2094132900238,3.,5.70259273052216));
#8509=CARTESIAN_POINT('Ctrl Pts',(-8.26611487572369,5.,5.57494933892476));
#8510=CARTESIAN_POINT('Ctrl Pts',(-8.26611487572369,3.,5.57494933892476));
#8511=CARTESIAN_POINT('Ctrl Pts',(-8.38001971590098,5.,5.31853322745047));
#8512=CARTESIAN_POINT('Ctrl Pts',(-8.38001971590098,3.,5.31853322745047));
#8513=CARTESIAN_POINT('Ctrl Pts',(-8.3958631785687,5.,5.03837708497709));
#8514=CARTESIAN_POINT('Ctrl Pts',(-8.3958631785687,3.,5.03837708497709));
#8515=CARTESIAN_POINT('Ctrl Pts',(-8.40381979942322,5.,4.89768207073212));
#8516=CARTESIAN_POINT('Ctrl Pts',(-8.40381979942322,3.,4.89768207073212));
#8517=CARTESIAN_POINT('Ctrl Pts',(-8.2094132900238,3.,5.70259273052216));
#8518=CARTESIAN_POINT('Ctrl Pts',(-8.26611487572369,3.,5.57494933892476));
#8519=CARTESIAN_POINT('Ctrl Pts',(-8.38001971590098,3.,5.31853322745047));
#8520=CARTESIAN_POINT('Ctrl Pts',(-8.3958631785687,3.,5.03837708497709));
#8521=CARTESIAN_POINT('Ctrl Pts',(-8.40381979942322,3.,4.89768207073212));
#8522=CARTESIAN_POINT('Origin',(-5.42803441174328,3.,5.96046448864129E-7));
#8523=CARTESIAN_POINT('Origin',(-9.94542956352234,5.,1.40177428722382));
#8524=CARTESIAN_POINT('',(-9.94542956352234,3.,1.40177428722382));
#8525=CARTESIAN_POINT('',(-9.94542956352234,5.,1.40177428722382));
#8526=CARTESIAN_POINT('',(-12.2373807430267,3.,4.54979598522186));
#8527=CARTESIAN_POINT('',(-9.94542956352234,3.,1.40177428722382));
#8528=CARTESIAN_POINT('',(-12.2373807430267,5.,4.54979598522186));
#8529=CARTESIAN_POINT('Origin',(-11.1391544342041,5.,1.40177428722382));
#8530=CARTESIAN_POINT('',(-11.1391544342041,3.,1.40177428722382));
#8531=CARTESIAN_POINT('',(-11.1391544342041,5.,1.40177428722382));
#8532=CARTESIAN_POINT('',(-11.1391544342041,3.,1.40177428722382));
#8533=CARTESIAN_POINT('Origin',(-11.8451571464539,5.,2.41473495960236));
#8534=CARTESIAN_POINT('',(-11.8451571464539,3.,2.41473495960236));
#8535=CARTESIAN_POINT('',(-11.8451571464539,5.,2.41473495960236));
#8536=CARTESIAN_POINT('',(-11.8451571464539,3.,2.41473495960236));
#8537=CARTESIAN_POINT('Origin',(-12.3192358016968,5.,3.0763989686966));
#8538=CARTESIAN_POINT('',(-12.3192358016968,3.,3.0763989686966));
#8539=CARTESIAN_POINT('',(-12.3192358016968,5.,3.0763989686966));
#8540=CARTESIAN_POINT('',(-12.3192358016968,3.,3.0763989686966));
#8541=CARTESIAN_POINT('Ctrl Pts',(-12.6125514507294,5.,3.54706704616547));
#8542=CARTESIAN_POINT('Ctrl Pts',(-12.6125514507294,3.,3.54706704616547));
#8543=CARTESIAN_POINT('Ctrl Pts',(-12.5677388537038,5.,3.47048405880925));
#8544=CARTESIAN_POINT('Ctrl Pts',(-12.5677388537038,3.,3.47048405880925));
#8545=CARTESIAN_POINT('Ctrl Pts',(-12.4743421099102,5.,3.31087265211116));
#8546=CARTESIAN_POINT('Ctrl Pts',(-12.4743421099102,3.,3.31087265211116));
#8547=CARTESIAN_POINT('Ctrl Pts',(-12.3723113079362,5.,3.15663303261309));
#8548=CARTESIAN_POINT('Ctrl Pts',(-12.3723113079362,3.,3.15663303261309));
#8549=CARTESIAN_POINT('Ctrl Pts',(-12.3192358016968,5.,3.0763989686966));
#8550=CARTESIAN_POINT('Ctrl Pts',(-12.3192358016968,3.,3.0763989686966));
#8551=CARTESIAN_POINT('',(-12.6125514507294,3.,3.54706704616547));
#8552=CARTESIAN_POINT('',(-12.6125514507294,5.,3.54706704616547));
#8553=CARTESIAN_POINT('Ctrl Pts',(-12.6125514507294,3.,3.54706704616547));
#8554=CARTESIAN_POINT('Ctrl Pts',(-12.5677388537038,3.,3.47048405880925));
#8555=CARTESIAN_POINT('Ctrl Pts',(-12.4743421099102,3.,3.31087265211116));
#8556=CARTESIAN_POINT('Ctrl Pts',(-12.3723113079362,3.,3.15663303261309));
#8557=CARTESIAN_POINT('Ctrl Pts',(-12.3192358016968,3.,3.0763989686966));
#8558=CARTESIAN_POINT('Ctrl Pts',(-12.9092764854431,5.,2.81377971172333));
#8559=CARTESIAN_POINT('Ctrl Pts',(-12.9092764854431,3.,2.81377971172333));
#8560=CARTESIAN_POINT('Ctrl Pts',(-12.8458715935596,5.,2.95889277721653));
#8561=CARTESIAN_POINT('Ctrl Pts',(-12.8458715935596,3.,2.95889277721653));
#8562=CARTESIAN_POINT('Ctrl Pts',(-12.7402462934782,5.,3.2006345519147));
#8563=CARTESIAN_POINT('Ctrl Pts',(-12.7402462934782,3.,3.2006345519147));
#8564=CARTESIAN_POINT('Ctrl Pts',(-12.6490173613627,5.,3.44813606270625));
#8565=CARTESIAN_POINT('Ctrl Pts',(-12.6490173613627,3.,3.44813606270625));
#8566=CARTESIAN_POINT('Ctrl Pts',(-12.6125514507294,5.,3.54706704616547));
#8567=CARTESIAN_POINT('Ctrl Pts',(-12.6125514507294,3.,3.54706704616547));
#8568=CARTESIAN_POINT('',(-12.9092764854431,3.,2.81377971172333));
#8569=CARTESIAN_POINT('',(-12.9092764854431,5.,2.81377971172333));
#8570=CARTESIAN_POINT('Ctrl Pts',(-12.9092764854431,3.,2.81377971172333));
#8571=CARTESIAN_POINT('Ctrl Pts',(-12.8458715935596,3.,2.95889277721653));
#8572=CARTESIAN_POINT('Ctrl Pts',(-12.7402462934782,3.,3.2006345519147));
#8573=CARTESIAN_POINT('Ctrl Pts',(-12.6490173613627,3.,3.44813606270625));
#8574=CARTESIAN_POINT('Ctrl Pts',(-12.6125514507294,3.,3.54706704616547));
#8575=CARTESIAN_POINT('Origin',(-13.5300135612488,5.,1.40177428722382));
#8576=CARTESIAN_POINT('',(-13.5300135612488,3.,1.40177428722382));
#8577=CARTESIAN_POINT('',(-13.5300135612488,5.,1.40177428722382));
#8578=CARTESIAN_POINT('',(-13.5300135612488,3.,1.40177428722382));
#8579=CARTESIAN_POINT('Origin',(-14.6248292922974,5.,1.40177428722382));
#8580=CARTESIAN_POINT('',(-14.6248292922974,3.,1.40177428722382));
#8581=CARTESIAN_POINT('',(-14.6248292922974,5.,1.40177428722382));
#8582=CARTESIAN_POINT('',(-14.6248292922974,3.,1.40177428722382));
#8583=CARTESIAN_POINT('Origin',(-13.2469296455383,5.,4.45429861545563));
#8584=CARTESIAN_POINT('',(-13.2469296455383,3.,4.45429861545563));
#8585=CARTESIAN_POINT('',(-13.2469296455383,5.,4.45429861545563));
#8586=CARTESIAN_POINT('',(-13.2469296455383,3.,4.45429861545563));
#8587=CARTESIAN_POINT('Origin',(-13.6527967453003,5.,6.40177428722382));
#8588=CARTESIAN_POINT('',(-13.6527967453003,3.,6.40177428722382));
#8589=CARTESIAN_POINT('',(-13.6527967453003,5.,6.40177428722382));
#8590=CARTESIAN_POINT('',(-13.6527967453003,3.,6.40177428722382));
#8591=CARTESIAN_POINT('Origin',(-12.6261937618256,5.,6.40177428722382));
#8592=CARTESIAN_POINT('',(-12.6261937618256,3.,6.40177428722382));
#8593=CARTESIAN_POINT('',(-12.6261937618256,5.,6.40177428722382));
#8594=CARTESIAN_POINT('',(-12.6261937618256,3.,6.40177428722382));
#8595=CARTESIAN_POINT('Origin',(-12.2373807430267,5.,4.54979598522186));
#8596=CARTESIAN_POINT('',(-12.2373807430267,3.,4.54979598522186));
#8597=CARTESIAN_POINT('Origin',(-5.42803441174328,3.,5.96046448864129E-7));
#8598=CARTESIAN_POINT('Origin',(-20.8492496609688,5.,6.40177428722382));
#8599=CARTESIAN_POINT('',(-20.8492496609688,3.,6.40177428722382));
#8600=CARTESIAN_POINT('',(-20.8492496609688,5.,6.40177428722382));
#8601=CARTESIAN_POINT('',(-19.8635745048523,3.,2.25443422794342));
#8602=CARTESIAN_POINT('',(-20.8492496609688,3.,6.40177428722382));
#8603=CARTESIAN_POINT('',(-19.8635745048523,5.,2.25443422794342));
#8604=CARTESIAN_POINT('Origin',(-19.9113231897354,5.,6.40177428722382));
#8605=CARTESIAN_POINT('',(-19.9113231897354,3.,6.40177428722382));
#8606=CARTESIAN_POINT('',(-19.9113231897354,5.,6.40177428722382));
#8607=CARTESIAN_POINT('',(-19.9113231897354,3.,6.40177428722382));
#8608=CARTESIAN_POINT('Origin',(-18.8642561435699,5.,1.40177428722382));
#8609=CARTESIAN_POINT('',(-18.8642561435699,3.,1.40177428722382));
#8610=CARTESIAN_POINT('',(-18.8642561435699,5.,1.40177428722382));
#8611=CARTESIAN_POINT('',(-18.8642561435699,3.,1.40177428722382));
#8612=CARTESIAN_POINT('Origin',(-20.3478851914406,5.,1.40177428722382));
#8613=CARTESIAN_POINT('',(-20.3478851914406,3.,1.40177428722382));
#8614=CARTESIAN_POINT('',(-20.3478851914406,5.,1.40177428722382));
#8615=CARTESIAN_POINT('',(-20.3478851914406,3.,1.40177428722382));
#8616=CARTESIAN_POINT('Origin',(-22.0532059669495,5.,4.90450322628021));
#8617=CARTESIAN_POINT('',(-22.0532059669495,3.,4.90450322628021));
#8618=CARTESIAN_POINT('',(-22.0532059669495,5.,4.90450322628021));
#8619=CARTESIAN_POINT('',(-22.0532059669495,3.,4.90450322628021));
#8620=CARTESIAN_POINT('Origin',(-22.2066846489906,5.,1.40177428722382));
#8621=CARTESIAN_POINT('',(-22.2066846489906,3.,1.40177428722382));
#8622=CARTESIAN_POINT('',(-22.2066846489906,5.,1.40177428722382));
#8623=CARTESIAN_POINT('',(-22.2066846489906,3.,1.40177428722382));
#8624=CARTESIAN_POINT('Origin',(-23.6732605099678,5.,1.40177428722382));
#8625=CARTESIAN_POINT('',(-23.6732605099678,3.,1.40177428722382));
#8626=CARTESIAN_POINT('',(-23.6732605099678,5.,1.40177428722382));
#8627=CARTESIAN_POINT('',(-23.6732605099678,3.,1.40177428722382));
#8628=CARTESIAN_POINT('Origin',(-24.7169167734683,5.,6.40177428722382));
#8629=CARTESIAN_POINT('',(-24.7169167734683,3.,6.40177428722382));
#8630=CARTESIAN_POINT('Origin',(-22.8137789666653,5.,6.40177428722382));
#8631=CARTESIAN_POINT('',(-22.8137789666653,3.,6.40177428722382));
#8632=CARTESIAN_POINT('',(-22.8137789666653,5.,6.40177428722382));
#8633=CARTESIAN_POINT('',(-22.8137789666653,3.,6.40177428722382));
#8634=CARTESIAN_POINT('Origin',(-21.8383353948593,5.,6.40177428722382));
#8635=CARTESIAN_POINT('',(-21.8383353948593,3.,6.40177428722382));
#8636=CARTESIAN_POINT('',(-21.8383353948593,5.,6.40177428722382));
#8637=CARTESIAN_POINT('',(-21.8383353948593,3.,6.40177428722382));
#8638=CARTESIAN_POINT('Origin',(-19.8635745048523,5.,2.25443422794342));
#8639=CARTESIAN_POINT('',(-19.8635745048523,3.,2.25443422794342));
#8640=CARTESIAN_POINT('Origin',(-5.42803441174328,3.,5.96046448864129E-7));
#8641=CARTESIAN_POINT('Origin',(11.8758535385132,5.,-1.40177309513092));
#8642=CARTESIAN_POINT('',(11.8758535385132,3.,-1.40177309513092));
#8643=CARTESIAN_POINT('',(11.8758535385132,5.,-1.40177309513092));
#8644=CARTESIAN_POINT('',(12.8615283966064,3.,-5.54911285638809));
#8645=CARTESIAN_POINT('',(11.8758535385132,3.,-1.40177309513092));
#8646=CARTESIAN_POINT('',(12.8615283966064,5.,-5.54911285638809));
#8647=CARTESIAN_POINT('Origin',(12.8137803077698,5.,-1.40177309513092));
#8648=CARTESIAN_POINT('',(12.8137803077698,3.,-1.40177309513092));
#8649=CARTESIAN_POINT('',(12.8137803077698,5.,-1.40177309513092));
#8650=CARTESIAN_POINT('',(12.8137803077698,3.,-1.40177309513092));
#8651=CARTESIAN_POINT('Origin',(13.8608479499817,5.,-6.40177309513092));
#8652=CARTESIAN_POINT('',(13.8608479499817,3.,-6.40177309513092));
#8653=CARTESIAN_POINT('',(13.8608479499817,5.,-6.40177309513092));
#8654=CARTESIAN_POINT('',(13.8608479499817,3.,-6.40177309513092));
#8655=CARTESIAN_POINT('Origin',(12.3772192001343,5.,-6.40177309513092));
#8656=CARTESIAN_POINT('',(12.3772192001343,3.,-6.40177309513092));
#8657=CARTESIAN_POINT('',(12.3772192001343,5.,-6.40177309513092));
#8658=CARTESIAN_POINT('',(12.3772192001343,3.,-6.40177309513092));
#8659=CARTESIAN_POINT('Origin',(10.6718969345093,5.,-2.89904475212097));
#8660=CARTESIAN_POINT('',(10.6718969345093,3.,-2.89904475212097));
#8661=CARTESIAN_POINT('',(10.6718969345093,5.,-2.89904475212097));
#8662=CARTESIAN_POINT('',(10.6718969345093,3.,-2.89904475212097));
#8663=CARTESIAN_POINT('Origin',(10.5184197425842,5.,-6.40177309513092));
#8664=CARTESIAN_POINT('',(10.5184197425842,3.,-6.40177309513092));
#8665=CARTESIAN_POINT('',(10.5184197425842,5.,-6.40177309513092));
#8666=CARTESIAN_POINT('',(10.5184197425842,3.,-6.40177309513092));
#8667=CARTESIAN_POINT('Origin',(9.05184268951416,5.,-6.40177309513092));
#8668=CARTESIAN_POINT('',(9.05184268951416,3.,-6.40177309513092));
#8669=CARTESIAN_POINT('',(9.05184268951416,5.,-6.40177309513092));
#8670=CARTESIAN_POINT('',(9.05184268951416,3.,-6.40177309513092));
#8671=CARTESIAN_POINT('Origin',(8.00818681716919,5.,-1.40177309513092));
#8672=CARTESIAN_POINT('',(8.00818681716919,3.,-1.40177309513092));
#8673=CARTESIAN_POINT('',(8.00818681716919,5.,-1.40177309513092));
#8674=CARTESIAN_POINT('',(8.00818681716919,3.,-1.40177309513092));
#8675=CARTESIAN_POINT('Origin',(8.93588066101074,5.,-1.40177309513092));
#8676=CARTESIAN_POINT('',(8.93588066101074,3.,-1.40177309513092));
#8677=CARTESIAN_POINT('',(8.93588066101074,5.,-1.40177309513092));
#8678=CARTESIAN_POINT('',(8.93588066101074,3.,-1.40177309513092));
#8679=CARTESIAN_POINT('Origin',(9.73056077957153,5.,-5.57980865240097));
#8680=CARTESIAN_POINT('',(9.73056077957153,3.,-5.57980865240097));
#8681=CARTESIAN_POINT('',(9.73056077957153,5.,-5.57980865240097));
#8682=CARTESIAN_POINT('',(9.73056077957153,3.,-5.57980865240097));
#8683=CARTESIAN_POINT('Origin',(9.91132497787476,5.,-1.40177309513092));
#8684=CARTESIAN_POINT('',(9.91132497787476,3.,-1.40177309513092));
#8685=CARTESIAN_POINT('',(9.91132497787476,5.,-1.40177309513092));
#8686=CARTESIAN_POINT('',(9.91132497787476,3.,-1.40177309513092));
#8687=CARTESIAN_POINT('Origin',(10.8867692947388,5.,-1.40177309513092));
#8688=CARTESIAN_POINT('',(10.8867692947388,3.,-1.40177309513092));
#8689=CARTESIAN_POINT('',(10.8867692947388,5.,-1.40177309513092));
#8690=CARTESIAN_POINT('',(10.8867692947388,3.,-1.40177309513092));
#8691=CARTESIAN_POINT('Origin',(12.8615283966064,5.,-5.54911285638809));
#8692=CARTESIAN_POINT('',(12.8615283966064,3.,-5.54911285638809));
#8693=CARTESIAN_POINT('Origin',(-5.42803441174328,3.,5.96046448864129E-7));
#8694=CARTESIAN_POINT('Ctrl Pts',(0.572986602783203,5.,-5.62755703926086));
#8695=CARTESIAN_POINT('Ctrl Pts',(0.572986602783203,3.,-5.62755703926086));
#8696=CARTESIAN_POINT('Ctrl Pts',(0.33093412197851,5.,-5.59441666567442));
#8697=CARTESIAN_POINT('Ctrl Pts',(0.33093412197851,3.,-5.59441666567442));
#8698=CARTESIAN_POINT('Ctrl Pts',(-0.170606530756743,5.,-5.52574872827018));
#8699=CARTESIAN_POINT('Ctrl Pts',(-0.170606530756743,3.,-5.52574872827018));
#8700=CARTESIAN_POINT('Ctrl Pts',(-0.488609240780522,5.,-5.12981430211257));
#8701=CARTESIAN_POINT('Ctrl Pts',(-0.488609240780522,3.,-5.12981430211257));
#8702=CARTESIAN_POINT('Ctrl Pts',(-0.653138160705566,5.,-4.92496490478516));
#8703=CARTESIAN_POINT('Ctrl Pts',(-0.653138160705566,3.,-4.92496490478516));
#8704=CARTESIAN_POINT('',(0.572986602783203,5.,-5.62755703926086));
#8705=CARTESIAN_POINT('',(-0.653138160705566,5.,-4.92496490478516));
#8706=CARTESIAN_POINT('Ctrl Pts',(0.572986602783203,5.,-5.62755703926086));
#8707=CARTESIAN_POINT('Ctrl Pts',(0.33093412197851,5.,-5.59441666567442));
#8708=CARTESIAN_POINT('Ctrl Pts',(-0.170606530756743,5.,-5.52574872827018));
#8709=CARTESIAN_POINT('Ctrl Pts',(-0.488609240780522,5.,-5.12981430211257));
#8710=CARTESIAN_POINT('Ctrl Pts',(-0.653138160705566,5.,-4.92496490478516));
#8711=CARTESIAN_POINT('',(0.572986602783203,3.,-5.62755703926086));
#8712=CARTESIAN_POINT('',(0.572986602783203,5.,-5.62755703926086));
#8713=CARTESIAN_POINT('',(-0.653138160705566,3.,-4.92496490478516));
#8714=CARTESIAN_POINT('Ctrl Pts',(0.572986602783203,3.,-5.62755703926086));
#8715=CARTESIAN_POINT('Ctrl Pts',(0.33093412197851,3.,-5.59441666567442));
#8716=CARTESIAN_POINT('Ctrl Pts',(-0.170606530756743,3.,-5.52574872827018));
#8717=CARTESIAN_POINT('Ctrl Pts',(-0.488609240780522,3.,-5.12981430211257));
#8718=CARTESIAN_POINT('Ctrl Pts',(-0.653138160705566,3.,-4.92496490478516));
#8719=CARTESIAN_POINT('',(-0.653138160705566,5.,-4.92496490478516));
#8720=CARTESIAN_POINT('Ctrl Pts',(1.38130903244019,5.,-5.29160887002945));
#8721=CARTESIAN_POINT('Ctrl Pts',(1.38130903244019,3.,-5.29160887002945));
#8722=CARTESIAN_POINT('Ctrl Pts',(1.26695954835177,5.,-5.38958547888863));
#8723=CARTESIAN_POINT('Ctrl Pts',(1.26695954835177,3.,-5.38958547888863));
#8724=CARTESIAN_POINT('Ctrl Pts',(1.03423426913364,5.,-5.58898850930344));
#8725=CARTESIAN_POINT('Ctrl Pts',(1.03423426913364,3.,-5.58898850930344));
#8726=CARTESIAN_POINT('Ctrl Pts',(0.728498970147435,5.,-5.61455343222498));
#8727=CARTESIAN_POINT('Ctrl Pts',(0.728498970147435,3.,-5.61455343222498));
#8728=CARTESIAN_POINT('Ctrl Pts',(0.572986602783203,5.,-5.62755703926086));
#8729=CARTESIAN_POINT('Ctrl Pts',(0.572986602783203,3.,-5.62755703926086));
#8730=CARTESIAN_POINT('',(1.38130903244019,5.,-5.29160887002945));
#8731=CARTESIAN_POINT('Ctrl Pts',(1.38130903244019,5.,-5.29160887002945));
#8732=CARTESIAN_POINT('Ctrl Pts',(1.26695954835177,5.,-5.38958547888863));
#8733=CARTESIAN_POINT('Ctrl Pts',(1.03423426913364,5.,-5.58898850930344));
#8734=CARTESIAN_POINT('Ctrl Pts',(0.728498970147435,5.,-5.61455343222498));
#8735=CARTESIAN_POINT('Ctrl Pts',(0.572986602783203,5.,-5.62755703926086));
#8736=CARTESIAN_POINT('',(1.38130903244019,3.,-5.29160887002945));
#8737=CARTESIAN_POINT('',(1.38130903244019,5.,-5.29160887002945));
#8738=CARTESIAN_POINT('Ctrl Pts',(1.38130903244019,3.,-5.29160887002945));
#8739=CARTESIAN_POINT('Ctrl Pts',(1.26695954835177,3.,-5.38958547888863));
#8740=CARTESIAN_POINT('Ctrl Pts',(1.03423426913364,3.,-5.58898850930344));
#8741=CARTESIAN_POINT('Ctrl Pts',(0.728498970147435,3.,-5.61455343222498));
#8742=CARTESIAN_POINT('Ctrl Pts',(0.572986602783203,3.,-5.62755703926086));
#8743=CARTESIAN_POINT('Ctrl Pts',(1.69849872589111,5.,-4.3656200170517));
#8744=CARTESIAN_POINT('Ctrl Pts',(1.69849872589111,3.,-4.3656200170517));
#8745=CARTESIAN_POINT('Ctrl Pts',(1.68925155059368,5.,-4.54726864874849));
#8746=CARTESIAN_POINT('Ctrl Pts',(1.68925155059368,3.,-4.54726864874849));
#8747=CARTESIAN_POINT('Ctrl Pts',(1.67192971019445,5.,-4.88753348701354));
#8748=CARTESIAN_POINT('Ctrl Pts',(1.67192971019445,3.,-4.88753348701354));
#8749=CARTESIAN_POINT('Ctrl Pts',(1.4737101166928,5.,-5.16313554941448));
#8750=CARTESIAN_POINT('Ctrl Pts',(1.4737101166928,3.,-5.16313554941448));
#8751=CARTESIAN_POINT('Ctrl Pts',(1.38130903244019,5.,-5.29160887002945));
#8752=CARTESIAN_POINT('Ctrl Pts',(1.38130903244019,3.,-5.29160887002945));
#8753=CARTESIAN_POINT('',(1.69849872589111,5.,-4.3656200170517));
#8754=CARTESIAN_POINT('Ctrl Pts',(1.69849872589111,5.,-4.3656200170517));
#8755=CARTESIAN_POINT('Ctrl Pts',(1.68925155059368,5.,-4.54726864874849));
#8756=CARTESIAN_POINT('Ctrl Pts',(1.67192971019445,5.,-4.88753348701354));
#8757=CARTESIAN_POINT('Ctrl Pts',(1.4737101166928,5.,-5.16313554941448));
#8758=CARTESIAN_POINT('Ctrl Pts',(1.38130903244019,5.,-5.29160887002945));
#8759=CARTESIAN_POINT('',(1.69849872589111,3.,-4.3656200170517));
#8760=CARTESIAN_POINT('',(1.69849872589111,5.,-4.3656200170517));
#8761=CARTESIAN_POINT('Ctrl Pts',(1.69849872589111,3.,-4.3656200170517));
#8762=CARTESIAN_POINT('Ctrl Pts',(1.68925155059368,3.,-4.54726864874849));
#8763=CARTESIAN_POINT('Ctrl Pts',(1.67192971019445,3.,-4.88753348701354));
#8764=CARTESIAN_POINT('Ctrl Pts',(1.4737101166928,3.,-5.16313554941448));
#8765=CARTESIAN_POINT('Ctrl Pts',(1.38130903244019,3.,-5.29160887002945));
#8766=CARTESIAN_POINT('Ctrl Pts',(1.44781589508057,5.,-3.27933073043823));
#8767=CARTESIAN_POINT('Ctrl Pts',(1.44781589508057,3.,-3.27933073043823));
#8768=CARTESIAN_POINT('Ctrl Pts',(1.5209011603402,5.,-3.46043546363961));
#8769=CARTESIAN_POINT('Ctrl Pts',(1.5209011603402,3.,-3.46043546363961));
#8770=CARTESIAN_POINT('Ctrl Pts',(1.66178523302521,5.,-3.80954512760952));
#8771=CARTESIAN_POINT('Ctrl Pts',(1.66178523302521,3.,-3.80954512760952));
#8772=CARTESIAN_POINT('Ctrl Pts',(1.68657090971658,5.,-4.18495730852747));
#8773=CARTESIAN_POINT('Ctrl Pts',(1.68657090971658,3.,-4.18495730852747));
#8774=CARTESIAN_POINT('Ctrl Pts',(1.69849872589111,5.,-4.3656200170517));
#8775=CARTESIAN_POINT('Ctrl Pts',(1.69849872589111,3.,-4.3656200170517));
#8776=CARTESIAN_POINT('',(1.44781589508057,5.,-3.27933073043823));
#8777=CARTESIAN_POINT('Ctrl Pts',(1.44781589508057,5.,-3.27933073043823));
#8778=CARTESIAN_POINT('Ctrl Pts',(1.5209011603402,5.,-3.46043546363961));
#8779=CARTESIAN_POINT('Ctrl Pts',(1.66178523302521,5.,-3.80954512760952));
#8780=CARTESIAN_POINT('Ctrl Pts',(1.68657090971658,5.,-4.18495730852747));
#8781=CARTESIAN_POINT('Ctrl Pts',(1.69849872589111,5.,-4.3656200170517));
#8782=CARTESIAN_POINT('',(1.44781589508057,3.,-3.27933073043823));
#8783=CARTESIAN_POINT('',(1.44781589508057,5.,-3.27933073043823));
#8784=CARTESIAN_POINT('Ctrl Pts',(1.44781589508057,3.,-3.27933073043823));
#8785=CARTESIAN_POINT('Ctrl Pts',(1.5209011603402,3.,-3.46043546363961));
#8786=CARTESIAN_POINT('Ctrl Pts',(1.66178523302521,3.,-3.80954512760952));
#8787=CARTESIAN_POINT('Ctrl Pts',(1.68657090971658,3.,-4.18495730852747));
#8788=CARTESIAN_POINT('Ctrl Pts',(1.69849872589111,3.,-4.3656200170517));
#8789=CARTESIAN_POINT('Ctrl Pts',(0.813436508178711,5.,-2.44713485240936));
#8790=CARTESIAN_POINT('Ctrl Pts',(0.813436508178711,3.,-2.44713485240936));
#8791=CARTESIAN_POINT('Ctrl Pts',(0.93821918830403,5.,-2.5560548074215));
#8792=CARTESIAN_POINT('Ctrl Pts',(0.93821918830403,3.,-2.5560548074215));
#8793=CARTESIAN_POINT('Ctrl Pts',(1.20594875196085,5.,-2.78974983624788));
#8794=CARTESIAN_POINT('Ctrl Pts',(1.20594875196085,3.,-2.78974983624788));
#8795=CARTESIAN_POINT('Ctrl Pts',(1.36362758923946,5.,-3.10891905102438));
#8796=CARTESIAN_POINT('Ctrl Pts',(1.36362758923946,3.,-3.10891905102438));
#8797=CARTESIAN_POINT('Ctrl Pts',(1.44781589508057,5.,-3.27933073043823));
#8798=CARTESIAN_POINT('Ctrl Pts',(1.44781589508057,3.,-3.27933073043823));
#8799=CARTESIAN_POINT('',(0.813436508178711,5.,-2.44713485240936));
#8800=CARTESIAN_POINT('Ctrl Pts',(0.813436508178711,5.,-2.44713485240936));
#8801=CARTESIAN_POINT('Ctrl Pts',(0.93821918830403,5.,-2.5560548074215));
#8802=CARTESIAN_POINT('Ctrl Pts',(1.20594875196085,5.,-2.78974983624788));
#8803=CARTESIAN_POINT('Ctrl Pts',(1.36362758923946,5.,-3.10891905102438));
#8804=CARTESIAN_POINT('Ctrl Pts',(1.44781589508057,5.,-3.27933073043823));
#8805=CARTESIAN_POINT('',(0.813436508178711,3.,-2.44713485240936));
#8806=CARTESIAN_POINT('',(0.813436508178711,5.,-2.44713485240936));
#8807=CARTESIAN_POINT('Ctrl Pts',(0.813436508178711,3.,-2.44713485240936));
#8808=CARTESIAN_POINT('Ctrl Pts',(0.93821918830403,3.,-2.5560548074215));
#8809=CARTESIAN_POINT('Ctrl Pts',(1.20594875196085,3.,-2.78974983624788));
#8810=CARTESIAN_POINT('Ctrl Pts',(1.36362758923946,3.,-3.10891905102438));
#8811=CARTESIAN_POINT('Ctrl Pts',(1.44781589508057,3.,-3.27933073043823));
#8812=CARTESIAN_POINT('Ctrl Pts',(0.0136423110961914,5.,-2.17257797718048));
#8813=CARTESIAN_POINT('Ctrl Pts',(0.0136423110961914,3.,-2.17257797718048));
#8814=CARTESIAN_POINT('Ctrl Pts',(0.153004198485083,5.,-2.18548593403057));
#8815=CARTESIAN_POINT('Ctrl Pts',(0.153004198485083,3.,-2.18548593403057));
#8816=CARTESIAN_POINT('Ctrl Pts',(0.441457630882569,5.,-2.21220302669061));
#8817=CARTESIAN_POINT('Ctrl Pts',(0.441457630882569,3.,-2.21220302669061));
#8818=CARTESIAN_POINT('Ctrl Pts',(0.686686326162174,5.,-2.3670828562106));
#8819=CARTESIAN_POINT('Ctrl Pts',(0.686686326162174,3.,-2.3670828562106));
#8820=CARTESIAN_POINT('Ctrl Pts',(0.813436508178711,5.,-2.44713485240936));
#8821=CARTESIAN_POINT('Ctrl Pts',(0.813436508178711,3.,-2.44713485240936));
#8822=CARTESIAN_POINT('',(0.0136423110961914,5.,-2.17257797718048));
#8823=CARTESIAN_POINT('Ctrl Pts',(0.0136423110961914,5.,-2.17257797718048));
#8824=CARTESIAN_POINT('Ctrl Pts',(0.153004198485083,5.,-2.18548593403057));
#8825=CARTESIAN_POINT('Ctrl Pts',(0.441457630882569,5.,-2.21220302669061));
#8826=CARTESIAN_POINT('Ctrl Pts',(0.686686326162174,5.,-2.3670828562106));
#8827=CARTESIAN_POINT('Ctrl Pts',(0.813436508178711,5.,-2.44713485240936));
#8828=CARTESIAN_POINT('',(0.0136423110961914,3.,-2.17257797718048));
#8829=CARTESIAN_POINT('',(0.0136423110961914,5.,-2.17257797718048));
#8830=CARTESIAN_POINT('Ctrl Pts',(0.0136423110961914,3.,-2.17257797718048));
#8831=CARTESIAN_POINT('Ctrl Pts',(0.153004198485083,3.,-2.18548593403057));
#8832=CARTESIAN_POINT('Ctrl Pts',(0.441457630882569,3.,-2.21220302669061));
#8833=CARTESIAN_POINT('Ctrl Pts',(0.686686326162174,3.,-2.3670828562106));
#8834=CARTESIAN_POINT('Ctrl Pts',(0.813436508178711,3.,-2.44713485240936));
#8835=CARTESIAN_POINT('Ctrl Pts',(-0.811734199523926,5.,-2.52046346664429));
#8836=CARTESIAN_POINT('Ctrl Pts',(-0.811734199523926,3.,-2.52046346664429));
#8837=CARTESIAN_POINT('Ctrl Pts',(-0.696852935409527,5.,-2.41901474528899));
#8838=CARTESIAN_POINT('Ctrl Pts',(-0.696852935409527,3.,-2.41901474528899));
#8839=CARTESIAN_POINT('Ctrl Pts',(-0.461176719471181,5.,-2.21089507542714));
#8840=CARTESIAN_POINT('Ctrl Pts',(-0.461176719471181,3.,-2.21089507542714));
#8841=CARTESIAN_POINT('Ctrl Pts',(-0.14725637331221,5.,-2.18556223076204));
#8842=CARTESIAN_POINT('Ctrl Pts',(-0.14725637331221,3.,-2.18556223076204));
#8843=CARTESIAN_POINT('Ctrl Pts',(0.0136423110961914,5.,-2.17257797718048));
#8844=CARTESIAN_POINT('Ctrl Pts',(0.0136423110961914,3.,-2.17257797718048));
#8845=CARTESIAN_POINT('',(-0.811734199523926,5.,-2.52046346664429));
#8846=CARTESIAN_POINT('Ctrl Pts',(-0.811734199523926,5.,-2.52046346664429));
#8847=CARTESIAN_POINT('Ctrl Pts',(-0.696852935409527,5.,-2.41901474528899));
#8848=CARTESIAN_POINT('Ctrl Pts',(-0.461176719471181,5.,-2.21089507542714));
#8849=CARTESIAN_POINT('Ctrl Pts',(-0.14725637331221,5.,-2.18556223076204));
#8850=CARTESIAN_POINT('Ctrl Pts',(0.0136423110961914,5.,-2.17257797718048));
#8851=CARTESIAN_POINT('',(-0.811734199523926,3.,-2.52046346664429));
#8852=CARTESIAN_POINT('',(-0.811734199523926,5.,-2.52046346664429));
#8853=CARTESIAN_POINT('Ctrl Pts',(-0.811734199523926,3.,-2.52046346664429));
#8854=CARTESIAN_POINT('Ctrl Pts',(-0.696852935409527,3.,-2.41901474528899));
#8855=CARTESIAN_POINT('Ctrl Pts',(-0.461176719471181,3.,-2.21089507542714));
#8856=CARTESIAN_POINT('Ctrl Pts',(-0.14725637331221,3.,-2.18556223076204));
#8857=CARTESIAN_POINT('Ctrl Pts',(0.0136423110961914,3.,-2.17257797718048));
#8858=CARTESIAN_POINT('Ctrl Pts',(-1.12551212310791,5.,-3.38335573673248));
#8859=CARTESIAN_POINT('Ctrl Pts',(-1.12551212310791,3.,-3.38335573673248));
#8860=CARTESIAN_POINT('Ctrl Pts',(-1.11386191727469,5.,-3.22025910902571));
#8861=CARTESIAN_POINT('Ctrl Pts',(-1.11386191727469,3.,-3.22025910902571));
#8862=CARTESIAN_POINT('Ctrl Pts',(-1.09115577029985,5.,-2.90238524028668));
#8863=CARTESIAN_POINT('Ctrl Pts',(-1.09115577029985,3.,-2.90238524028668));
#8864=CARTESIAN_POINT('Ctrl Pts',(-0.903235306610135,5.,-2.64552992093257));
#8865=CARTESIAN_POINT('Ctrl Pts',(-0.903235306610135,3.,-2.64552992093257));
#8866=CARTESIAN_POINT('Ctrl Pts',(-0.811734199523926,5.,-2.52046346664429));
#8867=CARTESIAN_POINT('Ctrl Pts',(-0.811734199523926,3.,-2.52046346664429));
#8868=CARTESIAN_POINT('',(-1.12551212310791,5.,-3.38335573673248));
#8869=CARTESIAN_POINT('Ctrl Pts',(-1.12551212310791,5.,-3.38335573673248));
#8870=CARTESIAN_POINT('Ctrl Pts',(-1.11386191727469,5.,-3.22025910902571));
#8871=CARTESIAN_POINT('Ctrl Pts',(-1.09115577029985,5.,-2.90238524028668));
#8872=CARTESIAN_POINT('Ctrl Pts',(-0.903235306610135,5.,-2.64552992093257));
#8873=CARTESIAN_POINT('Ctrl Pts',(-0.811734199523926,5.,-2.52046346664429));
#8874=CARTESIAN_POINT('',(-1.12551212310791,3.,-3.38335573673248));
#8875=CARTESIAN_POINT('',(-1.12551212310791,5.,-3.38335573673248));
#8876=CARTESIAN_POINT('Ctrl Pts',(-1.12551212310791,3.,-3.38335573673248));
#8877=CARTESIAN_POINT('Ctrl Pts',(-1.11386191727469,3.,-3.22025910902571));
#8878=CARTESIAN_POINT('Ctrl Pts',(-1.09115577029985,3.,-2.90238524028668));
#8879=CARTESIAN_POINT('Ctrl Pts',(-0.903235306610135,3.,-2.64552992093257));
#8880=CARTESIAN_POINT('Ctrl Pts',(-0.811734199523926,3.,-2.52046346664429));
#8881=CARTESIAN_POINT('Ctrl Pts',(-0.653138160705566,5.,-4.92496490478516));
#8882=CARTESIAN_POINT('Ctrl Pts',(-0.653138160705566,3.,-4.92496490478516));
#8883=CARTESIAN_POINT('Ctrl Pts',(-0.790913670532891,5.,-4.68542181360633));
#8884=CARTESIAN_POINT('Ctrl Pts',(-0.790913670532891,3.,-4.68542181360633));
#8885=CARTESIAN_POINT('Ctrl Pts',(-1.06580217796306,5.,-4.20748750669007));
#8886=CARTESIAN_POINT('Ctrl Pts',(-1.06580217796306,3.,-4.20748750669007));
#8887=CARTESIAN_POINT('Ctrl Pts',(-1.1056408132571,5.,-3.65762458288528));
#8888=CARTESIAN_POINT('Ctrl Pts',(-1.1056408132571,3.,-3.65762458288528));
#8889=CARTESIAN_POINT('Ctrl Pts',(-1.12551212310791,5.,-3.38335573673248));
#8890=CARTESIAN_POINT('Ctrl Pts',(-1.12551212310791,3.,-3.38335573673248));
#8891=CARTESIAN_POINT('Ctrl Pts',(-0.653138160705566,5.,-4.92496490478516));
#8892=CARTESIAN_POINT('Ctrl Pts',(-0.790913670532891,5.,-4.68542181360633));
#8893=CARTESIAN_POINT('Ctrl Pts',(-1.06580217796306,5.,-4.20748750669007));
#8894=CARTESIAN_POINT('Ctrl Pts',(-1.1056408132571,5.,-3.65762458288528));
#8895=CARTESIAN_POINT('Ctrl Pts',(-1.12551212310791,5.,-3.38335573673248));
#8896=CARTESIAN_POINT('Ctrl Pts',(-0.653138160705566,3.,-4.92496490478516));
#8897=CARTESIAN_POINT('Ctrl Pts',(-0.790913670532891,3.,-4.68542181360633));
#8898=CARTESIAN_POINT('Ctrl Pts',(-1.06580217796306,3.,-4.20748750669007));
#8899=CARTESIAN_POINT('Ctrl Pts',(-1.1056408132571,3.,-3.65762458288528));
#8900=CARTESIAN_POINT('Ctrl Pts',(-1.12551212310791,3.,-3.38335573673248));
#8901=CARTESIAN_POINT('Ctrl Pts',(-1.27217054367065,5.,-1.63028597831726));
#8902=CARTESIAN_POINT('Ctrl Pts',(-1.27217054367065,3.,-1.63028597831726));
#8903=CARTESIAN_POINT('Ctrl Pts',(-1.41760202205028,5.,-1.73983366087966));
#8904=CARTESIAN_POINT('Ctrl Pts',(-1.41760202205028,3.,-1.73983366087966));
#8905=CARTESIAN_POINT('Ctrl Pts',(-1.69990463172109,5.,-1.95248086088975));
#8906=CARTESIAN_POINT('Ctrl Pts',(-1.69990463172109,3.,-1.95248086088975));
#8907=CARTESIAN_POINT('Ctrl Pts',(-1.86434035119132,5.,-2.26494423420044));
#8908=CARTESIAN_POINT('Ctrl Pts',(-1.86434035119132,3.,-2.26494423420044));
#8909=CARTESIAN_POINT('Ctrl Pts',(-1.94406509399414,5.,-2.41643846035004));
#8910=CARTESIAN_POINT('Ctrl Pts',(-1.94406509399414,3.,-2.41643846035004));
#8911=CARTESIAN_POINT('',(-1.27217054367065,3.,-1.63028597831726));
#8912=CARTESIAN_POINT('',(-1.27217054367065,5.,-1.63028597831726));
#8913=CARTESIAN_POINT('',(-1.94406509399414,3.,-2.41643846035004));
#8914=CARTESIAN_POINT('Ctrl Pts',(-1.27217054367065,3.,-1.63028597831726));
#8915=CARTESIAN_POINT('Ctrl Pts',(-1.41760202205028,3.,-1.73983366087966));
#8916=CARTESIAN_POINT('Ctrl Pts',(-1.69990463172109,3.,-1.95248086088975));
#8917=CARTESIAN_POINT('Ctrl Pts',(-1.86434035119132,3.,-2.26494423420044));
#8918=CARTESIAN_POINT('Ctrl Pts',(-1.94406509399414,3.,-2.41643846035004));
#8919=CARTESIAN_POINT('',(-1.94406509399414,5.,-2.41643846035004));
#8920=CARTESIAN_POINT('Ctrl Pts',(-0.0989103317260742,5.,-1.31309628486633));
#8921=CARTESIAN_POINT('Ctrl Pts',(-0.0989103317260742,3.,-1.31309628486633));
#8922=CARTESIAN_POINT('Ctrl Pts',(-0.317767943325395,5.,-1.32320611115937));
#8923=CARTESIAN_POINT('Ctrl Pts',(-0.317767943325395,3.,-1.32320611115937));
#8924=CARTESIAN_POINT('Ctrl Pts',(-0.733011451951286,5.,-1.34238771380431));
#8925=CARTESIAN_POINT('Ctrl Pts',(-0.733011451951286,3.,-1.34238771380431));
#8926=CARTESIAN_POINT('Ctrl Pts',(-1.09905388039579,5.,-1.53784575486454));
#8927=CARTESIAN_POINT('Ctrl Pts',(-1.09905388039579,3.,-1.53784575486454));
#8928=CARTESIAN_POINT('Ctrl Pts',(-1.27217054367065,5.,-1.63028597831726));
#8929=CARTESIAN_POINT('Ctrl Pts',(-1.27217054367065,3.,-1.63028597831726));
#8930=CARTESIAN_POINT('',(-0.0989103317260742,3.,-1.31309628486633));
#8931=CARTESIAN_POINT('',(-0.0989103317260742,5.,-1.31309628486633));
#8932=CARTESIAN_POINT('Ctrl Pts',(-0.0989103317260742,3.,-1.31309628486633));
#8933=CARTESIAN_POINT('Ctrl Pts',(-0.317767943325395,3.,-1.32320611115937));
#8934=CARTESIAN_POINT('Ctrl Pts',(-0.733011451951286,3.,-1.34238771380431));
#8935=CARTESIAN_POINT('Ctrl Pts',(-1.09905388039579,3.,-1.53784575486454));
#8936=CARTESIAN_POINT('Ctrl Pts',(-1.27217054367065,3.,-1.63028597831726));
#8937=CARTESIAN_POINT('Ctrl Pts',(1.34379148483276,5.,-1.71214163303375));
#8938=CARTESIAN_POINT('Ctrl Pts',(1.34379148483276,3.,-1.71214163303375));
#8939=CARTESIAN_POINT('Ctrl Pts',(1.12190960891941,5.,-1.5957636527981));
#8940=CARTESIAN_POINT('Ctrl Pts',(1.12190960891941,3.,-1.5957636527981));
#8941=CARTESIAN_POINT('Ctrl Pts',(0.67005781335598,5.,-1.35876547925617));
#8942=CARTESIAN_POINT('Ctrl Pts',(0.67005781335598,3.,-1.35876547925617));
#8943=CARTESIAN_POINT('Ctrl Pts',(0.160452986561035,5.,-1.32849993178747));
#8944=CARTESIAN_POINT('Ctrl Pts',(0.160452986561035,3.,-1.32849993178747));
#8945=CARTESIAN_POINT('Ctrl Pts',(-0.0989103317260742,5.,-1.31309628486633));
#8946=CARTESIAN_POINT('Ctrl Pts',(-0.0989103317260742,3.,-1.31309628486633));
#8947=CARTESIAN_POINT('',(1.34379148483276,3.,-1.71214163303375));
#8948=CARTESIAN_POINT('',(1.34379148483276,5.,-1.71214163303375));
#8949=CARTESIAN_POINT('Ctrl Pts',(1.34379148483276,3.,-1.71214163303375));
#8950=CARTESIAN_POINT('Ctrl Pts',(1.12190960891941,3.,-1.5957636527981));
#8951=CARTESIAN_POINT('Ctrl Pts',(0.67005781335598,3.,-1.35876547925617));
#8952=CARTESIAN_POINT('Ctrl Pts',(0.160452986561035,3.,-1.32849993178747));
#8953=CARTESIAN_POINT('Ctrl Pts',(-0.0989103317260742,3.,-1.31309628486633));
#8954=CARTESIAN_POINT('Ctrl Pts',(2.35334157943726,5.,-2.85129547119141));
#8955=CARTESIAN_POINT('Ctrl Pts',(2.35334157943726,3.,-2.85129547119141));
#8956=CARTESIAN_POINT('Ctrl Pts',(2.22116269679506,5.,-2.6205989097192));
#8957=CARTESIAN_POINT('Ctrl Pts',(2.22116269679506,3.,-2.6205989097192));
#8958=CARTESIAN_POINT('Ctrl Pts',(1.96335067986629,5.,-2.17063031698502));
#8959=CARTESIAN_POINT('Ctrl Pts',(1.96335067986629,3.,-2.17063031698502));
#8960=CARTESIAN_POINT('Ctrl Pts',(1.54678574177257,5.,-1.86236225837523));
#8961=CARTESIAN_POINT('Ctrl Pts',(1.54678574177257,3.,-1.86236225837523));
#8962=CARTESIAN_POINT('Ctrl Pts',(1.34379148483276,5.,-1.71214163303375));
#8963=CARTESIAN_POINT('Ctrl Pts',(1.34379148483276,3.,-1.71214163303375));
#8964=CARTESIAN_POINT('',(2.35334157943726,3.,-2.85129547119141));
#8965=CARTESIAN_POINT('',(2.35334157943726,5.,-2.85129547119141));
#8966=CARTESIAN_POINT('Ctrl Pts',(2.35334157943726,3.,-2.85129547119141));
#8967=CARTESIAN_POINT('Ctrl Pts',(2.22116269679506,3.,-2.6205989097192));
#8968=CARTESIAN_POINT('Ctrl Pts',(1.96335067986629,3.,-2.17063031698502));
#8969=CARTESIAN_POINT('Ctrl Pts',(1.54678574177257,3.,-1.86236225837523));
#8970=CARTESIAN_POINT('Ctrl Pts',(1.34379148483276,3.,-1.71214163303375));
#8971=CARTESIAN_POINT('Ctrl Pts',(2.72510051727295,5.,-4.38267320394516));
#8972=CARTESIAN_POINT('Ctrl Pts',(2.72510051727295,3.,-4.38267320394516));
#8973=CARTESIAN_POINT('Ctrl Pts',(2.70888681486725,5.,-4.11961761086683));
#8974=CARTESIAN_POINT('Ctrl Pts',(2.70888681486725,3.,-4.11961761086683));
#8975=CARTESIAN_POINT('Ctrl Pts',(2.67606935682704,5.,-3.58717809322426));
#8976=CARTESIAN_POINT('Ctrl Pts',(2.67606935682704,3.,-3.58717809322426));
#8977=CARTESIAN_POINT('Ctrl Pts',(2.4617665401741,5.,-3.09852564470222));
#8978=CARTESIAN_POINT('Ctrl Pts',(2.4617665401741,3.,-3.09852564470222));
#8979=CARTESIAN_POINT('Ctrl Pts',(2.35334157943726,5.,-2.85129547119141));
#8980=CARTESIAN_POINT('Ctrl Pts',(2.35334157943726,3.,-2.85129547119141));
#8981=CARTESIAN_POINT('',(2.72510051727295,3.,-4.38267320394516));
#8982=CARTESIAN_POINT('',(2.72510051727295,5.,-4.38267320394516));
#8983=CARTESIAN_POINT('Ctrl Pts',(2.72510051727295,3.,-4.38267320394516));
#8984=CARTESIAN_POINT('Ctrl Pts',(2.70888681486725,3.,-4.11961761086683));
#8985=CARTESIAN_POINT('Ctrl Pts',(2.67606935682704,3.,-3.58717809322426));
#8986=CARTESIAN_POINT('Ctrl Pts',(2.4617665401741,3.,-3.09852564470222));
#8987=CARTESIAN_POINT('Ctrl Pts',(2.35334157943726,3.,-2.85129547119141));
#8988=CARTESIAN_POINT('Ctrl Pts',(2.15381860733032,5.,-5.91064035892486));
#8989=CARTESIAN_POINT('Ctrl Pts',(2.15381860733032,3.,-5.91064035892486));
#8990=CARTESIAN_POINT('Ctrl Pts',(2.32035126352095,5.,-5.69635636042889));
#8991=CARTESIAN_POINT('Ctrl Pts',(2.32035126352095,3.,-5.69635636042889));
#8992=CARTESIAN_POINT('Ctrl Pts',(2.66893822556763,5.,-5.24781605752623));
#8993=CARTESIAN_POINT('Ctrl Pts',(2.66893822556763,3.,-5.24781605752623));
#8994=CARTESIAN_POINT('Ctrl Pts',(2.70583215717705,5.,-4.6794895113114));
#8995=CARTESIAN_POINT('Ctrl Pts',(2.70583215717705,3.,-4.6794895113114));
#8996=CARTESIAN_POINT('Ctrl Pts',(2.72510051727295,5.,-4.38267320394516));
#8997=CARTESIAN_POINT('Ctrl Pts',(2.72510051727295,3.,-4.38267320394516));
#8998=CARTESIAN_POINT('',(2.15381860733032,3.,-5.91064035892486));
#8999=CARTESIAN_POINT('',(2.15381860733032,5.,-5.91064035892486));
#9000=CARTESIAN_POINT('Ctrl Pts',(2.15381860733032,3.,-5.91064035892486));
#9001=CARTESIAN_POINT('Ctrl Pts',(2.32035126352095,3.,-5.69635636042889));
#9002=CARTESIAN_POINT('Ctrl Pts',(2.66893822556763,3.,-5.24781605752623));
#9003=CARTESIAN_POINT('Ctrl Pts',(2.70583215717705,3.,-4.6794895113114));
#9004=CARTESIAN_POINT('Ctrl Pts',(2.72510051727295,3.,-4.38267320394516));
#9005=CARTESIAN_POINT('Ctrl Pts',(0.654842853546143,5.,-6.48703873157501));
#9006=CARTESIAN_POINT('Ctrl Pts',(0.654842853546143,3.,-6.48703873157501));
#9007=CARTESIAN_POINT('Ctrl Pts',(0.945325731300279,5.,-6.46684008648656));
#9008=CARTESIAN_POINT('Ctrl Pts',(0.945325731300279,3.,-6.46684008648656));
#9009=CARTESIAN_POINT('Ctrl Pts',(1.50526798427411,5.,-6.42790465963701));
#9010=CARTESIAN_POINT('Ctrl Pts',(1.50526798427411,3.,-6.42790465963701));
#9011=CARTESIAN_POINT('Ctrl Pts',(1.94311484241525,5.,-6.07869128932504));
#9012=CARTESIAN_POINT('Ctrl Pts',(1.94311484241525,3.,-6.07869128932504));
#9013=CARTESIAN_POINT('Ctrl Pts',(2.15381860733032,5.,-5.91064035892486));
#9014=CARTESIAN_POINT('Ctrl Pts',(2.15381860733032,3.,-5.91064035892486));
#9015=CARTESIAN_POINT('',(0.654842853546143,3.,-6.48703873157501));
#9016=CARTESIAN_POINT('',(0.654842853546143,5.,-6.48703873157501));
#9017=CARTESIAN_POINT('Ctrl Pts',(0.654842853546143,3.,-6.48703873157501));
#9018=CARTESIAN_POINT('Ctrl Pts',(0.945325731300279,3.,-6.46684008648656));
#9019=CARTESIAN_POINT('Ctrl Pts',(1.50526798427411,3.,-6.42790465963701));
#9020=CARTESIAN_POINT('Ctrl Pts',(1.94311484241525,3.,-6.07869128932504));
#9021=CARTESIAN_POINT('Ctrl Pts',(2.15381860733032,3.,-5.91064035892486));
#9022=CARTESIAN_POINT('Ctrl Pts',(-0.57981014251709,5.,-6.20566070079803));
#9023=CARTESIAN_POINT('Ctrl Pts',(-0.57981014251709,3.,-6.20566070079803));
#9024=CARTESIAN_POINT('Ctrl Pts',(-0.389255365288013,5.,-6.2877051558651));
#9025=CARTESIAN_POINT('Ctrl Pts',(-0.389255365288013,3.,-6.2877051558651));
#9026=CARTESIAN_POINT('Ctrl Pts',(0.00469821221201983,5.,-6.45732413397582));
#9027=CARTESIAN_POINT('Ctrl Pts',(0.00469821221201983,3.,-6.45732413397582));
#9028=CARTESIAN_POINT('Ctrl Pts',(0.433468259636602,5.,-6.47692089539134));
#9029=CARTESIAN_POINT('Ctrl Pts',(0.433468259636602,3.,-6.47692089539134));
#9030=CARTESIAN_POINT('Ctrl Pts',(0.654842853546143,5.,-6.48703873157501));
#9031=CARTESIAN_POINT('Ctrl Pts',(0.654842853546143,3.,-6.48703873157501));
#9032=CARTESIAN_POINT('',(-0.57981014251709,3.,-6.20566070079803));
#9033=CARTESIAN_POINT('',(-0.57981014251709,5.,-6.20566070079803));
#9034=CARTESIAN_POINT('Ctrl Pts',(-0.57981014251709,3.,-6.20566070079803));
#9035=CARTESIAN_POINT('Ctrl Pts',(-0.389255365288013,3.,-6.2877051558651));
#9036=CARTESIAN_POINT('Ctrl Pts',(0.00469821221201983,3.,-6.45732413397582));
#9037=CARTESIAN_POINT('Ctrl Pts',(0.433468259636602,3.,-6.47692089539134));
#9038=CARTESIAN_POINT('Ctrl Pts',(0.654842853546143,3.,-6.48703873157501));
#9039=CARTESIAN_POINT('Ctrl Pts',(-1.47851467132568,5.,-5.43997168540955));
#9040=CARTESIAN_POINT('Ctrl Pts',(-1.47851467132568,3.,-5.43997168540955));
#9041=CARTESIAN_POINT('Ctrl Pts',(-1.35159527120824,5.,-5.59314497696554));
#9042=CARTESIAN_POINT('Ctrl Pts',(-1.35159527120824,3.,-5.59314497696554));
#9043=CARTESIAN_POINT('Ctrl Pts',(-1.0967039875431,5.,-5.90076175479299));
#9044=CARTESIAN_POINT('Ctrl Pts',(-1.0967039875431,3.,-5.90076175479299));
#9045=CARTESIAN_POINT('Ctrl Pts',(-0.752581734581508,5.,-6.10374833169756));
#9046=CARTESIAN_POINT('Ctrl Pts',(-0.752581734581508,3.,-6.10374833169756));
#9047=CARTESIAN_POINT('Ctrl Pts',(-0.57981014251709,5.,-6.20566070079803));
#9048=CARTESIAN_POINT('Ctrl Pts',(-0.57981014251709,3.,-6.20566070079803));
#9049=CARTESIAN_POINT('',(-1.47851467132568,3.,-5.43997168540955));
#9050=CARTESIAN_POINT('',(-1.47851467132568,5.,-5.43997168540955));
#9051=CARTESIAN_POINT('Ctrl Pts',(-1.47851467132568,3.,-5.43997168540955));
#9052=CARTESIAN_POINT('Ctrl Pts',(-1.35159527120824,3.,-5.59314497696554));
#9053=CARTESIAN_POINT('Ctrl Pts',(-1.0967039875431,3.,-5.90076175479299));
#9054=CARTESIAN_POINT('Ctrl Pts',(-0.752581734581508,3.,-6.10374833169756));
#9055=CARTESIAN_POINT('Ctrl Pts',(-0.57981014251709,3.,-6.20566070079803));
#9056=CARTESIAN_POINT('Ctrl Pts',(-2.00886726379395,5.,-4.29740697145462));
#9057=CARTESIAN_POINT('Ctrl Pts',(-2.00886726379395,3.,-4.29740697145462));
#9058=CARTESIAN_POINT('Ctrl Pts',(-1.94528367267095,5.,-4.50682241582326));
#9059=CARTESIAN_POINT('Ctrl Pts',(-1.94528367267095,3.,-4.50682241582326));
#9060=CARTESIAN_POINT('Ctrl Pts',(-1.82204121368186,5.,-4.91272705031238));
#9061=CARTESIAN_POINT('Ctrl Pts',(-1.82204121368186,3.,-4.91272705031238));
#9062=CARTESIAN_POINT('Ctrl Pts',(-1.59056637128492,5.,-5.26799470438264));
#9063=CARTESIAN_POINT('Ctrl Pts',(-1.59056637128492,3.,-5.26799470438264));
#9064=CARTESIAN_POINT('Ctrl Pts',(-1.47851467132568,5.,-5.43997168540955));
#9065=CARTESIAN_POINT('Ctrl Pts',(-1.47851467132568,3.,-5.43997168540955));
#9066=CARTESIAN_POINT('',(-2.00886726379395,3.,-4.29740697145462));
#9067=CARTESIAN_POINT('',(-2.00886726379395,5.,-4.29740697145462));
#9068=CARTESIAN_POINT('Ctrl Pts',(-2.00886726379395,3.,-4.29740697145462));
#9069=CARTESIAN_POINT('Ctrl Pts',(-1.94528367267095,3.,-4.50682241582326));
#9070=CARTESIAN_POINT('Ctrl Pts',(-1.82204121368186,3.,-4.91272705031238));
#9071=CARTESIAN_POINT('Ctrl Pts',(-1.59056637128492,3.,-5.26799470438264));
#9072=CARTESIAN_POINT('Ctrl Pts',(-1.47851467132568,3.,-5.43997168540955));
#9073=CARTESIAN_POINT('Ctrl Pts',(-2.1418833732605,5.,-3.36289167404175));
#9074=CARTESIAN_POINT('Ctrl Pts',(-2.1418833732605,3.,-3.36289167404175));
#9075=CARTESIAN_POINT('Ctrl Pts',(-2.13560785159594,5.,-3.51533839785878));
#9076=CARTESIAN_POINT('Ctrl Pts',(-2.13560785159594,3.,-3.51533839785878));
#9077=CARTESIAN_POINT('Ctrl Pts',(-2.12260407051097,5.,-3.8312298774208));
#9078=CARTESIAN_POINT('Ctrl Pts',(-2.12260407051097,3.,-3.8312298774208));
#9079=CARTESIAN_POINT('Ctrl Pts',(-2.04764940297684,5.,-4.13844923853992));
#9080=CARTESIAN_POINT('Ctrl Pts',(-2.04764940297684,3.,-4.13844923853992));
#9081=CARTESIAN_POINT('Ctrl Pts',(-2.00886726379395,5.,-4.29740697145462));
#9082=CARTESIAN_POINT('Ctrl Pts',(-2.00886726379395,3.,-4.29740697145462));
#9083=CARTESIAN_POINT('',(-2.1418833732605,3.,-3.36289167404175));
#9084=CARTESIAN_POINT('',(-2.1418833732605,5.,-3.36289167404175));
#9085=CARTESIAN_POINT('Ctrl Pts',(-2.1418833732605,3.,-3.36289167404175));
#9086=CARTESIAN_POINT('Ctrl Pts',(-2.13560785159594,3.,-3.51533839785878));
#9087=CARTESIAN_POINT('Ctrl Pts',(-2.12260407051097,3.,-3.8312298774208));
#9088=CARTESIAN_POINT('Ctrl Pts',(-2.04764940297684,3.,-4.13844923853992));
#9089=CARTESIAN_POINT('Ctrl Pts',(-2.00886726379395,3.,-4.29740697145462));
#9090=CARTESIAN_POINT('Ctrl Pts',(-1.94406509399414,5.,-2.41643846035004));
#9091=CARTESIAN_POINT('Ctrl Pts',(-1.94406509399414,3.,-2.41643846035004));
#9092=CARTESIAN_POINT('Ctrl Pts',(-2.00175725864082,5.,-2.57176257671707));
#9093=CARTESIAN_POINT('Ctrl Pts',(-2.00175725864082,3.,-2.57176257671707));
#9094=CARTESIAN_POINT('Ctrl Pts',(-2.11527490142989,5.,-2.87738514550545));
#9095=CARTESIAN_POINT('Ctrl Pts',(-2.11527490142989,3.,-2.87738514550545));
#9096=CARTESIAN_POINT('Ctrl Pts',(-2.13311165195047,5.,-3.20284009386708));
#9097=CARTESIAN_POINT('Ctrl Pts',(-2.13311165195047,3.,-3.20284009386708));
#9098=CARTESIAN_POINT('Ctrl Pts',(-2.1418833732605,5.,-3.36289167404175));
#9099=CARTESIAN_POINT('Ctrl Pts',(-2.1418833732605,3.,-3.36289167404175));
#9100=CARTESIAN_POINT('Ctrl Pts',(-1.94406509399414,3.,-2.41643846035004));
#9101=CARTESIAN_POINT('Ctrl Pts',(-2.00175725864082,3.,-2.57176257671707));
#9102=CARTESIAN_POINT('Ctrl Pts',(-2.11527490142989,3.,-2.87738514550545));
#9103=CARTESIAN_POINT('Ctrl Pts',(-2.13311165195047,3.,-3.20284009386708));
#9104=CARTESIAN_POINT('Ctrl Pts',(-2.1418833732605,3.,-3.36289167404175));
#9105=CARTESIAN_POINT('Origin',(-5.42803441174328,3.,5.96046448864129E-7));
#9106=CARTESIAN_POINT('Ctrl Pts',(-9.90450143814087,5.,-5.62755703926086));
#9107=CARTESIAN_POINT('Ctrl Pts',(-9.90450143814087,3.,-5.62755703926086));
#9108=CARTESIAN_POINT('Ctrl Pts',(-10.1465539189456,5.,-5.59441666567442));
#9109=CARTESIAN_POINT('Ctrl Pts',(-10.1465539189456,3.,-5.59441666567442));
#9110=CARTESIAN_POINT('Ctrl Pts',(-10.6480945716808,5.,-5.52574872827018));
#9111=CARTESIAN_POINT('Ctrl Pts',(-10.6480945716808,3.,-5.52574872827018));
#9112=CARTESIAN_POINT('Ctrl Pts',(-10.9660972817046,5.,-5.12981430211257));
#9113=CARTESIAN_POINT('Ctrl Pts',(-10.9660972817046,3.,-5.12981430211257));
#9114=CARTESIAN_POINT('Ctrl Pts',(-11.1306262016296,5.,-4.92496490478516));
#9115=CARTESIAN_POINT('Ctrl Pts',(-11.1306262016296,3.,-4.92496490478516));
#9116=CARTESIAN_POINT('',(-9.90450143814087,5.,-5.62755703926086));
#9117=CARTESIAN_POINT('',(-11.1306262016296,5.,-4.92496490478516));
#9118=CARTESIAN_POINT('Ctrl Pts',(-9.90450143814087,5.,-5.62755703926086));
#9119=CARTESIAN_POINT('Ctrl Pts',(-10.1465539189456,5.,-5.59441666567442));
#9120=CARTESIAN_POINT('Ctrl Pts',(-10.6480945716808,5.,-5.52574872827018));
#9121=CARTESIAN_POINT('Ctrl Pts',(-10.9660972817046,5.,-5.12981430211257));
#9122=CARTESIAN_POINT('Ctrl Pts',(-11.1306262016296,5.,-4.92496490478516));
#9123=CARTESIAN_POINT('',(-9.90450143814087,3.,-5.62755703926086));
#9124=CARTESIAN_POINT('',(-9.90450143814087,5.,-5.62755703926086));
#9125=CARTESIAN_POINT('',(-11.1306262016296,3.,-4.92496490478516));
#9126=CARTESIAN_POINT('Ctrl Pts',(-9.90450143814087,3.,-5.62755703926086));
#9127=CARTESIAN_POINT('Ctrl Pts',(-10.1465539189456,3.,-5.59441666567442));
#9128=CARTESIAN_POINT('Ctrl Pts',(-10.6480945716808,3.,-5.52574872827018));
#9129=CARTESIAN_POINT('Ctrl Pts',(-10.9660972817046,3.,-5.12981430211257));
#9130=CARTESIAN_POINT('Ctrl Pts',(-11.1306262016296,3.,-4.92496490478516));
#9131=CARTESIAN_POINT('',(-11.1306262016296,5.,-4.92496490478516));
#9132=CARTESIAN_POINT('Ctrl Pts',(-9.09617900848389,5.,-5.29160887002945));
#9133=CARTESIAN_POINT('Ctrl Pts',(-9.09617900848389,3.,-5.29160887002945));
#9134=CARTESIAN_POINT('Ctrl Pts',(-9.2105284925723,5.,-5.38958547888863));
#9135=CARTESIAN_POINT('Ctrl Pts',(-9.2105284925723,3.,-5.38958547888863));
#9136=CARTESIAN_POINT('Ctrl Pts',(-9.44325377179043,5.,-5.58898850930344));
#9137=CARTESIAN_POINT('Ctrl Pts',(-9.44325377179043,3.,-5.58898850930344));
#9138=CARTESIAN_POINT('Ctrl Pts',(-9.74898907077664,5.,-5.61455343222498));
#9139=CARTESIAN_POINT('Ctrl Pts',(-9.74898907077664,3.,-5.61455343222498));
#9140=CARTESIAN_POINT('Ctrl Pts',(-9.90450143814087,5.,-5.62755703926086));
#9141=CARTESIAN_POINT('Ctrl Pts',(-9.90450143814087,3.,-5.62755703926086));
#9142=CARTESIAN_POINT('',(-9.09617900848389,5.,-5.29160887002945));
#9143=CARTESIAN_POINT('Ctrl Pts',(-9.09617900848389,5.,-5.29160887002945));
#9144=CARTESIAN_POINT('Ctrl Pts',(-9.2105284925723,5.,-5.38958547888863));
#9145=CARTESIAN_POINT('Ctrl Pts',(-9.44325377179043,5.,-5.58898850930344));
#9146=CARTESIAN_POINT('Ctrl Pts',(-9.74898907077664,5.,-5.61455343222498));
#9147=CARTESIAN_POINT('Ctrl Pts',(-9.90450143814087,5.,-5.62755703926086));
#9148=CARTESIAN_POINT('',(-9.09617900848389,3.,-5.29160887002945));
#9149=CARTESIAN_POINT('',(-9.09617900848389,5.,-5.29160887002945));
#9150=CARTESIAN_POINT('Ctrl Pts',(-9.09617900848389,3.,-5.29160887002945));
#9151=CARTESIAN_POINT('Ctrl Pts',(-9.2105284925723,3.,-5.38958547888863));
#9152=CARTESIAN_POINT('Ctrl Pts',(-9.44325377179043,3.,-5.58898850930344));
#9153=CARTESIAN_POINT('Ctrl Pts',(-9.74898907077664,3.,-5.61455343222498));
#9154=CARTESIAN_POINT('Ctrl Pts',(-9.90450143814087,3.,-5.62755703926086));
#9155=CARTESIAN_POINT('Ctrl Pts',(-8.77898931503296,5.,-4.3656200170517));
#9156=CARTESIAN_POINT('Ctrl Pts',(-8.77898931503296,3.,-4.3656200170517));
#9157=CARTESIAN_POINT('Ctrl Pts',(-8.78823706216511,5.,-4.54726858648951));
#9158=CARTESIAN_POINT('Ctrl Pts',(-8.78823706216511,3.,-4.54726858648951));
#9159=CARTESIAN_POINT('Ctrl Pts',(-8.80555996044095,5.,-4.88753304715839));
#9160=CARTESIAN_POINT('Ctrl Pts',(-8.80555996044095,3.,-4.88753304715839));
#9161=CARTESIAN_POINT('Ctrl Pts',(-9.00377849774319,5.,-5.16313548653073));
#9162=CARTESIAN_POINT('Ctrl Pts',(-9.00377849774319,3.,-5.16313548653073));
#9163=CARTESIAN_POINT('Ctrl Pts',(-9.09617900848389,5.,-5.29160887002945));
#9164=CARTESIAN_POINT('Ctrl Pts',(-9.09617900848389,3.,-5.29160887002945));
#9165=CARTESIAN_POINT('',(-8.77898931503296,5.,-4.3656200170517));
#9166=CARTESIAN_POINT('Ctrl Pts',(-8.77898931503296,5.,-4.3656200170517));
#9167=CARTESIAN_POINT('Ctrl Pts',(-8.78823706216511,5.,-4.54726858648951));
#9168=CARTESIAN_POINT('Ctrl Pts',(-8.80555996044095,5.,-4.88753304715839));
#9169=CARTESIAN_POINT('Ctrl Pts',(-9.00377849774319,5.,-5.16313548653073));
#9170=CARTESIAN_POINT('Ctrl Pts',(-9.09617900848389,5.,-5.29160887002945));
#9171=CARTESIAN_POINT('',(-8.77898931503296,3.,-4.3656200170517));
#9172=CARTESIAN_POINT('',(-8.77898931503296,5.,-4.3656200170517));
#9173=CARTESIAN_POINT('Ctrl Pts',(-8.77898931503296,3.,-4.3656200170517));
#9174=CARTESIAN_POINT('Ctrl Pts',(-8.78823706216511,3.,-4.54726858648951));
#9175=CARTESIAN_POINT('Ctrl Pts',(-8.80555996044095,3.,-4.88753304715839));
#9176=CARTESIAN_POINT('Ctrl Pts',(-9.00377849774319,3.,-5.16313548653073));
#9177=CARTESIAN_POINT('Ctrl Pts',(-9.09617900848389,3.,-5.29160887002945));
#9178=CARTESIAN_POINT('Ctrl Pts',(-9.02967214584351,5.,-3.27933073043823));
#9179=CARTESIAN_POINT('Ctrl Pts',(-9.02967214584351,3.,-3.27933073043823));
#9180=CARTESIAN_POINT('Ctrl Pts',(-8.95658688058387,5.,-3.46043546363961));
#9181=CARTESIAN_POINT('Ctrl Pts',(-8.95658688058387,3.,-3.46043546363961));
#9182=CARTESIAN_POINT('Ctrl Pts',(-8.81570280789886,5.,-3.80954512760952));
#9183=CARTESIAN_POINT('Ctrl Pts',(-8.81570280789886,3.,-3.80954512760952));
#9184=CARTESIAN_POINT('Ctrl Pts',(-8.79091713120749,5.,-4.18495730852747));
#9185=CARTESIAN_POINT('Ctrl Pts',(-8.79091713120749,3.,-4.18495730852747));
#9186=CARTESIAN_POINT('Ctrl Pts',(-8.77898931503296,5.,-4.3656200170517));
#9187=CARTESIAN_POINT('Ctrl Pts',(-8.77898931503296,3.,-4.3656200170517));
#9188=CARTESIAN_POINT('',(-9.02967214584351,5.,-3.27933073043823));
#9189=CARTESIAN_POINT('Ctrl Pts',(-9.02967214584351,5.,-3.27933073043823));
#9190=CARTESIAN_POINT('Ctrl Pts',(-8.95658688058387,5.,-3.46043546363961));
#9191=CARTESIAN_POINT('Ctrl Pts',(-8.81570280789886,5.,-3.80954512760952));
#9192=CARTESIAN_POINT('Ctrl Pts',(-8.79091713120749,5.,-4.18495730852747));
#9193=CARTESIAN_POINT('Ctrl Pts',(-8.77898931503296,5.,-4.3656200170517));
#9194=CARTESIAN_POINT('',(-9.02967214584351,3.,-3.27933073043823));
#9195=CARTESIAN_POINT('',(-9.02967214584351,5.,-3.27933073043823));
#9196=CARTESIAN_POINT('Ctrl Pts',(-9.02967214584351,3.,-3.27933073043823));
#9197=CARTESIAN_POINT('Ctrl Pts',(-8.95658688058387,3.,-3.46043546363961));
#9198=CARTESIAN_POINT('Ctrl Pts',(-8.81570280789886,3.,-3.80954512760952));
#9199=CARTESIAN_POINT('Ctrl Pts',(-8.79091713120749,3.,-4.18495730852747));
#9200=CARTESIAN_POINT('Ctrl Pts',(-8.77898931503296,3.,-4.3656200170517));
#9201=CARTESIAN_POINT('Ctrl Pts',(-9.66405153274536,5.,-2.44713485240936));
#9202=CARTESIAN_POINT('Ctrl Pts',(-9.66405153274536,3.,-2.44713485240936));
#9203=CARTESIAN_POINT('Ctrl Pts',(-9.53926779475347,5.,-2.55605460466282));
#9204=CARTESIAN_POINT('Ctrl Pts',(-9.53926779475347,3.,-2.55605460466282));
#9205=CARTESIAN_POINT('Ctrl Pts',(-9.27153675941629,5.,-2.78974850187064));
#9206=CARTESIAN_POINT('Ctrl Pts',(-9.27153675941629,3.,-2.78974850187064));
#9207=CARTESIAN_POINT('Ctrl Pts',(-9.11385942840078,5.,-3.10891887562988));
#9208=CARTESIAN_POINT('Ctrl Pts',(-9.11385942840078,3.,-3.10891887562988));
#9209=CARTESIAN_POINT('Ctrl Pts',(-9.02967214584351,5.,-3.27933073043823));
#9210=CARTESIAN_POINT('Ctrl Pts',(-9.02967214584351,3.,-3.27933073043823));
#9211=CARTESIAN_POINT('',(-9.66405153274536,5.,-2.44713485240936));
#9212=CARTESIAN_POINT('Ctrl Pts',(-9.66405153274536,5.,-2.44713485240936));
#9213=CARTESIAN_POINT('Ctrl Pts',(-9.53926779475347,5.,-2.55605460466282));
#9214=CARTESIAN_POINT('Ctrl Pts',(-9.27153675941629,5.,-2.78974850187064));
#9215=CARTESIAN_POINT('Ctrl Pts',(-9.11385942840078,5.,-3.10891887562988));
#9216=CARTESIAN_POINT('Ctrl Pts',(-9.02967214584351,5.,-3.27933073043823));
#9217=CARTESIAN_POINT('',(-9.66405153274536,3.,-2.44713485240936));
#9218=CARTESIAN_POINT('',(-9.66405153274536,5.,-2.44713485240936));
#9219=CARTESIAN_POINT('Ctrl Pts',(-9.66405153274536,3.,-2.44713485240936));
#9220=CARTESIAN_POINT('Ctrl Pts',(-9.53926779475347,3.,-2.55605460466282));
#9221=CARTESIAN_POINT('Ctrl Pts',(-9.27153675941629,3.,-2.78974850187064));
#9222=CARTESIAN_POINT('Ctrl Pts',(-9.11385942840078,3.,-3.10891887562988));
#9223=CARTESIAN_POINT('Ctrl Pts',(-9.02967214584351,3.,-3.27933073043823));
#9224=CARTESIAN_POINT('Ctrl Pts',(-10.4638457298279,5.,-2.17257797718048));
#9225=CARTESIAN_POINT('Ctrl Pts',(-10.4638457298279,3.,-2.17257797718048));
#9226=CARTESIAN_POINT('Ctrl Pts',(-10.324482966306,5.,-2.18548571818492));
#9227=CARTESIAN_POINT('Ctrl Pts',(-10.324482966306,3.,-2.18548571818492));
#9228=CARTESIAN_POINT('Ctrl Pts',(-10.0360292786261,5.,-2.21220221976869));
#9229=CARTESIAN_POINT('Ctrl Pts',(-10.0360292786261,3.,-2.21220221976869));
#9230=CARTESIAN_POINT('Ctrl Pts',(-9.79080090732143,5.,-2.3670828477277));
#9231=CARTESIAN_POINT('Ctrl Pts',(-9.79080090732143,3.,-2.3670828477277));
#9232=CARTESIAN_POINT('Ctrl Pts',(-9.66405153274536,5.,-2.44713485240936));
#9233=CARTESIAN_POINT('Ctrl Pts',(-9.66405153274536,3.,-2.44713485240936));
#9234=CARTESIAN_POINT('',(-10.4638457298279,5.,-2.17257797718048));
#9235=CARTESIAN_POINT('Ctrl Pts',(-10.4638457298279,5.,-2.17257797718048));
#9236=CARTESIAN_POINT('Ctrl Pts',(-10.324482966306,5.,-2.18548571818492));
#9237=CARTESIAN_POINT('Ctrl Pts',(-10.0360292786261,5.,-2.21220221976869));
#9238=CARTESIAN_POINT('Ctrl Pts',(-9.79080090732143,5.,-2.3670828477277));
#9239=CARTESIAN_POINT('Ctrl Pts',(-9.66405153274536,5.,-2.44713485240936));
#9240=CARTESIAN_POINT('',(-10.4638457298279,3.,-2.17257797718048));
#9241=CARTESIAN_POINT('',(-10.4638457298279,5.,-2.17257797718048));
#9242=CARTESIAN_POINT('Ctrl Pts',(-10.4638457298279,3.,-2.17257797718048));
#9243=CARTESIAN_POINT('Ctrl Pts',(-10.324482966306,3.,-2.18548571818492));
#9244=CARTESIAN_POINT('Ctrl Pts',(-10.0360292786261,3.,-2.21220221976869));
#9245=CARTESIAN_POINT('Ctrl Pts',(-9.79080090732143,3.,-2.3670828477277));
#9246=CARTESIAN_POINT('Ctrl Pts',(-9.66405153274536,3.,-2.44713485240936));
#9247=CARTESIAN_POINT('Ctrl Pts',(-11.2892210483551,5.,-2.52046346664429));
#9248=CARTESIAN_POINT('Ctrl Pts',(-11.2892210483551,3.,-2.52046346664429));
#9249=CARTESIAN_POINT('Ctrl Pts',(-11.174340194275,5.,-2.41901474680548));
#9250=CARTESIAN_POINT('Ctrl Pts',(-11.174340194275,3.,-2.41901474680548));
#9251=CARTESIAN_POINT('Ctrl Pts',(-10.9386645580065,5.,-2.21089484912476));
#9252=CARTESIAN_POINT('Ctrl Pts',(-10.9386645580065,3.,-2.21089484912476));
#9253=CARTESIAN_POINT('Ctrl Pts',(-10.6247444579104,5.,-2.18556216313533));
#9254=CARTESIAN_POINT('Ctrl Pts',(-10.6247444579104,3.,-2.18556216313533));
#9255=CARTESIAN_POINT('Ctrl Pts',(-10.4638457298279,5.,-2.17257797718048));
#9256=CARTESIAN_POINT('Ctrl Pts',(-10.4638457298279,3.,-2.17257797718048));
#9257=CARTESIAN_POINT('',(-11.2892210483551,5.,-2.52046346664429));
#9258=CARTESIAN_POINT('Ctrl Pts',(-11.2892210483551,5.,-2.52046346664429));
#9259=CARTESIAN_POINT('Ctrl Pts',(-11.174340194275,5.,-2.41901474680548));
#9260=CARTESIAN_POINT('Ctrl Pts',(-10.9386645580065,5.,-2.21089484912476));
#9261=CARTESIAN_POINT('Ctrl Pts',(-10.6247444579104,5.,-2.18556216313533));
#9262=CARTESIAN_POINT('Ctrl Pts',(-10.4638457298279,5.,-2.17257797718048));
#9263=CARTESIAN_POINT('',(-11.2892210483551,3.,-2.52046346664429));
#9264=CARTESIAN_POINT('',(-11.2892210483551,5.,-2.52046346664429));
#9265=CARTESIAN_POINT('Ctrl Pts',(-11.2892210483551,3.,-2.52046346664429));
#9266=CARTESIAN_POINT('Ctrl Pts',(-11.174340194275,3.,-2.41901474680548));
#9267=CARTESIAN_POINT('Ctrl Pts',(-10.9386645580065,3.,-2.21089484912476));
#9268=CARTESIAN_POINT('Ctrl Pts',(-10.6247444579104,3.,-2.18556216313533));
#9269=CARTESIAN_POINT('Ctrl Pts',(-10.4638457298279,3.,-2.17257797718048));
#9270=CARTESIAN_POINT('Ctrl Pts',(-11.603000164032,5.,-3.38335573673248));
#9271=CARTESIAN_POINT('Ctrl Pts',(-11.603000164032,3.,-3.38335573673248));
#9272=CARTESIAN_POINT('Ctrl Pts',(-11.5913494703808,5.,-3.22025912223647));
#9273=CARTESIAN_POINT('Ctrl Pts',(-11.5913494703808,3.,-3.22025912223647));
#9274=CARTESIAN_POINT('Ctrl Pts',(-11.5686423771464,5.,-2.90238534214823));
#9275=CARTESIAN_POINT('Ctrl Pts',(-11.5686423771464,3.,-2.90238534214823));
#9276=CARTESIAN_POINT('Ctrl Pts',(-11.3807220633675,5.,-2.64552993674955));
#9277=CARTESIAN_POINT('Ctrl Pts',(-11.3807220633675,3.,-2.64552993674955));
#9278=CARTESIAN_POINT('Ctrl Pts',(-11.2892210483551,5.,-2.52046346664429));
#9279=CARTESIAN_POINT('Ctrl Pts',(-11.2892210483551,3.,-2.52046346664429));
#9280=CARTESIAN_POINT('',(-11.603000164032,5.,-3.38335573673248));
#9281=CARTESIAN_POINT('Ctrl Pts',(-11.603000164032,5.,-3.38335573673248));
#9282=CARTESIAN_POINT('Ctrl Pts',(-11.5913494703808,5.,-3.22025912223647));
#9283=CARTESIAN_POINT('Ctrl Pts',(-11.5686423771464,5.,-2.90238534214823));
#9284=CARTESIAN_POINT('Ctrl Pts',(-11.3807220633675,5.,-2.64552993674955));
#9285=CARTESIAN_POINT('Ctrl Pts',(-11.2892210483551,5.,-2.52046346664429));
#9286=CARTESIAN_POINT('',(-11.603000164032,3.,-3.38335573673248));
#9287=CARTESIAN_POINT('',(-11.603000164032,5.,-3.38335573673248));
#9288=CARTESIAN_POINT('Ctrl Pts',(-11.603000164032,3.,-3.38335573673248));
#9289=CARTESIAN_POINT('Ctrl Pts',(-11.5913494703808,3.,-3.22025912223647));
#9290=CARTESIAN_POINT('Ctrl Pts',(-11.5686423771464,3.,-2.90238534214823));
#9291=CARTESIAN_POINT('Ctrl Pts',(-11.3807220633675,3.,-2.64552993674955));
#9292=CARTESIAN_POINT('Ctrl Pts',(-11.2892210483551,3.,-2.52046346664429));
#9293=CARTESIAN_POINT('Ctrl Pts',(-11.1306262016296,5.,-4.92496490478516));
#9294=CARTESIAN_POINT('Ctrl Pts',(-11.1306262016296,3.,-4.92496490478516));
#9295=CARTESIAN_POINT('Ctrl Pts',(-11.268401711457,5.,-4.68542181360633));
#9296=CARTESIAN_POINT('Ctrl Pts',(-11.268401711457,3.,-4.68542181360633));
#9297=CARTESIAN_POINT('Ctrl Pts',(-11.5432902188871,5.,-4.20748750669007));
#9298=CARTESIAN_POINT('Ctrl Pts',(-11.5432902188871,3.,-4.20748750669007));
#9299=CARTESIAN_POINT('Ctrl Pts',(-11.5831288541812,5.,-3.65762458288528));
#9300=CARTESIAN_POINT('Ctrl Pts',(-11.5831288541812,3.,-3.65762458288528));
#9301=CARTESIAN_POINT('Ctrl Pts',(-11.603000164032,5.,-3.38335573673248));
#9302=CARTESIAN_POINT('Ctrl Pts',(-11.603000164032,3.,-3.38335573673248));
#9303=CARTESIAN_POINT('Ctrl Pts',(-11.1306262016296,5.,-4.92496490478516));
#9304=CARTESIAN_POINT('Ctrl Pts',(-11.268401711457,5.,-4.68542181360633));
#9305=CARTESIAN_POINT('Ctrl Pts',(-11.5432902188871,5.,-4.20748750669007));
#9306=CARTESIAN_POINT('Ctrl Pts',(-11.5831288541812,5.,-3.65762458288528));
#9307=CARTESIAN_POINT('Ctrl Pts',(-11.603000164032,5.,-3.38335573673248));
#9308=CARTESIAN_POINT('Ctrl Pts',(-11.1306262016296,3.,-4.92496490478516));
#9309=CARTESIAN_POINT('Ctrl Pts',(-11.268401711457,3.,-4.68542181360633));
#9310=CARTESIAN_POINT('Ctrl Pts',(-11.5432902188871,3.,-4.20748750669007));
#9311=CARTESIAN_POINT('Ctrl Pts',(-11.5831288541812,3.,-3.65762458288528));
#9312=CARTESIAN_POINT('Ctrl Pts',(-11.603000164032,3.,-3.38335573673248));
#9313=CARTESIAN_POINT('Ctrl Pts',(-11.7496573925018,5.,-1.63028597831726));
#9314=CARTESIAN_POINT('Ctrl Pts',(-11.7496573925018,3.,-1.63028597831726));
#9315=CARTESIAN_POINT('Ctrl Pts',(-11.8950892536244,5.,-1.73983364230174));
#9316=CARTESIAN_POINT('Ctrl Pts',(-11.8950892536244,3.,-1.73983364230174));
#9317=CARTESIAN_POINT('Ctrl Pts',(-12.1773925479356,5.,-1.95248076232209));
#9318=CARTESIAN_POINT('Ctrl Pts',(-12.1773925479356,3.,-1.95248076232209));
#9319=CARTESIAN_POINT('Ctrl Pts',(-12.3418291660233,5.,-2.26494422440994));
#9320=CARTESIAN_POINT('Ctrl Pts',(-12.3418291660233,3.,-2.26494422440994));
#9321=CARTESIAN_POINT('Ctrl Pts',(-12.4215543270111,5.,-2.41643846035004));
#9322=CARTESIAN_POINT('Ctrl Pts',(-12.4215543270111,3.,-2.41643846035004));
#9323=CARTESIAN_POINT('',(-11.7496573925018,3.,-1.63028597831726));
#9324=CARTESIAN_POINT('',(-11.7496573925018,5.,-1.63028597831726));
#9325=CARTESIAN_POINT('',(-12.4215543270111,3.,-2.41643846035004));
#9326=CARTESIAN_POINT('Ctrl Pts',(-11.7496573925018,3.,-1.63028597831726));
#9327=CARTESIAN_POINT('Ctrl Pts',(-11.8950892536244,3.,-1.73983364230174));
#9328=CARTESIAN_POINT('Ctrl Pts',(-12.1773925479356,3.,-1.95248076232209));
#9329=CARTESIAN_POINT('Ctrl Pts',(-12.3418291660233,3.,-2.26494422440994));
#9330=CARTESIAN_POINT('Ctrl Pts',(-12.4215543270111,3.,-2.41643846035004));
#9331=CARTESIAN_POINT('',(-12.4215543270111,5.,-2.41643846035004));
#9332=CARTESIAN_POINT('Ctrl Pts',(-10.5763971805573,5.,-1.31309628486633));
#9333=CARTESIAN_POINT('Ctrl Pts',(-10.5763971805573,3.,-1.31309628486633));
#9334=CARTESIAN_POINT('Ctrl Pts',(-10.7952552269255,5.,-1.32320599650139));
#9335=CARTESIAN_POINT('Ctrl Pts',(-10.7952552269255,3.,-1.32320599650139));
#9336=CARTESIAN_POINT('Ctrl Pts',(-11.2104988342769,5.,-1.3423873480591));
#9337=CARTESIAN_POINT('Ctrl Pts',(-11.2104988342769,3.,-1.3423873480591));
#9338=CARTESIAN_POINT('Ctrl Pts',(-11.5765411295803,5.,-1.53784575973927));
#9339=CARTESIAN_POINT('Ctrl Pts',(-11.5765411295803,3.,-1.53784575973927));
#9340=CARTESIAN_POINT('Ctrl Pts',(-11.7496573925018,5.,-1.63028597831726));
#9341=CARTESIAN_POINT('Ctrl Pts',(-11.7496573925018,3.,-1.63028597831726));
#9342=CARTESIAN_POINT('',(-10.5763971805573,3.,-1.31309628486633));
#9343=CARTESIAN_POINT('',(-10.5763971805573,5.,-1.31309628486633));
#9344=CARTESIAN_POINT('Ctrl Pts',(-10.5763971805573,3.,-1.31309628486633));
#9345=CARTESIAN_POINT('Ctrl Pts',(-10.7952552269255,3.,-1.32320599650139));
#9346=CARTESIAN_POINT('Ctrl Pts',(-11.2104988342769,3.,-1.3423873480591));
#9347=CARTESIAN_POINT('Ctrl Pts',(-11.5765411295803,3.,-1.53784575973927));
#9348=CARTESIAN_POINT('Ctrl Pts',(-11.7496573925018,3.,-1.63028597831726));
#9349=CARTESIAN_POINT('Ctrl Pts',(-9.13369655609131,5.,-1.71214163303375));
#9350=CARTESIAN_POINT('Ctrl Pts',(-9.13369655609131,3.,-1.71214163303375));
#9351=CARTESIAN_POINT('Ctrl Pts',(-9.35557762820797,5.,-1.59576365539118));
#9352=CARTESIAN_POINT('Ctrl Pts',(-9.35557762820797,3.,-1.59576365539118));
#9353=CARTESIAN_POINT('Ctrl Pts',(-9.80742881583304,5.,-1.35876494743672));
#9354=CARTESIAN_POINT('Ctrl Pts',(-9.80742881583304,3.,-1.35876494743672));
#9355=CARTESIAN_POINT('Ctrl Pts',(-10.3170334105412,5.,-1.32849977483967));
#9356=CARTESIAN_POINT('Ctrl Pts',(-10.3170334105412,3.,-1.32849977483967));
#9357=CARTESIAN_POINT('Ctrl Pts',(-10.5763971805573,5.,-1.31309628486633));
#9358=CARTESIAN_POINT('Ctrl Pts',(-10.5763971805573,3.,-1.31309628486633));
#9359=CARTESIAN_POINT('',(-9.13369655609131,3.,-1.71214163303375));
#9360=CARTESIAN_POINT('',(-9.13369655609131,5.,-1.71214163303375));
#9361=CARTESIAN_POINT('Ctrl Pts',(-9.13369655609131,3.,-1.71214163303375));
#9362=CARTESIAN_POINT('Ctrl Pts',(-9.35557762820797,3.,-1.59576365539118));
#9363=CARTESIAN_POINT('Ctrl Pts',(-9.80742881583304,3.,-1.35876494743672));
#9364=CARTESIAN_POINT('Ctrl Pts',(-10.3170334105412,3.,-1.32849977483967));
#9365=CARTESIAN_POINT('Ctrl Pts',(-10.5763971805573,3.,-1.31309628486633));
#9366=CARTESIAN_POINT('Ctrl Pts',(-8.12414646148682,5.,-2.85129547119141));
#9367=CARTESIAN_POINT('Ctrl Pts',(-8.12414646148682,3.,-2.85129547119141));
#9368=CARTESIAN_POINT('Ctrl Pts',(-8.25632583102217,5.,-2.62059898678242));
#9369=CARTESIAN_POINT('Ctrl Pts',(-8.25632583102217,3.,-2.62059898678242));
#9370=CARTESIAN_POINT('Ctrl Pts',(-8.51413853937766,5.,-2.17063099508562));
#9371=CARTESIAN_POINT('Ctrl Pts',(-8.51413853937766,3.,-2.17063099508562));
#9372=CARTESIAN_POINT('Ctrl Pts',(-8.93070282905762,5.,-1.86236237410637));
#9373=CARTESIAN_POINT('Ctrl Pts',(-8.93070282905762,3.,-1.86236237410637));
#9374=CARTESIAN_POINT('Ctrl Pts',(-9.13369655609131,5.,-1.71214163303375));
#9375=CARTESIAN_POINT('Ctrl Pts',(-9.13369655609131,3.,-1.71214163303375));
#9376=CARTESIAN_POINT('',(-8.12414646148682,3.,-2.85129547119141));
#9377=CARTESIAN_POINT('',(-8.12414646148682,5.,-2.85129547119141));
#9378=CARTESIAN_POINT('Ctrl Pts',(-8.12414646148682,3.,-2.85129547119141));
#9379=CARTESIAN_POINT('Ctrl Pts',(-8.25632583102217,3.,-2.62059898678242));
#9380=CARTESIAN_POINT('Ctrl Pts',(-8.51413853937766,3.,-2.17063099508562));
#9381=CARTESIAN_POINT('Ctrl Pts',(-8.93070282905762,3.,-1.86236237410637));
#9382=CARTESIAN_POINT('Ctrl Pts',(-9.13369655609131,3.,-1.71214163303375));
#9383=CARTESIAN_POINT('Ctrl Pts',(-7.75238633155823,5.,-4.38267320394516));
#9384=CARTESIAN_POINT('Ctrl Pts',(-7.75238633155823,3.,-4.38267320394516));
#9385=CARTESIAN_POINT('Ctrl Pts',(-7.76859995352219,5.,-4.11961758057988));
#9386=CARTESIAN_POINT('Ctrl Pts',(-7.76859995352219,3.,-4.11961758057988));
#9387=CARTESIAN_POINT('Ctrl Pts',(-7.80141725730522,5.,-3.58717786273031));
#9388=CARTESIAN_POINT('Ctrl Pts',(-7.80141725730522,3.,-3.58717786273031));
#9389=CARTESIAN_POINT('Ctrl Pts',(-8.01572100305719,5.,-3.09852560908746));
#9390=CARTESIAN_POINT('Ctrl Pts',(-8.01572100305719,3.,-3.09852560908746));
#9391=CARTESIAN_POINT('Ctrl Pts',(-8.12414646148682,5.,-2.85129547119141));
#9392=CARTESIAN_POINT('Ctrl Pts',(-8.12414646148682,3.,-2.85129547119141));
#9393=CARTESIAN_POINT('',(-7.75238633155823,3.,-4.38267320394516));
#9394=CARTESIAN_POINT('',(-7.75238633155823,5.,-4.38267320394516));
#9395=CARTESIAN_POINT('Ctrl Pts',(-7.75238633155823,3.,-4.38267320394516));
#9396=CARTESIAN_POINT('Ctrl Pts',(-7.76859995352219,3.,-4.11961758057988));
#9397=CARTESIAN_POINT('Ctrl Pts',(-7.80141725730522,3.,-3.58717786273031));
#9398=CARTESIAN_POINT('Ctrl Pts',(-8.01572100305719,3.,-3.09852560908746));
#9399=CARTESIAN_POINT('Ctrl Pts',(-8.12414646148682,3.,-2.85129547119141));
#9400=CARTESIAN_POINT('Ctrl Pts',(-8.32366943359375,5.,-5.91064035892486));
#9401=CARTESIAN_POINT('Ctrl Pts',(-8.32366943359375,3.,-5.91064035892486));
#9402=CARTESIAN_POINT('Ctrl Pts',(-8.15713512121352,5.,-5.69635655352864));
#9403=CARTESIAN_POINT('Ctrl Pts',(-8.15713512121352,3.,-5.69635655352864));
#9404=CARTESIAN_POINT('Ctrl Pts',(-7.80854521528914,5.,-5.24781732760839));
#9405=CARTESIAN_POINT('Ctrl Pts',(-7.80854521528914,3.,-5.24781732760839));
#9406=CARTESIAN_POINT('Ctrl Pts',(-7.77165350506794,5.,-4.67948967952536));
#9407=CARTESIAN_POINT('Ctrl Pts',(-7.77165350506794,3.,-4.67948967952536));
#9408=CARTESIAN_POINT('Ctrl Pts',(-7.75238633155823,5.,-4.38267320394516));
#9409=CARTESIAN_POINT('Ctrl Pts',(-7.75238633155823,3.,-4.38267320394516));
#9410=CARTESIAN_POINT('',(-8.32366943359375,3.,-5.91064035892486));
#9411=CARTESIAN_POINT('',(-8.32366943359375,5.,-5.91064035892486));
#9412=CARTESIAN_POINT('Ctrl Pts',(-8.32366943359375,3.,-5.91064035892486));
#9413=CARTESIAN_POINT('Ctrl Pts',(-8.15713512121352,3.,-5.69635655352864));
#9414=CARTESIAN_POINT('Ctrl Pts',(-7.80854521528914,3.,-5.24781732760839));
#9415=CARTESIAN_POINT('Ctrl Pts',(-7.77165350506794,3.,-4.67948967952536));
#9416=CARTESIAN_POINT('Ctrl Pts',(-7.75238633155823,3.,-4.38267320394516));
#9417=CARTESIAN_POINT('Ctrl Pts',(-9.82264518737793,5.,-6.48703873157501));
#9418=CARTESIAN_POINT('Ctrl Pts',(-9.82264518737793,3.,-6.48703873157501));
#9419=CARTESIAN_POINT('Ctrl Pts',(-9.53216184691013,5.,-6.46684022846166));
#9420=CARTESIAN_POINT('Ctrl Pts',(-9.53216184691013,3.,-6.46684022846166));
#9421=CARTESIAN_POINT('Ctrl Pts',(-8.97221941456153,5.,-6.42790512483445));
#9422=CARTESIAN_POINT('Ctrl Pts',(-8.97221941456153,3.,-6.42790512483445));
#9423=CARTESIAN_POINT('Ctrl Pts',(-8.53437279475921,5.,-6.07869128481801));
#9424=CARTESIAN_POINT('Ctrl Pts',(-8.53437279475921,3.,-6.07869128481801));
#9425=CARTESIAN_POINT('Ctrl Pts',(-8.32366943359375,5.,-5.91064035892486));
#9426=CARTESIAN_POINT('Ctrl Pts',(-8.32366943359375,3.,-5.91064035892486));
#9427=CARTESIAN_POINT('',(-9.82264518737793,3.,-6.48703873157501));
#9428=CARTESIAN_POINT('',(-9.82264518737793,5.,-6.48703873157501));
#9429=CARTESIAN_POINT('Ctrl Pts',(-9.82264518737793,3.,-6.48703873157501));
#9430=CARTESIAN_POINT('Ctrl Pts',(-9.53216184691013,3.,-6.46684022846166));
#9431=CARTESIAN_POINT('Ctrl Pts',(-8.97221941456153,3.,-6.42790512483445));
#9432=CARTESIAN_POINT('Ctrl Pts',(-8.53437279475921,3.,-6.07869128481801));
#9433=CARTESIAN_POINT('Ctrl Pts',(-8.32366943359375,3.,-5.91064035892486));
#9434=CARTESIAN_POINT('Ctrl Pts',(-11.0572981834412,5.,-6.20566070079803));
#9435=CARTESIAN_POINT('Ctrl Pts',(-11.0572981834412,3.,-6.20566070079803));
#9436=CARTESIAN_POINT('Ctrl Pts',(-10.8667434062121,5.,-6.2877051558651));
#9437=CARTESIAN_POINT('Ctrl Pts',(-10.8667434062121,3.,-6.2877051558651));
#9438=CARTESIAN_POINT('Ctrl Pts',(-10.4727898287121,5.,-6.45732413397582));
#9439=CARTESIAN_POINT('Ctrl Pts',(-10.4727898287121,3.,-6.45732413397582));
#9440=CARTESIAN_POINT('Ctrl Pts',(-10.0440197812875,5.,-6.47692089539134));
#9441=CARTESIAN_POINT('Ctrl Pts',(-10.0440197812875,3.,-6.47692089539134));
#9442=CARTESIAN_POINT('Ctrl Pts',(-9.82264518737793,5.,-6.48703873157501));
#9443=CARTESIAN_POINT('Ctrl Pts',(-9.82264518737793,3.,-6.48703873157501));
#9444=CARTESIAN_POINT('',(-11.0572981834412,3.,-6.20566070079803));
#9445=CARTESIAN_POINT('',(-11.0572981834412,5.,-6.20566070079803));
#9446=CARTESIAN_POINT('Ctrl Pts',(-11.0572981834412,3.,-6.20566070079803));
#9447=CARTESIAN_POINT('Ctrl Pts',(-10.8667434062121,3.,-6.2877051558651));
#9448=CARTESIAN_POINT('Ctrl Pts',(-10.4727898287121,3.,-6.45732413397582));
#9449=CARTESIAN_POINT('Ctrl Pts',(-10.0440197812875,3.,-6.47692089539134));
#9450=CARTESIAN_POINT('Ctrl Pts',(-9.82264518737793,3.,-6.48703873157501));
#9451=CARTESIAN_POINT('Ctrl Pts',(-11.9560015201569,5.,-5.43997168540955));
#9452=CARTESIAN_POINT('Ctrl Pts',(-11.9560015201569,3.,-5.43997168540955));
#9453=CARTESIAN_POINT('Ctrl Pts',(-11.8290825553078,5.,-5.59314500848993));
#9454=CARTESIAN_POINT('Ctrl Pts',(-11.8290825553078,3.,-5.59314500848993));
#9455=CARTESIAN_POINT('Ctrl Pts',(-11.5741919703375,5.,-5.9007620613726));
#9456=CARTESIAN_POINT('Ctrl Pts',(-11.5741919703375,3.,-5.9007620613726));
#9457=CARTESIAN_POINT('Ctrl Pts',(-11.2300698345993,5.,-6.10374838785324));
#9458=CARTESIAN_POINT('Ctrl Pts',(-11.2300698345993,3.,-6.10374838785324));
#9459=CARTESIAN_POINT('Ctrl Pts',(-11.0572981834412,5.,-6.20566070079803));
#9460=CARTESIAN_POINT('Ctrl Pts',(-11.0572981834412,3.,-6.20566070079803));
#9461=CARTESIAN_POINT('',(-11.9560015201569,3.,-5.43997168540955));
#9462=CARTESIAN_POINT('',(-11.9560015201569,5.,-5.43997168540955));
#9463=CARTESIAN_POINT('Ctrl Pts',(-11.9560015201569,3.,-5.43997168540955));
#9464=CARTESIAN_POINT('Ctrl Pts',(-11.8290825553078,3.,-5.59314500848993));
#9465=CARTESIAN_POINT('Ctrl Pts',(-11.5741919703375,3.,-5.9007620613726));
#9466=CARTESIAN_POINT('Ctrl Pts',(-11.2300698345993,3.,-6.10374838785324));
#9467=CARTESIAN_POINT('Ctrl Pts',(-11.0572981834412,3.,-6.20566070079803));
#9468=CARTESIAN_POINT('Ctrl Pts',(-12.4863564968109,5.,-4.29740697145462));
#9469=CARTESIAN_POINT('Ctrl Pts',(-12.4863564968109,3.,-4.29740697145462));
#9470=CARTESIAN_POINT('Ctrl Pts',(-12.422772502697,5.,-4.50682243307071));
#9471=CARTESIAN_POINT('Ctrl Pts',(-12.422772502697,3.,-4.50682243307071));
#9472=CARTESIAN_POINT('Ctrl Pts',(-12.2995292403262,5.,-4.91272717435252));
#9473=CARTESIAN_POINT('Ctrl Pts',(-12.2995292403262,3.,-4.91272717435252));
#9474=CARTESIAN_POINT('Ctrl Pts',(-12.0680536188399,5.,-5.26799472252013));
#9475=CARTESIAN_POINT('Ctrl Pts',(-12.0680536188399,3.,-5.26799472252013));
#9476=CARTESIAN_POINT('Ctrl Pts',(-11.9560015201569,5.,-5.43997168540955));
#9477=CARTESIAN_POINT('Ctrl Pts',(-11.9560015201569,3.,-5.43997168540955));
#9478=CARTESIAN_POINT('',(-12.4863564968109,3.,-4.29740697145462));
#9479=CARTESIAN_POINT('',(-12.4863564968109,5.,-4.29740697145462));
#9480=CARTESIAN_POINT('Ctrl Pts',(-12.4863564968109,3.,-4.29740697145462));
#9481=CARTESIAN_POINT('Ctrl Pts',(-12.422772502697,3.,-4.50682243307071));
#9482=CARTESIAN_POINT('Ctrl Pts',(-12.2995292403262,3.,-4.91272717435252));
#9483=CARTESIAN_POINT('Ctrl Pts',(-12.0680536188399,3.,-5.26799472252013));
#9484=CARTESIAN_POINT('Ctrl Pts',(-11.9560015201569,3.,-5.43997168540955));
#9485=CARTESIAN_POINT('Ctrl Pts',(-12.6193714141846,5.,-3.36289167404175));
#9486=CARTESIAN_POINT('Ctrl Pts',(-12.6193714141846,3.,-3.36289167404175));
#9487=CARTESIAN_POINT('Ctrl Pts',(-12.61309638387,5.,-3.51533840463003));
#9488=CARTESIAN_POINT('Ctrl Pts',(-12.61309638387,3.,-3.51533840463003));
#9489=CARTESIAN_POINT('Ctrl Pts',(-12.600093619653,5.,-3.8312299293102));
#9490=CARTESIAN_POINT('Ctrl Pts',(-12.600093619653,3.,-3.8312299293102));
#9491=CARTESIAN_POINT('Ctrl Pts',(-12.5251387461325,5.,-4.1384492466178));
#9492=CARTESIAN_POINT('Ctrl Pts',(-12.5251387461325,3.,-4.1384492466178));
#9493=CARTESIAN_POINT('Ctrl Pts',(-12.4863564968109,5.,-4.29740697145462));
#9494=CARTESIAN_POINT('Ctrl Pts',(-12.4863564968109,3.,-4.29740697145462));
#9495=CARTESIAN_POINT('',(-12.6193714141846,3.,-3.36289167404175));
#9496=CARTESIAN_POINT('',(-12.6193714141846,5.,-3.36289167404175));
#9497=CARTESIAN_POINT('Ctrl Pts',(-12.6193714141846,3.,-3.36289167404175));
#9498=CARTESIAN_POINT('Ctrl Pts',(-12.61309638387,3.,-3.51533840463003));
#9499=CARTESIAN_POINT('Ctrl Pts',(-12.600093619653,3.,-3.8312299293102));
#9500=CARTESIAN_POINT('Ctrl Pts',(-12.5251387461325,3.,-4.1384492466178));
#9501=CARTESIAN_POINT('Ctrl Pts',(-12.4863564968109,3.,-4.29740697145462));
#9502=CARTESIAN_POINT('Ctrl Pts',(-12.4215543270111,5.,-2.41643846035004));
#9503=CARTESIAN_POINT('Ctrl Pts',(-12.4215543270111,3.,-2.41643846035004));
#9504=CARTESIAN_POINT('Ctrl Pts',(-12.4792465959371,5.,-2.57176256576027));
#9505=CARTESIAN_POINT('Ctrl Pts',(-12.4792465959371,3.,-2.57176256576027));
#9506=CARTESIAN_POINT('Ctrl Pts',(-12.5927644295018,5.,-2.87738507419658));
#9507=CARTESIAN_POINT('Ctrl Pts',(-12.5927644295018,3.,-2.87738507419658));
#9508=CARTESIAN_POINT('Ctrl Pts',(-12.6106001838974,5.,-3.20284008443317));
#9509=CARTESIAN_POINT('Ctrl Pts',(-12.6106001838974,3.,-3.20284008443317));
#9510=CARTESIAN_POINT('Ctrl Pts',(-12.6193714141846,5.,-3.36289167404175));
#9511=CARTESIAN_POINT('Ctrl Pts',(-12.6193714141846,3.,-3.36289167404175));
#9512=CARTESIAN_POINT('Ctrl Pts',(-12.4215543270111,3.,-2.41643846035004));
#9513=CARTESIAN_POINT('Ctrl Pts',(-12.4792465959371,3.,-2.57176256576027));
#9514=CARTESIAN_POINT('Ctrl Pts',(-12.5927644295018,3.,-2.87738507419658));
#9515=CARTESIAN_POINT('Ctrl Pts',(-12.6106001838974,3.,-3.20284008443317));
#9516=CARTESIAN_POINT('Ctrl Pts',(-12.6193714141846,3.,-3.36289167404175));
#9517=CARTESIAN_POINT('Origin',(-5.42803441174328,3.,5.96046448864129E-7));
#9518=CARTESIAN_POINT('Origin',(-20.1739427447319,5.,-5.35129576921463));
#9519=CARTESIAN_POINT('',(-20.1739427447319,5.,-5.35129576921463));
#9520=CARTESIAN_POINT('',(-21.3813096284866,5.,-3.33901703357696));
#9521=CARTESIAN_POINT('',(-18.684295976142,5.,-7.83404111893207));
#9522=CARTESIAN_POINT('',(-20.1739427447319,3.,-5.35129576921463));
#9523=CARTESIAN_POINT('',(-20.1739427447319,5.,-5.35129576921463));
#9524=CARTESIAN_POINT('',(-21.3813096284866,3.,-3.33901703357696));
#9525=CARTESIAN_POINT('',(-20.1739427447319,3.,-5.35129576921463));
#9526=CARTESIAN_POINT('',(-21.3813096284866,5.,-3.33901703357696));
#9527=CARTESIAN_POINT('Origin',(-19.8840379714966,5.,-3.33901703357696));
#9528=CARTESIAN_POINT('',(-19.8840379714966,5.,-3.33901703357696));
#9529=CARTESIAN_POINT('',(-19.4462497518772,5.,-0.300253941746907));
#9530=CARTESIAN_POINT('',(-19.8840379714966,3.,-3.33901703357696));
#9531=CARTESIAN_POINT('',(-19.8840379714966,5.,-3.33901703357696));
#9532=CARTESIAN_POINT('',(-19.8840379714966,3.,-3.33901703357696));
#9533=CARTESIAN_POINT('Origin',(-21.3813096284866,5.,-3.33901703357696));
#9534=CARTESIAN_POINT('',(-10.6906548142433,5.,-3.33901703357696));
#9535=CARTESIAN_POINT('',(-21.3813096284866,3.,-3.33901703357696));
#9536=CARTESIAN_POINT('Origin',(-18.6152797937393,5.,-1.40177309513092));
#9537=CARTESIAN_POINT('',(-18.6152797937393,3.,-1.40177309513092));
#9538=CARTESIAN_POINT('',(-18.6152797937393,5.,-1.40177309513092));
#9539=CARTESIAN_POINT('',(-19.5907229185104,3.,-1.40177309513092));
#9540=CARTESIAN_POINT('',(-18.6152797937393,3.,-1.40177309513092));
#9541=CARTESIAN_POINT('',(-19.5907229185104,5.,-1.40177309513092));
#9542=CARTESIAN_POINT('Origin',(-19.4270122051239,5.,-6.40177309513092));
#9543=CARTESIAN_POINT('',(-19.4270122051239,3.,-6.40177309513092));
#9544=CARTESIAN_POINT('',(-19.4270122051239,5.,-6.40177309513092));
#9545=CARTESIAN_POINT('',(-19.4270122051239,3.,-6.40177309513092));
#9546=CARTESIAN_POINT('Origin',(-20.5695772171021,5.,-6.40177309513092));
#9547=CARTESIAN_POINT('',(-20.5695772171021,3.,-6.40177309513092));
#9548=CARTESIAN_POINT('',(-20.5695772171021,5.,-6.40177309513092));
#9549=CARTESIAN_POINT('',(-20.5695772171021,3.,-6.40177309513092));
#9550=CARTESIAN_POINT('Origin',(-23.3969986438751,5.,-1.40177309513092));
#9551=CARTESIAN_POINT('',(-23.3969986438751,3.,-1.40177309513092));
#9552=CARTESIAN_POINT('',(-23.3969986438751,5.,-1.40177309513092));
#9553=CARTESIAN_POINT('',(-23.3969986438751,3.,-1.40177309513092));
#9554=CARTESIAN_POINT('Origin',(-22.3396998643875,5.,-1.40177309513092));
#9555=CARTESIAN_POINT('',(-22.3396998643875,3.,-1.40177309513092));
#9556=CARTESIAN_POINT('',(-22.3396998643875,5.,-1.40177309513092));
#9557=CARTESIAN_POINT('',(-22.3396998643875,3.,-1.40177309513092));
#9558=CARTESIAN_POINT('Origin',(-21.7394268512726,5.,-2.50682055950165));
#9559=CARTESIAN_POINT('',(-21.7394268512726,3.,-2.50682055950165));
#9560=CARTESIAN_POINT('',(-21.7394268512726,5.,-2.50682055950165));
#9561=CARTESIAN_POINT('',(-21.7394268512726,3.,-2.50682055950165));
#9562=CARTESIAN_POINT('Origin',(-19.757844209671,5.,-2.50682055950165));
#9563=CARTESIAN_POINT('',(-19.757844209671,3.,-2.50682055950165));
#9564=CARTESIAN_POINT('',(-19.757844209671,5.,-2.50682055950165));
#9565=CARTESIAN_POINT('',(-19.757844209671,3.,-2.50682055950165));
#9566=CARTESIAN_POINT('Origin',(-19.5907229185104,5.,-1.40177309513092));
#9567=CARTESIAN_POINT('',(-19.5907229185104,3.,-1.40177309513092));
#9568=CARTESIAN_POINT('Origin',(-5.42803441174328,3.,5.96046448864129E-7));
#9569=CARTESIAN_POINT('Origin',(-4.44089209850063E-15,5.,1.11022302462516E-15));
#9570=CARTESIAN_POINT('Origin',(-4.44089209850063E-15,5.,1.11022302462516E-15));
#9571=CARTESIAN_POINT('Origin',(-4.44089209850063E-15,5.,1.11022302462516E-15));
#9572=CARTESIAN_POINT('Origin',(-4.44089209850063E-15,5.,1.11022302462516E-15));
#9573=CARTESIAN_POINT('Origin',(-4.44089209850063E-15,5.,1.11022302462516E-15));
#9574=CARTESIAN_POINT('Origin',(-4.44089209850063E-15,5.,1.11022302462516E-15));
#9575=CARTESIAN_POINT('Origin',(20.,0.,1.11022302462516E-15));
#9576=CARTESIAN_POINT('',(16.9999999552965,0.,1.47761706984396E-15));
#9577=UNCERTAINTY_MEASURE_WITH_UNIT(LENGTH_MEASURE(0.01),#9581,
'DISTANCE_ACCURACY_VALUE',
'Maximum model space distance between geometric entities at asserted c
onnectivities');
#9578=UNCERTAINTY_MEASURE_WITH_UNIT(LENGTH_MEASURE(0.01),#9581,
'DISTANCE_ACCURACY_VALUE',
'Maximum model space distance between geometric entities at asserted c
onnectivities');
#9579=(
GEOMETRIC_REPRESENTATION_CONTEXT(3)
GLOBAL_UNCERTAINTY_ASSIGNED_CONTEXT((#9577))
GLOBAL_UNIT_ASSIGNED_CONTEXT((#9581,#9583,#9584))
REPRESENTATION_CONTEXT('','3D')
);
#9580=(
GEOMETRIC_REPRESENTATION_CONTEXT(3)
GLOBAL_UNCERTAINTY_ASSIGNED_CONTEXT((#9578))
GLOBAL_UNIT_ASSIGNED_CONTEXT((#9581,#9583,#9584))
REPRESENTATION_CONTEXT('','3D')
);
#9581=(
LENGTH_UNIT()
NAMED_UNIT(*)
SI_UNIT(.MILLI.,.METRE.)
);
#9582=(
LENGTH_UNIT()
NAMED_UNIT(*)
SI_UNIT($,.METRE.)
);
#9583=(
NAMED_UNIT(*)
PLANE_ANGLE_UNIT()
SI_UNIT($,.RADIAN.)
);
#9584=(
NAMED_UNIT(*)
SI_UNIT($,.STERADIAN.)
SOLID_ANGLE_UNIT()
);
#9585=SHAPE_DEFINITION_REPRESENTATION(#9586,#9587);
#9586=PRODUCT_DEFINITION_SHAPE('',$,#9589);
#9587=SHAPE_REPRESENTATION('',(#4928),#9579);
#9588=PRODUCT_DEFINITION_CONTEXT('part definition',#9593,'design');
#9589=PRODUCT_DEFINITION('2026-09-01-12-04-11-128','FusionComponent',#9590,
#9588);
#9590=PRODUCT_DEFINITION_FORMATION('',$,#9595);
#9591=PRODUCT_RELATED_PRODUCT_CATEGORY('FusionComponent',
'FusionComponent',(#9595));
#9592=APPLICATION_PROTOCOL_DEFINITION('international standard',
'automotive_design',2009,#9593);
#9593=APPLICATION_CONTEXT(
'Core Data for Automotive Mechanical Design Process');
#9594=PRODUCT_CONTEXT('part definition',#9593,'mechanical');
#9595=PRODUCT('2026-09-01-12-04-11-128','FusionComponent',$,(#9594));
#9596=PRESENTATION_STYLE_ASSIGNMENT((#9597));
#9597=SURFACE_STYLE_USAGE(.BOTH.,#9598);
#9598=SURFACE_SIDE_STYLE('',(#9599));
#9599=SURFACE_STYLE_FILL_AREA(#9600);
#9600=FILL_AREA_STYLE('Acier - Satin\X\E9',(#9601));
#9601=FILL_AREA_STYLE_COLOUR('Acier - Satin\X\E9',#9602);
#9602=COLOUR_RGB('Acier - Satin\X\E9',0.627450980392157,0.627450980392157,
0.627450980392157);
ENDSEC;
END-ISO-10303-21;
